date,station,city,lat,lon,h_m,q,nsat,dN_m,dE_m,dU_m,r3d_m,status,duration_s
2025-01-01,AMDR,Амдерма,0.00000000,0.00000000,0.0000,0,0,0.0000,0.0000,0.0000,0.0000,no_obs,44.2
2025-01-01,NSK1,Новосибирск,55.01225502,82.98502424,141.1391,1,23,0.0050,-0.0026,-0.0186,0.0194,ok,166.3
2025-01-01,AGA1,Александров Гай,0.00000000,0.00000000,0.0000,0,0,0.0000,0.0000,0.0000,0.0000,no_obs,159.4
2025-01-01,ANDR,Анадырь,64.73536201,177.50997248,64.9296,1,18,-0.0243,0.0491,0.0218,0.0590,ok,259.1
2025-01-01,AST3,Астрахань,46.35357819,48.05647922,6.7928,5,13,-0.1675,0.4736,-1.8802,1.9461,ok,21.4
2025-01-01,ANTP,Антипаюта,69.10440765,76.85984673,-7.6324,1,23,0.0007,0.0234,-0.0129,0.0267,ok,313.7
2025-01-01,AMDR,Амдерма,69.75947697,61.67869977,46.0356,1,24,-0.0524,0.0358,0.0000,0.0634,ok,327.6
2025-01-01,ARKH,Архангельск,64.54929848,40.52603499,60.9610,1,22,0.0038,0.0115,-0.0077,0.0144,ok,181.1
2025-01-01,BELG,Белгород,50.63991825,36.57157570,241.0569,1,20,-0.0132,0.0017,0.0216,0.0254,ok,16.3
2025-01-01,BGHN,Богучаны,0.00000000,0.00000000,0.0000,0,0,0.0000,0.0000,0.0000,0.0000,no_obs,8.3
2025-01-01,BIRY,Биряково,0.00000000,0.00000000,0.0000,0,0,0.0000,0.0000,0.0000,0.0000,no_obs,8.1
2025-01-01,CHIT,Чита,52.02288911,113.51628417,666.7956,1,25,0.0265,-0.0331,0.0035,0.0425,ok,101.8
2025-01-01,AYN1,Аян,56.46307563,138.17528745,31.7088,1,23,-0.0091,0.0160,-0.0205,0.0276,ok,174.7
2025-01-01,BORO,Бор,61.58027937,90.03403891,31.1245,1,22,-0.0001,-0.0124,-0.0064,0.0139,ok,145.5
2025-01-01,BARE,Баренцбург,78.06325718,14.23890649,290.5921,1,23,0.0000,0.0000,0.0000,0.0000,ok,180.7
2025-01-01,CRS1,Черский,0.00000000,0.00000000,0.0000,0,0,0.0000,0.0000,0.0000,0.0000,no_obs,8.0
2025-01-01,CRS2,Черский,0.00000000,0.00000000,0.0000,0,0,0.0000,0.0000,0.0000,0.0000,no_obs,7.9
2025-01-01,DKSN,Диксон,0.00000000,0.00000000,0.0000,0,0,0.0000,0.0000,0.0000,0.0000,no_obs,7.9
2025-01-01,CNG1,Москва,55.85503162,37.51604422,191.6850,1,20,0.0039,0.0095,-0.0173,0.0201,ok,126.9
2025-01-01,CHRD,Чокурдах,70.62212160,147.89793332,48.9107,1,17,-0.0090,0.0452,0.0050,0.0464,ok,165.9
2025-01-01,HES1,Земля Франца-Иосифа,0.00000000,0.00000000,0.0000,0,0,0.0000,0.0000,0.0000,0.0000,no_obs,7.4
2025-01-01,ELIS,Элиста,46.30902009,44.31143436,153.7999,1,20,0.0098,-0.0085,-0.0930,0.0939,ok,120.0
2025-01-01,HES2,Земля Франца-Иосифа,0.00000000,0.00000000,0.0000,0,0,0.0000,0.0000,0.0000,0.0000,no_obs,7.6
2025-01-01,IRAE,Ираёль,0.00000000,0.00000000,0.0000,0,0,0.0000,0.0000,0.0000,0.0000,no_obs,7.7
2025-01-01,ITKL,Ытык-Кюёль,0.00000000,0.00000000,0.0000,0,0,0.0000,0.0000,0.0000,0.0000,no_obs,7.7
2025-01-01,IRKO,Иркутск,52.30810509,104.33098033,468.1968,6,17,-0.0064,-0.0044,0.0521,0.0527,ok,23.4
2025-01-01,EKTG,Екатеринбург,56.87753347,60.68117458,294.9864,1,17,0.0117,-0.0002,-0.0085,0.0145,ok,159.4
2025-01-01,FSVO,Свободный,51.36997893,128.13168624,208.6974,1,21,0.0047,-0.0345,0.0020,0.0349,ok,175.0
2025-01-01,KARG,Каргополь,0.00000000,0.00000000,0.0000,0,0,0.0000,0.0000,0.0000,0.0000,no_obs,7.5
2025-01-01,KERC,Керчь,0.00000000,0.00000000,0.0000,0,0,0.0000,0.0000,0.0000,0.0000,no_obs,7.5
2025-01-01,ITRP,Курильск,45.25361213,147.88651418,55.8219,1,19,0.0191,-0.0156,-0.1300,0.1323,ok,165.3
2025-01-01,IZVK,Ижевск,56.83623968,53.45723609,160.7647,1,22,-0.0005,0.0103,-0.0155,0.0186,ok,185.6
2025-01-01,KAGP,Красноярск,56.03386916,92.86190871,224.3393,1,24,-0.0082,-0.0083,-0.0026,0.0119,ok,187.4
2025-01-01,KHAZ,Хабаровск,48.44537285,135.13893922,90.2141,1,19,0.0300,-0.0651,0.0213,0.0748,ok,178.4
2025-01-01,KLCH,Ключи,56.32414937,160.82601406,49.3785,1,21,-0.0027,-0.0085,-0.0312,0.0324,ok,117.9
2025-01-01,KIRV,Киров,58.57002361,49.57241520,164.6154,1,19,0.0136,0.0102,-0.0148,0.0225,ok,158.1
2025-01-01,KIZ1,Кызыл,51.71963806,94.45472200,588.6419,1,23,-0.0033,-0.0128,0.0059,0.0145,ok,145.3
2025-01-01,KLN1,Калининград,54.71127359,20.43630247,58.8661,1,20,0.0017,0.0043,-0.0253,0.0257,ok,133.5
2025-01-01,KNDL,Кондоль,52.82730680,45.06241913,235.6973,1,20,0.0238,0.0095,-0.0039,0.0259,ok,141.2
2025-01-01,LOVJ,Ловозеро,0.00000000,0.00000000,0.0000,0,0,0.0000,0.0000,0.0000,0.0000,no_obs,1.1
2025-01-01,LVR1,Лаврентия,65.57884734,-171.00766297,14.9554,1,20,-0.0273,0.0020,-0.1595,0.1618,ok,34.8
2025-01-01,KLPS,Колпашево,58.32583957,82.95056697,50.0198,1,25,0.0184,-0.0333,-0.0518,0.0643,ok,182.3
2025-01-01,KOTL,Котлас,61.25092357,46.63250791,79.1281,1,19,0.0045,0.0047,-0.0180,0.0191,ok,167.7
2025-01-01,MAMA,Мамакан,0.00000000,0.00000000,0.0000,0,0,0.0000,0.0000,0.0000,0.0000,no_obs,7.4
2025-01-01,KZDV,Кузедеево,53.34104037,87.18564733,254.2310,1,26,-0.0039,0.0119,-0.0238,0.0269,ok,191.4
2025-01-01,MAG1,Магадан,59.57733806,150.81044401,74.0491,1,23,-0.0141,0.0543,0.0482,0.0739,ok,151.5
2025-01-01,MFGS,Мичуринский,0.00000000,0.00000000,0.0000,0,0,0.0000,0.0000,0.0000,0.0000,no_obs,7.5
2025-01-01,MBR1,Северная Земля,79.27980477,101.61977597,27.1870,1,24,0.0029,0.0086,-0.1274,0.1277,ok,147.0
2025-01-01,LVR2,Лаврентия,65.57886789,-171.00769149,14.9940,1,28,-0.0308,0.0149,-0.1112,0.1163,ok,221.4
2025-01-01,MHCH,Махачкала,43.02999150,47.45898073,-22.5339,1,19,0.0034,0.0052,-0.0070,0.0094,ok,95.0
2025-01-01,MKR2,Новая Земля,0.00000000,0.00000000,0.0000,0,0,0.0000,0.0000,0.0000,0.0000,no_obs,7.9
2025-01-01,MOBJ,Обнинск,0.00000000,0.00000000,0.0000,0,0,0.0000,0.0000,0.0000,0.0000,no_obs,1.1
2025-01-01,MGNS,Магнитогорск,53.38226391,59.13313813,374.3751,1,21,-0.0192,0.0260,-0.1638,0.1670,ok,186.1
2025-01-01,MBR2,Северная Земля,79.27971507,101.61986608,27.3757,1,27,-0.0553,-0.0119,-0.0936,0.1094,ok,225.3
2025-01-01,MYRN,Мирный,0.00000000,0.00000000,0.0000,0,0,0.0000,0.0000,0.0000,0.0000,no_obs,7.4
2025-01-01,MKR1,Новая Земля,72.37465345,52.71640864,23.5074,1,25,0.0077,0.0093,-0.0035,0.0125,ok,167.8
2025-01-01,NERY,Нерюнгри,56.66718672,124.72585082,845.3131,1,17,0.0221,-0.0223,-0.0297,0.0432,ok,82.5
2025-01-01,MURM,Мурманск,68.96603232,33.09225260,96.5373,1,22,0.0144,0.0221,0.0458,0.0528,ok,181.8
2025-01-01,NARY,Нарьян-Мар,67.62576157,53.02039563,9.5107,1,21,0.0092,0.0100,-0.0076,0.0156,ok,189.9
2025-01-01,NIRO,Ныроб,60.73491561,56.71160486,152.1660,1,21,0.0192,-0.0092,-0.0311,0.0377,ok,179.6
2025-01-01,NRIL,Норильск,0.00000000,0.00000000,0.0000,0,0,0.0000,0.0000,0.0000,0.0000,no_obs,7.3
2025-01-01,NNOV,Н.Новгород,56.29180591,44.03421758,178.5763,1,18,0.0036,-0.0046,-0.0132,0.0145,ok,151.7
2025-01-01,NOVG,В.Новгород,58.53355616,31.26083529,59.0075,1,20,0.0122,0.0300,-0.0410,0.0522,ok,191.9
2025-01-01,OHA1,Оха,53.58964965,142.95336977,49.8790,1,22,0.0036,0.0099,0.0171,0.0201,ok,76.1
2025-01-01,OLE1,Олекминск,0.00000000,0.00000000,0.0000,0,0,0.0000,0.0000,0.0000,0.0000,no_obs,7.5
2025-01-01,OLE2,Олекминск,0.00000000,0.00000000,0.0000,0,0,0.0000,0.0000,0.0000,0.0000,no_obs,7.6
2025-01-01,NOYA,Ноябрьск,63.18586382,75.44895819,108.5297,1,23,0.0354,0.0068,-0.0319,0.0481,ok,168.7
2025-01-01,OLNK,Оленёк,0.00000000,0.00000000,0.0000,0,0,0.0000,0.0000,0.0000,0.0000,no_obs,8.2
2025-01-01,NSK1,Новосибирск,55.01225502,82.98502424,141.1391,1,23,0.0050,-0.0026,-0.0186,0.0194,ok,174.9
2025-01-01,OKTB,Казань,55.83948597,48.81177857,99.9649,1,20,0.0029,0.0124,-0.0291,0.0318,ok,170.1
2025-01-01,OLGA,Ольга,43.75327611,135.31143890,48.9513,1,19,0.0137,-0.0027,-0.0249,0.0286,ok,150.3
2025-01-01,OREN,Оренбург,51.75972713,55.09966442,106.8517,1,19,0.0238,0.0123,-0.0338,0.0431,ok,64.6
2025-01-01,OMSR,Омск,55.02705208,73.40508724,107.6211,1,24,0.0097,-0.0061,-0.0165,0.0201,ok,170.2
2025-01-01,OXTK,Охотск,59.36039303,143.23484343,19.2097,1,24,-0.0255,0.0254,0.0143,0.0388,ok,105.5
2025-01-01,POLO,Полины Осипенко,0.00000000,0.00000000,0.0000,0,0,0.0000,0.0000,0.0000,0.0000,no_obs,7.1
2025-01-01,ONGY,Онгудай,50.74665124,86.13584013,794.7362,1,23,-0.0010,0.0144,-0.0230,0.0271,ok,196.0
2025-01-01,PRVM,Первомайск,0.00000000,0.00000000,0.0000,0,0,0.0000,0.0000,0.0000,0.0000,no_obs,7.4
2025-01-01,PTGK,Пятигорск,0.00000000,0.00000000,0.0000,0,0,0.0000,0.0000,0.0000,0.0000,no_obs,7.6
2025-01-01,PULJ,Пулково,0.00000000,0.00000000,0.0000,0,0,0.0000,0.0000,0.0000,0.0000,no_obs,7.4
2025-01-01,PEVK,Певек,69.70041263,170.25729440,7.6554,1,22,-0.0483,0.0290,-0.0248,0.0615,ok,168.9
2025-01-01,PNGD,Пангоды,65.84920522,74.50720549,33.6384,1,24,0.0008,0.0108,-0.0249,0.0271,ok,177.2
2025-01-01,RSTS,Ростов-на-Дону,0.00000000,0.00000000,0.0000,0,0,0.0000,0.0000,0.0000,0.0000,no_obs,29.9
2025-01-01,RYR1,Рыркайпий,0.00000000,0.00000000,0.0000,0,0,0.0000,0.0000,0.0000,0.0000,no_obs,8.3
2025-01-01,RYR2,Рыркайпий,0.00000000,0.00000000,0.0000,0,0,0.0000,0.0000,0.0000,0.0000,no_obs,7.5
2025-01-01,RGSK,Ряжск,53.69968148,40.11259928,138.4456,1,20,0.0092,0.0042,0.0791,0.0797,ok,167.0
2025-01-01,RBCS,Рубцовск,51.57501573,81.19611267,178.0485,1,21,0.0192,-0.0320,-0.0476,0.0605,ok,199.6
2025-01-01,SEV1,Севастополь,0.00000000,0.00000000,0.0000,0,0,0.0000,0.0000,0.0000,0.0000,no_obs,7.4
2025-01-01,SEVR,Северное,0.00000000,0.00000000,0.0000,0,0,0.0000,0.0000,0.0000,0.0000,no_obs,7.5
2025-01-01,SEGE,Сегежа,63.75881010,34.28673795,129.2075,1,22,0.0159,0.0119,-0.1031,0.1050,ok,131.9
2025-01-01,SEMH,Сеймчан,62.93334696,152.38434607,228.4646,1,22,0.0290,0.0038,0.0301,0.0420,ok,124.6
2025-01-01,SAMR,Самара,0.00000000,0.00000000,0.0000,0,0,0.0000,0.0000,0.0000,0.0000,no_obs,181.0
2025-01-01,SVK2,Северо-Курильск,0.00000000,0.00000000,0.0000,0,0,0.0000,0.0000,0.0000,0.0000,no_obs,7.6
2025-01-01,SYTO,Сытомино,0.00000000,0.00000000,0.0000,0,0,0.0000,0.0000,0.0000,0.0000,no_obs,8.1
2025-01-01,SPB2,С-Петербург,59.89064605,30.36148803,48.6767,1,14,0.0063,-0.0013,0.0212,0.0222,ok,80.3
2025-01-01,SLH1,Салехард,66.52902430,66.60633936,48.5594,1,23,0.0017,0.0052,-0.0195,0.0202,ok,174.0
2025-01-01,TRH1,Туруханск,0.00000000,0.00000000,0.0000,0,0,0.0000,0.0000,0.0000,0.0000,no_obs,7.5
2025-01-01,TRH2,Туруханск,0.00000000,0.00000000,0.0000,0,0,0.0000,0.0000,0.0000,0.0000,no_obs,7.4
2025-01-01,SVK1,Северо-Курильск,50.66629828,156.11848396,46.0985,1,20,0.0155,-0.0260,-0.1319,0.1353,ok,108.8
2025-01-01,TUAP,Туапсе,44.10285314,39.03754627,111.0019,6,12,-0.2201,0.8839,-0.1691,0.9265,ok,14.6
2025-01-01,TILK,Тиличики,60.43862364,166.08958796,100.1328,1,20,-0.0226,0.0373,0.0205,0.0482,ok,137.4
2025-01-01,UFA1,Уфа,0.00000000,0.00000000,0.0000,0,0,0.0000,0.0000,0.0000,0.0000,no_obs,7.4
2025-01-01,TIXG,Тикси,71.63447145,128.86643033,47.1378,1,24,-0.0035,0.0059,0.0727,0.0730,ok,147.6
2025-01-01,TURR,Тура,64.27144450,100.21571788,160.7157,1,23,-0.0173,0.0179,-0.1354,0.1377,ok,146.3
2025-01-01,USNR,Усть-Нера,0.00000000,0.00000000,0.0000,0,0,0.0000,0.0000,0.0000,0.0000,no_obs,8.3
2025-01-01,VANA,Ванавара,0.00000000,0.00000000,0.0000,0,0,0.0000,0.0000,0.0000,0.0000,no_obs,7.1
2025-01-01,TULN,Тулун,54.59601392,100.65583742,483.9827,1,23,0.0206,0.0084,-0.1349,0.1367,ok,178.4
2025-01-01,UFGS,Уварово,51.99910086,42.24247072,159.3967,1,21,0.0120,0.0109,-0.0935,0.0949,ok,151.0
2025-01-01,VLS2,Вилюйск,0.00000000,0.00000000,0.0000,0,0,0.0000,0.0000,0.0000,0.0000,no_obs,7.4
2025-01-01,UNGN,Уньюган,61.95531881,64.93693715,99.2415,1,21,0.0195,-0.0100,-0.0389,0.0447,ok,180.8
2025-01-01,VOLG,Волгоград,0.00000000,0.00000000,0.0000,0,0,0.0000,0.0000,0.0000,0.0000,no_obs,7.4
2025-01-01,VLS1,Вилюйск,63.75300416,121.63531457,95.7943,1,23,-0.0020,0.0207,0.0047,0.0213,ok,171.8
2025-01-01,VLDV,Владивосток,43.35956625,132.19610386,90.1031,1,19,-0.0538,0.0478,-0.0107,0.0728,ok,176.9
2025-01-01,WAGI,Вагай,0.00000000,0.00000000,0.0000,0,0,0.0000,0.0000,0.0000,0.0000,no_obs,8.0
2025-01-01,VNOV,В.Новгород(2),58.53356495,31.26084122,59.0071,1,20,-0.0053,0.0039,-0.0177,0.0189,ok,175.7
2025-01-01,VRH1,Верхоянск,67.56543289,133.41168305,133.5075,1,23,-0.0432,0.0226,-0.0180,0.0520,ok,162.9
2025-01-01,ZVRG,Звериноголовское,54.46200864,64.86913218,98.0844,1,19,0.0229,0.0138,-0.0350,0.0440,ok,66.0
2025-01-01,ZHEL,Железногорск,56.59014274,104.11712450,419.6483,1,19,-0.0123,-0.0077,-0.0648,0.0664,ok,110.7
2025-01-01,VRH2,Верхоянск,67.56541989,133.41162826,133.5335,1,27,-0.0059,0.0122,-0.0435,0.0456,ok,233.7
2025-01-01,AGA1,Александров Гай,0.00000000,0.00000000,0.0000,0,0,0.0000,0.0000,0.0000,0.0000,no_obs,9.7
2025-01-01,ANDR,Анадырь,64.73536201,177.50997248,64.9296,1,18,-0.0243,0.0492,0.0218,0.0590,ok,114.8
2025-01-01,AST3,Астрахань,46.35357819,48.05647922,6.7928,5,13,-0.1680,0.4739,-1.8802,1.9463,ok,21.3
2025-01-01,ANTP,Антипаюта,69.10440765,76.85984673,-7.6324,1,24,0.0006,0.0234,-0.0129,0.0267,ok,166.2
2025-01-01,AMDR,Амдерма,69.75947697,61.67869977,46.0356,1,24,-0.0519,0.0358,-0.0000,0.0631,ok,174.3
2025-01-01,ARKH,Архангельск,64.54929848,40.52603499,60.9610,1,22,0.0039,0.0117,-0.0077,0.0145,ok,178.4
2025-01-01,BELG,Белгород,50.63991825,36.57157570,241.0569,1,20,-0.0137,0.0016,0.0216,0.0256,ok,15.9
2025-01-01,BGHN,Богучаны,0.00000000,0.00000000,0.0000,0,0,0.0000,0.0000,0.0000,0.0000,no_obs,7.6
2025-01-01,BIRY,Биряково,0.00000000,0.00000000,0.0000,0,0,0.0000,0.0000,0.0000,0.0000,no_obs,8.1
2025-01-01,CHIT,Чита,52.02288911,113.51628417,666.7956,1,25,0.0264,-0.0332,0.0035,0.0425,ok,104.9
2025-01-01,AYN1,Аян,56.46307563,138.17528745,31.7088,1,23,-0.0088,0.0159,-0.0205,0.0274,ok,170.2
2025-01-01,BORO,Бор,61.58027937,90.03403891,31.1245,1,22,0.0000,-0.0122,-0.0064,0.0138,ok,144.3
2025-01-01,BARE,Баренцбург,78.06325718,14.23890649,290.5921,1,23,0.0000,0.0000,0.0000,0.0000,ok,179.4
2025-01-01,CRS1,Черский,0.00000000,0.00000000,0.0000,0,0,0.0000,0.0000,0.0000,0.0000,no_obs,7.7
2025-01-01,CRS2,Черский,0.00000000,0.00000000,0.0000,0,0,0.0000,0.0000,0.0000,0.0000,no_obs,7.7
2025-01-01,DKSN,Диксон,0.00000000,0.00000000,0.0000,0,0,0.0000,0.0000,0.0000,0.0000,no_obs,8.0
2025-01-01,CNG1,Москва,55.85503162,37.51604422,191.6850,1,20,0.0043,0.0092,-0.0173,0.0201,ok,125.3
2025-01-01,CHRD,Чокурдах,70.62212160,147.89793332,48.9107,1,17,-0.0091,0.0454,0.0050,0.0466,ok,159.0
2025-01-01,HES1,Земля Франца-Иосифа,0.00000000,0.00000000,0.0000,0,0,0.0000,0.0000,0.0000,0.0000,no_obs,7.9
2025-01-01,ELIS,Элиста,46.30902009,44.31143436,153.7999,1,20,0.0094,-0.0084,-0.0930,0.0939,ok,118.5
2025-01-01,HES2,Земля Франца-Иосифа,0.00000000,0.00000000,0.0000,0,0,0.0000,0.0000,0.0000,0.0000,no_obs,7.6
2025-01-01,IRAE,Ираёль,0.00000000,0.00000000,0.0000,0,0,0.0000,0.0000,0.0000,0.0000,no_obs,7.8
2025-01-01,ITKL,Ытык-Кюёль,0.00000000,0.00000000,0.0000,0,0,0.0000,0.0000,0.0000,0.0000,no_obs,7.6
2025-01-01,IRKO,Иркутск,52.30810509,104.33098033,468.1968,6,17,-0.0068,-0.0042,0.0521,0.0527,ok,20.3
2025-01-01,EKTG,Екатеринбург,56.87753347,60.68117458,294.9864,1,17,0.0118,-0.0003,-0.0085,0.0146,ok,155.1
2025-01-01,FSVO,Свободный,51.36997893,128.13168624,208.6974,1,22,0.0045,-0.0346,0.0020,0.0350,ok,172.4
2025-01-01,KARG,Каргополь,0.00000000,0.00000000,0.0000,0,0,0.0000,0.0000,0.0000,0.0000,no_obs,8.5
2025-01-01,KERC,Керчь,0.00000000,0.00000000,0.0000,0,0,0.0000,0.0000,0.0000,0.0000,no_obs,7.7
2025-01-01,ITRP,Курильск,45.25361213,147.88651418,55.8219,1,19,0.0187,-0.0153,-0.1300,0.1322,ok,157.5
2025-01-01,IZVK,Ижевск,56.83623968,53.45723609,160.7647,1,22,-0.0001,0.0102,-0.0155,0.0186,ok,178.9
2025-01-01,KAGP,Красноярск,56.03386916,92.86190871,224.3393,1,24,-0.0082,-0.0085,-0.0026,0.0121,ok,185.1
2025-01-01,KHAZ,Хабаровск,48.44537285,135.13893922,90.2141,1,19,0.0295,-0.0650,0.0213,0.0745,ok,182.0
2025-01-01,KLCH,Ключи,56.32414937,160.82601406,49.3785,1,21,-0.0031,-0.0085,-0.0312,0.0325,ok,120.3
2025-01-01,KIRV,Киров,58.57002361,49.57241520,164.6154,1,19,0.0134,0.0102,-0.0148,0.0224,ok,167.5
2025-01-01,KIZ1,Кызыл,51.71963806,94.45472200,588.6419,1,23,-0.0034,-0.0126,0.0059,0.0143,ok,150.2
2025-01-01,KLN1,Калининград,54.71127359,20.43630247,58.8661,1,20,0.0014,0.0045,-0.0253,0.0257,ok,138.1
2025-01-01,KNDL,Кондоль,52.82730680,45.06241913,235.6973,1,20,0.0240,0.0092,-0.0039,0.0260,ok,139.6
2025-01-01,LOVJ,Ловозеро,0.00000000,0.00000000,0.0000,0,0,0.0000,0.0000,0.0000,0.0000,no_obs,1.1
2025-01-01,KLPS,Колпашево,58.32583957,82.95056697,50.0198,1,25,0.0179,-0.0334,-0.0518,0.0642,ok,178.2
2025-01-01,KOTL,Котлас,61.25092357,46.63250791,79.1282,1,19,0.0048,0.0046,-0.0179,0.0191,ok,165.6
2025-01-01,LVR1,Лаврентия,65.57884734,-171.00766297,14.9554,1,20,-0.0267,0.0020,-0.1595,0.1617,ok,37.5
2025-01-01,MAMA,Мамакан,0.00000000,0.00000000,0.0000,0,0,0.0000,0.0000,0.0000,0.0000,no_obs,8.5
2025-01-01,KZDV,Кузедеево,53.34104037,87.18564733,254.2310,1,26,-0.0034,0.0119,-0.0238,0.0268,ok,191.2
2025-01-01,MAG1,Магадан,59.57733806,150.81044401,74.0491,1,23,-0.0141,0.0545,0.0482,0.0741,ok,151.9
2025-01-01,MBR1,Северная Земля,79.27980477,101.61977597,27.1870,1,24,0.0030,0.0086,-0.1274,0.1277,ok,146.9
2025-01-01,MFGS,Мичуринский,0.00000000,0.00000000,0.0000,0,0,0.0000,0.0000,0.0000,0.0000,no_obs,7.5
2025-01-01,LVR2,Лаврентия,65.57886789,-171.00769149,14.9940,1,28,-0.0304,0.0147,-0.1112,0.1162,ok,231.7
2025-01-01,MHCH,Махачкала,43.02999150,47.45898073,-22.5339,1,19,0.0039,0.0055,-0.0070,0.0097,ok,93.2
2025-01-01,MKR2,Новая Земля,0.00000000,0.00000000,0.0000,0,0,0.0000,0.0000,0.0000,0.0000,no_obs,7.6
2025-01-01,MOBJ,Обнинск,0.00000000,0.00000000,0.0000,0,0,0.0000,0.0000,0.0000,0.0000,no_obs,1.0
2025-01-01,MGNS,Магнитогорск,53.38226391,59.13313813,374.3751,1,21,-0.0198,0.0263,-0.1638,0.1671,ok,186.5
2025-01-01,MYRN,Мирный,0.00000000,0.00000000,0.0000,0,0,0.0000,0.0000,0.0000,0.0000,no_obs,7.5
2025-01-01,MBR2,Северная Земля,79.27971561,101.61986696,27.3883,1,29,0.0045,0.0064,-0.0810,0.0814,ok,224.6
2025-01-01,MKR1,Новая Земля,72.37465345,52.71640864,23.5074,1,25,0.0078,0.0094,-0.0035,0.0127,ok,164.8
2025-01-01,MURM,Мурманск,68.96603232,33.09225260,96.5373,1,22,0.0141,0.0222,0.0458,0.0528,ok,178.9
2025-01-01,NERY,Нерюнгри,56.66718672,124.72585082,845.3131,1,17,0.0223,-0.0225,-0.0297,0.0434,ok,82.5
2025-01-01,NARY,Нарьян-Мар,67.62576157,53.02039563,9.5107,1,21,0.0094,0.0100,-0.0076,0.0157,ok,188.8
2025-01-01,NIRO,Ныроб,60.73491561,56.71160486,152.1660,1,21,0.0193,-0.0095,-0.0311,0.0378,ok,177.6
2025-01-01,NRIL,Норильск,0.00000000,0.00000000,0.0000,0,0,0.0000,0.0000,0.0000,0.0000,no_obs,7.6
2025-01-01,NNOV,Н.Новгород,56.29180591,44.03421758,178.5763,1,18,0.0035,-0.0047,-0.0132,0.0144,ok,150.1
2025-01-01,NOVG,В.Новгород,58.53355616,31.26083529,59.0075,1,20,0.0121,0.0302,-0.0410,0.0523,ok,185.3
2025-01-01,OHA1,Оха,53.58964965,142.95336977,49.8790,1,22,0.0035,0.0100,0.0171,0.0201,ok,75.9
2025-01-01,OLE1,Олекминск,0.00000000,0.00000000,0.0000,0,0,0.0000,0.0000,0.0000,0.0000,no_obs,7.8
2025-01-01,OLE2,Олекминск,0.00000000,0.00000000,0.0000,0,0,0.0000,0.0000,0.0000,0.0000,no_obs,7.7
2025-01-01,NOYA,Ноябрьск,63.18586382,75.44895819,108.5297,1,23,0.0356,0.0070,-0.0319,0.0483,ok,168.9
2025-01-01,OLNK,Оленёк,0.00000000,0.00000000,0.0000,0,0,0.0000,0.0000,0.0000,0.0000,no_obs,7.7
2025-01-01,NSK1,Новосибирск,55.01225502,82.98502424,141.1391,1,23,0.0052,-0.0027,-0.0186,0.0195,ok,174.5
2025-01-01,OKTB,Казань,55.83948597,48.81177857,99.9649,1,20,0.0024,0.0126,-0.0291,0.0318,ok,165.4
2025-01-01,OLGA,Ольга,43.75327611,135.31143890,48.9513,1,19,0.0142,-0.0026,-0.0249,0.0288,ok,147.0
2025-01-01,OREN,Оренбург,51.75972713,55.09966442,106.8517,1,19,0.0236,0.0122,-0.0338,0.0430,ok,63.8
2025-01-01,OMSR,Омск,55.02705208,73.40508724,107.6211,1,24,0.0101,-0.0062,-0.0165,0.0203,ok,167.1
2025-01-01,OXTK,Охотск,59.36039303,143.23484343,19.2097,1,24,-0.0261,0.0254,0.0143,0.0391,ok,103.5
2025-01-01,POLO,Полины Осипенко,0.00000000,0.00000000,0.0000,0,0,0.0000,0.0000,0.0000,0.0000,no_obs,8.1
2025-01-01,ONGY,Онгудай,50.74665124,86.13584013,794.7362,1,23,-0.0013,0.0145,-0.0230,0.0272,ok,191.9
2025-01-01,PRVM,Первомайск,0.00000000,0.00000000,0.0000,0,0,0.0000,0.0000,0.0000,0.0000,no_obs,7.5
2025-01-01,PULJ,Пулково,0.00000000,0.00000000,0.0000,0,0,0.0000,0.0000,0.0000,0.0000,no_obs,7.8
2025-01-01,PTGK,Пятигорск,0.00000000,0.00000000,0.0000,0,0,0.0000,0.0000,0.0000,0.0000,no_obs,8.4
2025-01-01,PEVK,Певек,69.70041263,170.25729440,7.6554,1,22,-0.0484,0.0290,-0.0248,0.0616,ok,161.9
2025-01-01,RSTS,Ростов-на-Дону,0.00000000,0.00000000,0.0000,0,0,0.0000,0.0000,0.0000,0.0000,no_obs,7.7
2025-01-01,RYR1,Рыркайпий,0.00000000,0.00000000,0.0000,0,0,0.0000,0.0000,0.0000,0.0000,no_obs,7.7
2025-01-01,RYR2,Рыркайпий,0.00000000,0.00000000,0.0000,0,0,0.0000,0.0000,0.0000,0.0000,no_obs,7.5
2025-01-01,PNGD,Пангоды,65.84920522,74.50720549,33.6384,1,24,0.0013,0.0109,-0.0249,0.0272,ok,172.7
2025-01-01,RGSK,Ряжск,53.69968148,40.11259928,138.4456,1,20,0.0093,0.0041,0.0791,0.0797,ok,163.0
2025-01-01,RBCS,Рубцовск,51.57501573,81.19611267,178.0485,1,21,0.0192,-0.0317,-0.0476,0.0603,ok,196.3
2025-01-01,SEV1,Севастополь,0.00000000,0.00000000,0.0000,0,0,0.0000,0.0000,0.0000,0.0000,no_obs,7.9
2025-01-01,SEVR,Северное,0.00000000,0.00000000,0.0000,0,0,0.0000,0.0000,0.0000,0.0000,no_obs,7.9
2025-01-01,SEGE,Сегежа,63.75881010,34.28673795,129.2075,1,22,0.0160,0.0121,-0.1031,0.1050,ok,133.7
2025-01-01,SAMR,Самара,53.22869781,50.23363840,114.5885,1,15,-0.0276,-0.0017,-0.0597,0.0658,ok,166.7
2025-01-01,SEMH,Сеймчан,62.93334696,152.38434607,228.4646,1,22,0.0296,0.0040,0.0301,0.0424,ok,126.6
2025-01-01,SVK2,Северо-Курильск,0.00000000,0.00000000,0.0000,0,0,0.0000,0.0000,0.0000,0.0000,no_obs,7.4
2025-01-01,SYTO,Сытомино,0.00000000,0.00000000,0.0000,0,0,0.0000,0.0000,0.0000,0.0000,no_obs,7.5
2025-01-01,SPB2,С-Петербург,59.89064605,30.36148803,48.6767,1,14,0.0064,-0.0014,0.0212,0.0222,ok,80.2
2025-01-01,SVK1,Северо-Курильск,50.66629828,156.11848396,46.0985,1,20,0.0154,-0.0257,-0.1319,0.1353,ok,113.3
2025-01-01,TRH1,Туруханск,0.00000000,0.00000000,0.0000,0,0,0.0000,0.0000,0.0000,0.0000,no_obs,7.8
2025-01-01,TRH2,Туруханск,0.00000000,0.00000000,0.0000,0,0,0.0000,0.0000,0.0000,0.0000,no_obs,7.4
2025-01-01,SLH1,Салехард,66.52902430,66.60633936,48.5594,1,23,0.0013,0.0054,-0.0195,0.0203,ok,178.3
2025-01-01,TUAP,Туапсе,44.10285314,39.03754627,111.0019,6,12,-0.2199,0.8841,-0.1691,0.9266,ok,13.6
2025-01-01,TILK,Тиличики,60.43862364,166.08958796,100.1328,1,20,-0.0231,0.0374,0.0205,0.0485,ok,137.7
2025-01-01,UFA1,Уфа,0.00000000,0.00000000,0.0000,0,0,0.0000,0.0000,0.0000,0.0000,no_obs,7.5
2025-01-01,TIXG,Тикси,71.63447145,128.86643033,47.1378,1,24,-0.0030,0.0060,0.0727,0.0730,ok,147.1
2025-01-01,TURR,Тура,64.27144450,100.21571788,160.7157,1,23,-0.0176,0.0181,-0.1354,0.1377,ok,142.7
2025-01-01,USNR,Усть-Нера,0.00000000,0.00000000,0.0000,0,0,0.0000,0.0000,0.0000,0.0000,no_obs,8.4
2025-01-01,VANA,Ванавара,0.00000000,0.00000000,0.0000,0,0,0.0000,0.0000,0.0000,0.0000,no_obs,7.8
2025-01-01,TULN,Тулун,54.59601392,100.65583742,483.9827,1,23,0.0205,0.0082,-0.1349,0.1367,ok,181.5
2025-01-01,UFGS,Уварово,51.99910086,42.24247072,159.3967,1,21,0.0116,0.0109,-0.0935,0.0948,ok,152.9
2025-01-01,VLS2,Вилюйск,0.00000000,0.00000000,0.0000,0,0,0.0000,0.0000,0.0000,0.0000,no_obs,9.1
2025-01-01,UNGN,Уньюган,61.95531881,64.93693715,99.2415,1,21,0.0194,-0.0098,-0.0389,0.0446,ok,179.5
2025-01-01,VOLG,Волгоград,0.00000000,0.00000000,0.0000,0,0,0.0000,0.0000,0.0000,0.0000,no_obs,7.7
2025-01-01,VLS1,Вилюйск,63.75300416,121.63531457,95.7943,1,23,-0.0018,0.0207,0.0047,0.0213,ok,162.4
2025-01-01,VLDV,Владивосток,43.35956625,132.19610386,90.1031,1,19,-0.0539,0.0476,-0.0107,0.0727,ok,177.5
2025-01-01,WAGI,Вагай,0.00000000,0.00000000,0.0000,0,0,0.0000,0.0000,0.0000,0.0000,no_obs,8.5
2025-01-01,VNOV,В.Новгород(2),58.53356495,31.26084122,59.0071,1,20,-0.0052,0.0041,-0.0177,0.0189,ok,171.9
2025-01-01,VRH1,Верхоянск,67.56543289,133.41168305,133.5075,1,23,-0.0437,0.0224,-0.0180,0.0523,ok,157.2
2025-01-01,ZVRG,Звериноголовское,54.46200864,64.86913218,98.0844,1,19,0.0232,0.0140,-0.0350,0.0443,ok,62.6
2025-01-01,ZHEL,Железногорск,56.59014274,104.11712450,419.6483,1,19,-0.0123,-0.0080,-0.0648,0.0664,ok,110.0
2025-01-01,VRH2,Верхоянск,67.56541989,133.41162826,133.5335,1,27,-0.0057,0.0123,-0.0435,0.0456,ok,225.7
2025-01-02,AGA1,Александров Гай,0.00000000,0.00000000,0.0000,0,0,0.0000,0.0000,0.0000,0.0000,no_obs,10.4
2025-01-02,ANDR,Анадырь,64.73536193,177.50997219,64.8854,1,19,-0.0338,0.0351,-0.0224,0.0536,ok,49.6
2025-01-02,AST3,Астрахань,46.35357975,48.05647294,8.6629,1,16,0.0064,-0.0100,-0.0101,0.0156,ok,65.1
2025-01-02,ANTP,Антипаюта,69.10440768,76.85984662,-7.6310,1,23,0.0043,0.0190,-0.0115,0.0226,ok,131.1
2025-01-02,AMDR,Амдерма,69.75947700,61.67869992,46.0343,1,22,-0.0494,0.0415,-0.0013,0.0645,ok,155.9
2025-01-02,ARKH,Архангельск,64.54929844,40.52603488,60.9792,1,21,-0.0011,0.0062,0.0105,0.0122,ok,164.2
2025-01-02,BELG,Белгород,50.63991852,36.57157516,240.9346,1,16,0.0168,-0.0368,-0.1007,0.1085,ok,23.7
2025-01-02,BGHN,Богучаны,0.00000000,0.00000000,0.0000,0,0,0.0000,0.0000,0.0000,0.0000,no_obs,7.7
2025-01-02,BIRY,Биряково,0.00000000,0.00000000,0.0000,0,0,0.0000,0.0000,0.0000,0.0000,no_obs,8.4
2025-01-02,BORO,Бор,61.58027929,90.03403885,31.1330,1,21,-0.0095,-0.0157,0.0021,0.0185,ok,33.5
2025-01-02,AYN1,Аян,56.46307563,138.17528737,31.7018,1,22,-0.0087,0.0110,-0.0275,0.0309,ok,102.1
2025-01-02,CHIT,Чита,52.02288911,113.51628424,666.7879,1,20,0.0265,-0.0285,-0.0042,0.0391,ok,70.2
2025-01-02,CRS1,Черский,0.00000000,0.00000000,0.0000,0,0,0.0000,0.0000,0.0000,0.0000,no_obs,7.6
2025-01-02,BARE,Баренцбург,78.06325712,14.23890630,290.6063,1,21,0.0000,0.0000,0.0000,0.0000,ok,137.3
2025-01-02,CRS2,Черский,0.00000000,0.00000000,0.0000,0,0,0.0000,0.0000,0.0000,0.0000,no_obs,7.7
2025-01-02,DKSN,Диксон,0.00000000,0.00000000,0.0000,0,0,0.0000,0.0000,0.0000,0.0000,no_obs,8.1
2025-01-02,CHRD,Чокурдах,70.62212221,147.89793822,48.6859,1,19,0.0587,0.2269,-0.2198,0.3213,ok,95.8
2025-01-02,ELIS,Элиста,46.30902009,44.31143428,153.8185,1,24,0.0101,-0.0146,-0.0744,0.0765,ok,70.4
2025-01-02,HES1,Земля Франца-Иосифа,0.00000000,0.00000000,0.0000,0,0,0.0000,0.0000,0.0000,0.0000,no_obs,7.5
2025-01-02,HES2,Земля Франца-Иосифа,0.00000000,0.00000000,0.0000,0,0,0.0000,0.0000,0.0000,0.0000,no_obs,7.5
2025-01-02,IRAE,Ираёль,0.00000000,0.00000000,0.0000,0,0,0.0000,0.0000,0.0000,0.0000,no_obs,7.5
2025-01-02,FSVO,Свободный,51.36997882,128.13168640,208.7725,1,17,-0.0075,-0.0233,0.0771,0.0809,ok,65.4
2025-01-02,ITKL,Ытык-Кюёль,0.00000000,0.00000000,0.0000,0,0,0.0000,0.0000,0.0000,0.0000,no_obs,7.9
2025-01-02,IRKO,Иркутск,52.30810509,104.33098052,468.1994,1,16,-0.0067,0.0083,0.0547,0.0557,ok,19.8
2025-01-02,CNG1,Москва,55.85503164,37.51604400,191.7028,1,17,0.0062,-0.0042,0.0005,0.0075,ok,176.0
2025-01-02,EKTG,Екатеринбург,56.87753348,60.68117465,295.0019,1,15,0.0126,0.0039,0.0070,0.0149,ok,135.1
2025-01-02,ITRP,Курильск,45.25361208,147.88651427,55.8248,1,17,0.0132,-0.0088,-0.1271,0.1281,ok,29.0
2025-01-02,KARG,Каргополь,0.00000000,0.00000000,0.0000,0,0,0.0000,0.0000,0.0000,0.0000,no_obs,7.7
2025-01-02,KERC,Керчь,0.00000000,0.00000000,0.0000,0,0,0.0000,0.0000,0.0000,0.0000,no_obs,7.6
2025-01-02,KIRV,Киров,58.57002361,49.57241513,164.6349,1,18,0.0139,0.0059,0.0047,0.0158,ok,44.1
2025-01-02,KHAZ,Хабаровск,48.44537281,135.13894252,90.2020,1,16,0.0255,0.1793,0.0092,0.1813,ok,68.1
2025-01-02,KIZ1,Кызыл,51.71963811,94.45472209,588.6307,1,24,0.0021,-0.0067,-0.0053,0.0088,ok,34.1
2025-01-02,KAGP,Красноярск,56.03386916,92.86190873,224.3376,1,21,-0.0086,-0.0071,-0.0043,0.0120,ok,138.3
2025-01-02,IZVK,Ижевск,56.83623972,53.45723605,160.7816,1,21,0.0035,0.0078,0.0014,0.0086,ok,154.6
2025-01-02,KLCH,Ключи,56.32414937,160.82601396,49.3808,1,21,-0.0024,-0.0150,-0.0289,0.0326,ok,62.4
2025-01-02,KLN1,Калининград,54.71127360,20.43630246,58.8779,1,17,0.0028,0.0034,-0.0135,0.0142,ok,130.2
2025-01-02,KLPS,Колпашево,58.32583954,82.95056695,50.0227,1,21,0.0154,-0.0343,-0.0489,0.0617,ok,141.7
2025-01-02,LOVJ,Ловозеро,0.00000000,0.00000000,0.0000,0,0,0.0000,0.0000,0.0000,0.0000,no_obs,1.1
2025-01-02,KNDL,Кондоль,52.82730673,45.06241896,235.7152,1,18,0.0164,-0.0022,0.0140,0.0217,ok,147.2
2025-01-02,KOTL,Котлас,61.25092357,46.63250786,79.1450,1,20,0.0039,0.0020,-0.0011,0.0046,ok,153.1
2025-01-02,LVR1,Лаврентия,65.57884724,-171.00766213,14.9515,1,17,-0.0382,0.0406,-0.1634,0.1727,ok,38.4
2025-01-02,MAMA,Мамакан,0.00000000,0.00000000,0.0000,0,0,0.0000,0.0000,0.0000,0.0000,no_obs,7.7
2025-01-02,KZDV,Кузедеево,53.34104039,87.18564729,254.2253,1,21,-0.0020,0.0091,-0.0295,0.0309,ok,149.2
2025-01-02,MAG1,Магадан,59.57733802,150.81044385,74.0225,1,21,-0.0186,0.0454,0.0216,0.0536,ok,121.5
2025-01-02,MFGS,Мичуринский,0.00000000,0.00000000,0.0000,0,0,0.0000,0.0000,0.0000,0.0000,no_obs,7.7
2025-01-02,LVR2,Лаврентия,65.57886790,-171.00769141,14.9909,1,22,-0.0291,0.0187,-0.1143,0.1194,ok,175.6
2025-01-02,MBR1,Северная Земля,79.27980473,101.61977596,27.1859,1,21,-0.0010,0.0083,-0.1285,0.1288,ok,150.8
2025-01-02,MHCH,Махачкала,43.02999154,47.45898067,-22.5520,1,17,0.0081,0.0007,-0.0251,0.0264,ok,31.2
2025-01-02,MKR2,Новая Земля,0.00000000,0.00000000,0.0000,0,0,0.0000,0.0000,0.0000,0.0000,no_obs,7.6
2025-01-02,MOBJ,Обнинск,0.00000000,0.00000000,0.0000,0,0,0.0000,0.0000,0.0000,0.0000,no_obs,1.1
2025-01-02,MGNS,Магнитогорск,53.38226391,59.13313814,374.3850,1,19,-0.0192,0.0265,-0.1539,0.1573,ok,129.5
2025-01-02,MYRN,Мирный,0.00000000,0.00000000,0.0000,0,0,0.0000,0.0000,0.0000,0.0000,no_obs,7.5
2025-01-02,MKR1,Новая Земля,72.37465343,52.71640870,23.5071,1,22,0.0049,0.0112,-0.0038,0.0128,ok,120.9
2025-01-02,MBR2,Северная Земля,79.27971561,101.61986706,27.3883,1,24,0.0049,0.0084,-0.0810,0.0816,ok,215.4
2025-01-02,NERY,Нерюнгри,56.66718673,124.72585094,845.3207,1,13,0.0229,-0.0149,-0.0221,0.0351,ok,23.4
2025-01-02,MURM,Мурманск,68.96603229,33.09225248,96.5473,1,22,0.0106,0.0174,0.0558,0.0594,ok,165.3
2025-01-02,NNOV,Н.Новгород,56.29180593,44.03421754,178.6005,1,19,0.0057,-0.0074,0.0110,0.0144,ok,98.1
2025-01-02,NIRO,Ныроб,60.73491560,56.71160483,152.1747,1,21,0.0182,-0.0110,-0.0224,0.0309,ok,138.7
2025-01-02,NRIL,Норильск,0.00000000,0.00000000,0.0000,0,0,0.0000,0.0000,0.0000,0.0000,no_obs,7.7
2025-01-02,NARY,Нарьян-Мар,67.62576148,53.02039554,9.5198,1,22,-0.0010,0.0064,0.0015,0.0067,ok,193.6
2025-01-02,OHA1,Оха,53.58964948,142.95337004,49.8641,1,19,-0.0158,0.0279,0.0022,0.0321,ok,39.5
2025-01-02,NOVG,В.Новгород,58.53355614,31.26083524,59.0153,1,19,0.0098,0.0273,-0.0332,0.0441,ok,145.1
2025-01-02,OLE1,Олекминск,0.00000000,0.00000000,0.0000,0,0,0.0000,0.0000,0.0000,0.0000,no_obs,7.7
2025-01-02,OLE2,Олекминск,0.00000000,0.00000000,0.0000,0,0,0.0000,0.0000,0.0000,0.0000,no_obs,7.5
2025-01-02,NSK1,Новосибирск,55.01225499,82.98502422,141.1420,1,20,0.0016,-0.0039,-0.0157,0.0162,ok,115.4
2025-01-02,OLNK,Оленёк,0.00000000,0.00000000,0.0000,0,0,0.0000,0.0000,0.0000,0.0000,no_obs,7.3
2025-01-02,NOYA,Ноябрьск,63.18586379,75.44895810,108.5292,1,22,0.0322,0.0022,-0.0324,0.0457,ok,161.2
2025-01-02,OKTB,Казань,55.83948600,48.81177849,99.9810,1,20,0.0058,0.0076,-0.0130,0.0161,ok,91.9
2025-01-02,OLGA,Ольга,43.75327602,135.31144099,48.9576,1,15,0.0041,0.1659,-0.0186,0.1670,ok,63.4
2025-01-02,OMSR,Омск,55.02705213,73.40508728,107.6135,1,20,0.0158,-0.0034,-0.0241,0.0290,ok,48.0
2025-01-02,ONGY,Онгудай,50.74665125,86.13584013,794.7267,1,21,-0.0002,0.0141,-0.0325,0.0354,ok,55.0
2025-01-02,OXTK,Охотск,59.36039301,143.23484335,19.2141,1,20,-0.0274,0.0209,0.0187,0.0392,ok,67.5
2025-01-02,POLO,Полины Осипенко,0.00000000,0.00000000,0.0000,0,0,0.0000,0.0000,0.0000,0.0000,no_obs,8.1
2025-01-02,OREN,Оренбург,51.75972707,55.09966451,106.8867,1,18,0.0173,0.0187,0.0012,0.0256,ok,83.9
2025-01-02,PRVM,Первомайск,0.00000000,0.00000000,0.0000,0,0,0.0000,0.0000,0.0000,0.0000,no_obs,8.5
2025-01-02,PTGK,Пятигорск,0.00000000,0.00000000,0.0000,0,0,0.0000,0.0000,0.0000,0.0000,no_obs,8.1
2025-01-02,PULJ,Пулково,0.00000000,0.00000000,0.0000,0,0,0.0000,0.0000,0.0000,0.0000,no_obs,7.5
2025-01-02,PEVK,Певек,69.70041261,170.25729416,7.6540,1,19,-0.0504,0.0197,-0.0262,0.0601,ok,110.3
2025-01-02,RSTS,Ростов-на-Дону,0.00000000,0.00000000,0.0000,0,0,0.0000,0.0000,0.0000,0.0000,no_obs,7.9
2025-01-02,RYR1,Рыркайпий,0.00000000,0.00000000,0.0000,0,0,0.0000,0.0000,0.0000,0.0000,no_obs,7.7
2025-01-02,RYR2,Рыркайпий,0.00000000,0.00000000,0.0000,0,0,0.0000,0.0000,0.0000,0.0000,no_obs,7.6
2025-01-02,RBCS,Рубцовск,51.57501576,81.19611273,178.0444,1,19,0.0228,-0.0279,-0.0517,0.0630,ok,95.3
2025-01-02,PNGD,Пангоды,65.84920518,74.50720547,33.6389,1,22,-0.0034,0.0100,-0.0244,0.0266,ok,159.6
2025-01-02,SAMR,Самара,53.22869779,50.23363847,114.6129,1,19,-0.0295,0.0030,-0.0353,0.0461,ok,71.5
2025-01-02,SEV1,Севастополь,0.00000000,0.00000000,0.0000,0,0,0.0000,0.0000,0.0000,0.0000,no_obs,7.8
2025-01-02,SEVR,Северное,0.00000000,0.00000000,0.0000,0,0,0.0000,0.0000,0.0000,0.0000,no_obs,7.9
2025-01-02,RGSK,Ряжск,53.69968144,40.11259916,138.4676,1,18,0.0045,-0.0038,0.1011,0.1013,ok,153.9
2025-01-02,SEMH,Сеймчан,62.93334704,152.38434598,228.4524,1,20,0.0383,-0.0010,0.0179,0.0423,ok,80.8
2025-01-02,SVK1,Северо-Курильск,50.66629826,156.11848384,46.0948,1,20,0.0135,-0.0348,-0.1356,0.1406,ok,47.2
2025-01-02,SVK2,Северо-Курильск,0.00000000,0.00000000,0.0000,0,0,0.0000,0.0000,0.0000,0.0000,no_obs,7.4
2025-01-02,SYTO,Сытомино,0.00000000,0.00000000,0.0000,0,0,0.0000,0.0000,0.0000,0.0000,no_obs,7.1
2025-01-02,SPB2,С-Петербург,59.89064604,30.36148795,48.6813,1,13,0.0054,-0.0056,0.0258,0.0270,ok,102.4
2025-01-02,SEGE,Сегежа,63.75881008,34.28673793,129.2293,1,20,0.0132,0.0109,-0.0813,0.0831,ok,167.6
2025-01-02,TRH1,Туруханск,0.00000000,0.00000000,0.0000,0,0,0.0000,0.0000,0.0000,0.0000,no_obs,7.8
2025-01-02,TILK,Тиличики,60.43862366,166.08958793,100.1308,6,15,-0.0206,0.0355,0.0185,0.0450,ok,24.7
2025-01-02,TRH2,Туруханск,0.00000000,0.00000000,0.0000,0,0,0.0000,0.0000,0.0000,0.0000,no_obs,8.0
2025-01-02,TUAP,Туапсе,44.10285619,39.03753569,111.0324,6,14,0.1184,0.0369,-0.1386,0.1860,ok,14.4
2025-01-02,SLH1,Салехард,66.52902430,66.60633942,48.5599,1,22,0.0013,0.0078,-0.0190,0.0206,ok,145.8
2025-01-02,UFA1,Уфа,0.00000000,0.00000000,0.0000,0,0,0.0000,0.0000,0.0000,0.0000,no_obs,7.7
2025-01-02,TULN,Тулун,54.59601397,100.65583752,483.9734,1,22,0.0263,0.0149,-0.1442,0.1473,ok,35.4
2025-01-02,TURR,Тура,64.27144453,100.21571781,160.6998,1,22,-0.0145,0.0144,-0.1513,0.1527,ok,102.8
2025-01-02,TIXG,Тикси,71.63447144,128.86643021,47.1308,1,21,-0.0050,0.0018,0.0657,0.0659,ok,131.4
2025-01-02,USNR,Усть-Нера,0.00000000,0.00000000,0.0000,0,0,0.0000,0.0000,0.0000,0.0000,no_obs,8.2
2025-01-02,VANA,Ванавара,0.00000000,0.00000000,0.0000,0,0,0.0000,0.0000,0.0000,0.0000,no_obs,7.7
2025-01-02,UNGN,Уньюган,61.95531880,64.93693708,99.2506,1,22,0.0190,-0.0137,-0.0298,0.0379,ok,103.3
2025-01-02,VLS2,Вилюйск,0.00000000,0.00000000,0.0000,0,0,0.0000,0.0000,0.0000,0.0000,no_obs,7.6
2025-01-02,VLDV,Владивосток,43.35956647,132.19610717,90.0490,1,16,-0.0289,0.3159,-0.0648,0.3238,ok,27.8
2025-01-02,UFGS,Уварово,51.99910082,42.24247067,159.4178,1,19,0.0076,0.0074,-0.0724,0.0732,ok,126.9
2025-01-02,VOLG,Волгоград,0.00000000,0.00000000,0.0000,0,0,0.0000,0.0000,0.0000,0.0000,no_obs,8.3
2025-01-02,VRH1,Верхоянск,67.56543290,133.41168304,133.4915,1,19,-0.0419,0.0221,-0.0340,0.0583,ok,103.4
2025-01-02,VLS1,Вилюйск,63.75300413,121.63531454,95.7740,1,21,-0.0050,0.0190,-0.0156,0.0251,ok,134.7
2025-01-02,WAGI,Вагай,0.00000000,0.00000000,0.0000,0,0,0.0000,0.0000,0.0000,0.0000,no_obs,8.2
2025-01-02,VNOV,В.Новгород(2),58.53356494,31.26084120,59.0196,1,18,-0.0070,0.0025,-0.0052,0.0091,ok,131.9
2025-01-02,ZVRG,Звериноголовское,54.46200963,64.86913109,97.9865,1,16,0.1333,-0.0569,-0.1329,0.1966,ok,53.5
2025-01-02,ZHEL,Железногорск,56.59014276,104.11712448,419.6559,1,18,-0.0105,-0.0089,-0.0572,0.0588,ok,69.0
2025-01-02,VRH2,Верхоянск,67.56541990,133.41162827,133.5270,1,23,-0.0047,0.0125,-0.0500,0.0518,ok,197.4
2025-01-03,AGA1,Александров Гай,0.00000000,0.00000000,0.0000,0,0,0.0000,0.0000,0.0000,0.0000,no_obs,9.8
2025-01-03,ANDR,Анадырь,64.73536206,177.50997249,64.9249,1,17,-0.0189,0.0498,0.0171,0.0559,ok,129.5
2025-01-03,AST3,Астрахань,46.35357972,48.05647304,8.6542,6,11,0.0021,-0.0019,-0.0188,0.0190,ok,25.0
2025-01-03,AYN1,Аян,0.00000000,0.00000000,0.0000,0,0,0.0000,0.0000,0.0000,0.0000,no_obs,1.1
2025-01-03,ANTP,Антипаюта,69.10440766,76.85984653,-7.6323,1,27,0.0014,0.0154,-0.0128,0.0201,ok,186.1
2025-01-03,ARKH,Архангельск,64.54929844,40.52603488,60.9739,1,22,-0.0007,0.0065,0.0052,0.0083,ok,177.8
2025-01-03,BELG,Белгород,50.63991869,36.57157480,241.0122,6,15,0.0363,-0.0617,-0.0231,0.0752,ok,9.1
2025-01-03,BGHN,Богучаны,0.00000000,0.00000000,0.0000,0,0,0.0000,0.0000,0.0000,0.0000,no_obs,8.6
2025-01-03,BIRY,Биряково,0.00000000,0.00000000,0.0000,0,0,0.0000,0.0000,0.0000,0.0000,no_obs,8.1
2025-01-03,AMDR,Амдерма,69.75947700,61.67869987,46.0342,1,25,-0.0491,0.0397,-0.0014,0.0632,ok,205.9
2025-01-03,BARE,Баренцбург,78.06325713,14.23890631,290.5983,1,25,0.0000,0.0000,0.0000,0.0000,ok,154.8
2025-01-03,BORO,Бор,61.58027936,90.03403882,31.1270,1,26,-0.0015,-0.0174,-0.0039,0.0179,ok,188.4
2025-01-03,CHIT,Чита,52.02288909,113.51628411,666.7977,1,24,0.0239,-0.0371,0.0056,0.0445,ok,183.2
2025-01-03,CRS1,Черский,0.00000000,0.00000000,0.0000,0,0,0.0000,0.0000,0.0000,0.0000,no_obs,7.7
2025-01-03,CHRD,Чокурдах,70.62212163,147.89793319,48.8930,1,23,-0.0061,0.0404,-0.0127,0.0428,ok,187.8
2025-01-03,CRS2,Черский,0.00000000,0.00000000,0.0000,0,0,0.0000,0.0000,0.0000,0.0000,no_obs,7.6
2025-01-03,DKSN,Диксон,0.00000000,0.00000000,0.0000,0,0,0.0000,0.0000,0.0000,0.0000,no_obs,7.7
2025-01-03,CNG1,Москва,55.85503163,37.51604414,191.6937,1,22,0.0045,0.0046,-0.0086,0.0108,ok,197.8
2025-01-03,HES1,Земля Франца-Иосифа,0.00000000,0.00000000,0.0000,0,0,0.0000,0.0000,0.0000,0.0000,no_obs,8.3
2025-01-03,ELIS,Элиста,46.30902024,44.31143680,153.7163,1,21,0.0270,0.1796,-0.1766,0.2533,ok,125.7
2025-01-03,HES2,Земля Франца-Иосифа,0.00000000,0.00000000,0.0000,0,0,0.0000,0.0000,0.0000,0.0000,no_obs,7.5
2025-01-03,IRAE,Ираёль,0.00000000,0.00000000,0.0000,0,0,0.0000,0.0000,0.0000,0.0000,no_obs,7.8
2025-01-03,ITKL,Ытык-Кюёль,0.00000000,0.00000000,0.0000,0,0,0.0000,0.0000,0.0000,0.0000,no_obs,7.8
2025-01-03,IRKO,Иркутск,52.30810501,104.33098026,468.1999,1,17,-0.0150,-0.0090,0.0552,0.0579,ok,23.3
2025-01-03,EKTG,Екатеринбург,56.87753351,60.68117455,295.0113,1,18,0.0162,-0.0019,0.0164,0.0231,ok,163.8
2025-01-03,FSVO,Свободный,51.36997892,128.13168619,208.6948,1,20,0.0036,-0.0380,-0.0006,0.0381,ok,157.7
2025-01-03,KARG,Каргополь,0.00000000,0.00000000,0.0000,0,0,0.0000,0.0000,0.0000,0.0000,no_obs,7.9
2025-01-03,KERC,Керчь,0.00000000,0.00000000,0.0000,0,0,0.0000,0.0000,0.0000,0.0000,no_obs,7.6
2025-01-03,IZVK,Ижевск,56.83623972,53.45723615,160.7790,1,22,0.0043,0.0139,-0.0012,0.0146,ok,123.5
2025-01-03,ITRP,Курильск,45.25361132,147.88651755,55.8533,1,19,-0.0710,0.2487,-0.0986,0.2768,ok,141.3
2025-01-03,KAGP,Красноярск,56.03386914,92.86190873,224.3478,1,24,-0.0109,-0.0068,0.0059,0.0142,ok,171.8
2025-01-03,KHAZ,Хабаровск,48.44537282,135.13893911,90.2136,1,20,0.0271,-0.0734,0.0208,0.0810,ok,175.5
2025-01-03,KIRV,Киров,58.57002374,49.57241483,164.6476,1,19,0.0277,-0.0115,0.0174,0.0347,ok,88.4
2025-01-03,KIZ1,Кызыл,51.71963806,94.45472202,588.6492,1,23,-0.0036,-0.0118,0.0132,0.0181,ok,174.5
2025-01-03,KLCH,Ключи,56.32414932,160.82601400,49.3802,1,20,-0.0086,-0.0119,-0.0295,0.0329,ok,160.5
2025-01-03,KLN1,Калининград,54.71127430,20.43630611,58.7243,1,22,0.0802,0.2392,-0.1671,0.3026,ok,145.3
2025-01-03,KLPS,Колпашево,58.32583954,82.95056702,50.0278,1,27,0.0153,-0.0305,-0.0438,0.0555,ok,175.3
2025-01-03,LOVJ,Ловозеро,0.00000000,0.00000000,0.0000,0,0,0.0000,0.0000,0.0000,0.0000,no_obs,1.1
2025-01-03,KNDL,Кондоль,52.82730678,45.06241912,235.7108,1,21,0.0212,0.0087,0.0096,0.0248,ok,123.8
2025-01-03,KOTL,Котлас,61.25092357,46.63250788,79.1370,1,25,0.0048,0.0031,-0.0091,0.0108,ok,130.4
2025-01-03,LVR1,Лаврентия,65.57884730,-171.00766271,14.9548,1,14,-0.0315,0.0140,-0.1601,0.1638,ok,103.6
2025-01-03,MAMA,Мамакан,0.00000000,0.00000000,0.0000,0,0,0.0000,0.0000,0.0000,0.0000,no_obs,6.9
2025-01-03,KZDV,Кузедеево,53.34104040,87.18564735,254.2366,1,25,-0.0009,0.0129,-0.0182,0.0224,ok,200.4
2025-01-03,MAG1,Магадан,59.57733806,150.81044395,74.0485,1,21,-0.0145,0.0506,0.0476,0.0710,ok,176.1
2025-01-03,MFGS,Мичуринский,0.00000000,0.00000000,0.0000,0,0,0.0000,0.0000,0.0000,0.0000,no_obs,7.8
2025-01-03,LVR2,Лаврентия,65.57886788,-171.00769145,14.9883,1,27,-0.0324,0.0169,-0.1169,0.1225,ok,240.7
2025-01-03,MBR1,Северная Земля,79.27980476,101.61977572,27.2019,1,26,0.0012,0.0033,-0.1125,0.1126,ok,193.2
2025-01-03,MHCH,Махачкала,43.02999151,47.45898082,-22.5250,1,17,0.0049,0.0123,0.0019,0.0134,ok,75.9
2025-01-03,MKR2,Новая Земля,0.00000000,0.00000000,0.0000,0,0,0.0000,0.0000,0.0000,0.0000,no_obs,7.4
2025-01-03,MOBJ,Обнинск,0.00000000,0.00000000,0.0000,0,0,0.0000,0.0000,0.0000,0.0000,no_obs,0.9
2025-01-03,MGNS,Магнитогорск,53.38226389,59.13313815,374.3895,1,22,-0.0216,0.0274,-0.1494,0.1534,ok,110.2
2025-01-03,MYRN,Мирный,0.00000000,0.00000000,0.0000,0,0,0.0000,0.0000,0.0000,0.0000,no_obs,7.7
2025-01-03,MBR2,Северная Земля,79.27971561,101.61986687,27.3934,1,31,0.0048,0.0045,-0.0759,0.0762,ok,244.4
2025-01-03,MKR1,Новая Земля,72.37465343,52.71640868,23.5109,1,25,0.0052,0.0106,-0.0000,0.0118,ok,170.6
2025-01-03,NERY,Нерюнгри,56.66718668,124.72585088,845.3193,1,15,0.0181,-0.0187,-0.0235,0.0350,ok,98.8
2025-01-03,MURM,Мурманск,68.96603231,33.09225235,96.5449,1,24,0.0136,0.0120,0.0534,0.0564,ok,187.2
2025-01-03,NARY,Нарьян-Мар,67.62576148,53.02039542,9.5100,1,25,-0.0005,0.0011,-0.0083,0.0084,ok,198.4
2025-01-03,NIRO,Ныроб,60.73491562,56.71160489,152.1770,1,24,0.0202,-0.0076,-0.0201,0.0295,ok,126.7
2025-01-03,NRIL,Норильск,0.00000000,0.00000000,0.0000,0,0,0.0000,0.0000,0.0000,0.0000,no_obs,7.8
2025-01-03,NNOV,Н.Новгород,56.29180593,44.03421755,178.5877,1,22,0.0061,-0.0067,-0.0018,0.0092,ok,157.0
2025-01-03,NOVG,В.Новгород,58.53355614,31.26083529,59.0054,1,20,0.0099,0.0299,-0.0431,0.0534,ok,169.9
2025-01-03,NOYA,Ноябрьск,63.18586379,75.44895818,108.5357,1,28,0.0325,0.0061,-0.0259,0.0420,ok,189.3
2025-01-03,OLE1,Олекминск,0.00000000,0.00000000,0.0000,0,0,0.0000,0.0000,0.0000,0.0000,no_obs,7.7
2025-01-03,OLE2,Олекминск,0.00000000,0.00000000,0.0000,0,0,0.0000,0.0000,0.0000,0.0000,no_obs,7.7
2025-01-03,NSK1,Новосибирск,55.01225503,82.98502428,141.1450,1,24,0.0064,0.0002,-0.0127,0.0142,ok,189.0
2025-01-03,OHA1,Оха,53.58964962,142.95336968,49.8746,1,21,0.0006,0.0041,0.0127,0.0134,ok,145.7
2025-01-03,OLNK,Оленёк,0.00000000,0.00000000,0.0000,0,0,0.0000,0.0000,0.0000,0.0000,no_obs,8.0
2025-01-03,OKTB,Казань,55.83948599,48.81177859,99.9783,1,21,0.0048,0.0138,-0.0157,0.0215,ok,136.5
2025-01-03,ONGY,Онгудай,50.74665120,86.13584017,794.7504,1,21,-0.0055,0.0170,-0.0088,0.0199,ok,75.2
2025-01-03,OREN,Оренбург,51.75972708,55.09966448,106.8793,1,21,0.0180,0.0165,-0.0062,0.0252,ok,62.9
2025-01-03,OLGA,Ольга,43.75327609,135.31143892,48.9592,1,18,0.0121,-0.0010,-0.0170,0.0209,ok,147.0
2025-01-03,OMSR,Омск,55.02705213,73.40508730,107.6278,1,25,0.0158,-0.0020,-0.0098,0.0187,ok,145.6
2025-01-03,POLO,Полины Осипенко,0.00000000,0.00000000,0.0000,0,0,0.0000,0.0000,0.0000,0.0000,no_obs,7.7
2025-01-03,PRVM,Первомайск,0.00000000,0.00000000,0.0000,0,0,0.0000,0.0000,0.0000,0.0000,no_obs,7.9
2025-01-03,PTGK,Пятигорск,0.00000000,0.00000000,0.0000,0,0,0.0000,0.0000,0.0000,0.0000,no_obs,7.7
2025-01-03,PULJ,Пулково,0.00000000,0.00000000,0.0000,0,0,0.0000,0.0000,0.0000,0.0000,no_obs,7.8
2025-01-03,OXTK,Охотск,59.36039299,143.23484330,19.2061,1,22,-0.0299,0.0180,0.0107,0.0365,ok,173.4
2025-01-03,PEVK,Певек,69.70041262,170.25729429,7.6626,1,21,-0.0493,0.0248,-0.0176,0.0579,ok,164.8
2025-01-03,RSTS,Ростов-на-Дону,0.00000000,0.00000000,0.0000,0,0,0.0000,0.0000,0.0000,0.0000,no_obs,7.9
2025-01-03,RYR1,Рыркайпий,0.00000000,0.00000000,0.0000,0,0,0.0000,0.0000,0.0000,0.0000,no_obs,7.6
2025-01-03,RYR2,Рыркайпий,0.00000000,0.00000000,0.0000,0,0,0.0000,0.0000,0.0000,0.0000,no_obs,7.9
2025-01-03,PNGD,Пангоды,65.84920517,74.50720553,33.6426,1,27,-0.0051,0.0125,-0.0207,0.0247,ok,198.3
2025-01-03,RBCS,Рубцовск,51.57501572,81.19611273,178.0582,1,22,0.0185,-0.0280,-0.0379,0.0506,ok,191.8
2025-01-03,RGSK,Ряжск,53.69968152,40.11259920,138.4510,1,22,0.0141,-0.0012,0.0845,0.0857,ok,134.6
2025-01-03,SEV1,Севастополь,0.00000000,0.00000000,0.0000,0,0,0.0000,0.0000,0.0000,0.0000,no_obs,7.5
2025-01-03,SEVR,Северное,0.00000000,0.00000000,0.0000,0,0,0.0000,0.0000,0.0000,0.0000,no_obs,7.9
2025-01-03,SAMR,Самара,53.22869776,50.23363860,114.5934,1,20,-0.0328,0.0113,-0.0548,0.0648,ok,104.8
2025-01-03,SEMH,Сеймчан,62.93334705,152.38434609,228.4514,1,22,0.0393,0.0047,0.0169,0.0430,ok,119.2
2025-01-03,SEGE,Сегежа,63.75881006,34.28673791,129.2217,1,21,0.0112,0.0101,-0.0889,0.0902,ok,169.0
2025-01-03,SVK2,Северо-Курильск,0.00000000,0.00000000,0.0000,0,0,0.0000,0.0000,0.0000,0.0000,no_obs,7.8
2025-01-03,SYTO,Сытомино,0.00000000,0.00000000,0.0000,0,0,0.0000,0.0000,0.0000,0.0000,no_obs,7.5
2025-01-03,SPB2,С-Петербург,59.89064603,30.36148793,48.6735,1,15,0.0035,-0.0066,0.0180,0.0195,ok,115.9
2025-01-03,SLH1,Салехард,66.52902427,66.60633934,48.5689,1,25,-0.0013,0.0045,-0.0100,0.0110,ok,188.2
2025-01-03,TRH1,Туруханск,0.00000000,0.00000000,0.0000,0,0,0.0000,0.0000,0.0000,0.0000,no_obs,7.7
2025-01-03,TRH2,Туруханск,0.00000000,0.00000000,0.0000,0,0,0.0000,0.0000,0.0000,0.0000,no_obs,7.9
2025-01-03,TUAP,Туапсе,44.10285496,39.03753521,110.9901,6,10,-0.0180,-0.0017,-0.1809,0.1818,ok,14.0
2025-01-03,SVK1,Северо-Курильск,50.66629827,156.11848387,46.0968,1,20,0.0140,-0.0324,-0.1336,0.1382,ok,150.7
2025-01-03,TILK,Тиличики,60.43862365,166.08958801,100.1385,1,22,-0.0214,0.0399,0.0262,0.0523,ok,173.4
2025-01-03,UFA1,Уфа,0.00000000,0.00000000,0.0000,0,0,0.0000,0.0000,0.0000,0.0000,no_obs,8.3
2025-01-03,TIXG,Тикси,71.63447145,128.86643014,47.1317,1,25,-0.0034,-0.0007,0.0666,0.0667,ok,192.9
2025-01-03,TULN,Тулун,54.59601388,100.65583739,483.9871,1,26,0.0158,0.0066,-0.1305,0.1316,ok,158.0
2025-01-03,USNR,Усть-Нера,0.00000000,0.00000000,0.0000,0,0,0.0000,0.0000,0.0000,0.0000,no_obs,7.6
2025-01-03,VANA,Ванавара,0.00000000,0.00000000,0.0000,0,0,0.0000,0.0000,0.0000,0.0000,no_obs,7.9
2025-01-03,UFGS,Уварово,51.99910085,42.24247083,159.3820,1,22,0.0106,0.0184,-0.1082,0.1103,ok,102.9
2025-01-03,TURR,Тура,64.27144450,100.21571762,160.7123,1,26,-0.0172,0.0056,-0.1388,0.1400,ok,178.8
2025-01-03,VLS2,Вилюйск,0.00000000,0.00000000,0.0000,0,0,0.0000,0.0000,0.0000,0.0000,no_obs,7.7
2025-01-03,UNGN,Уньюган,61.95531880,64.93693712,99.2536,1,24,0.0186,-0.0116,-0.0268,0.0346,ok,150.7
2025-01-03,VOLG,Волгоград,0.00000000,0.00000000,0.0000,0,0,0.0000,0.0000,0.0000,0.0000,no_obs,7.6
2025-01-03,VLDV,Владивосток,43.35956657,132.19610820,90.1088,1,20,-0.0186,0.3995,-0.0050,0.4000,ok,106.4
2025-01-03,VLS1,Вилюйск,63.75300415,121.63531437,95.7829,1,25,-0.0030,0.0110,-0.0067,0.0133,ok,167.0
2025-01-03,WAGI,Вагай,0.00000000,0.00000000,0.0000,0,0,0.0000,0.0000,0.0000,0.0000,no_obs,7.8
2025-01-03,ZHEL,Железногорск,0.00000000,0.00000000,0.0000,0,0,0.0000,0.0000,0.0000,0.0000,ppp_failed,11.3
2025-01-03,VNOV,В.Новгород(2),58.53356495,31.26084122,59.0071,1,22,-0.0050,0.0040,-0.0177,0.0188,ok,174.4
2025-01-03,ZVRG,Звериноголовское,54.46200866,64.86913228,98.0964,1,17,0.0256,0.0202,-0.0230,0.0399,ok,43.7
2025-01-03,VRH1,Верхоянск,67.56543293,133.41168282,133.4985,1,23,-0.0384,0.0126,-0.0270,0.0486,ok,176.5
2025-01-03,VRH2,Верхоянск,67.56541991,133.41162812,133.5318,1,30,-0.0033,0.0062,-0.0452,0.0457,ok,242.0
2025-01-04,AGA1,Александров Гай,0.00000000,0.00000000,0.0000,0,0,0.0000,0.0000,0.0000,0.0000,no_obs,8.8
2025-01-04,ANDR,Анадырь,64.73536207,177.50997252,64.9304,1,17,-0.0182,0.0511,0.0226,0.0588,ok,148.0
2025-01-04,AMDR,Амдерма,69.75947698,61.67869986,46.0275,1,23,-0.0510,0.0392,-0.0081,0.0649,ok,158.9
2025-01-04,AST3,Астрахань,46.35357972,48.05647274,8.6838,6,10,0.0030,-0.0252,0.0108,0.0276,ok,18.7
2025-01-04,ANTP,Антипаюта,69.10440761,76.85984659,-7.6370,1,25,-0.0039,0.0177,-0.0175,0.0252,ok,192.1
2025-01-04,ARKH,Архангельск,64.54929843,40.52603485,60.9665,1,23,-0.0020,0.0049,-0.0022,0.0057,ok,186.5
2025-01-04,BGHN,Богучаны,0.00000000,0.00000000,0.0000,0,0,0.0000,0.0000,0.0000,0.0000,no_obs,7.9
2025-01-04,BELG,Белгород,50.63991840,36.57157555,241.0027,1,20,0.0031,-0.0088,-0.0326,0.0339,ok,15.3
2025-01-04,BIRY,Биряково,0.00000000,0.00000000,0.0000,0,0,0.0000,0.0000,0.0000,0.0000,no_obs,8.0
2025-01-04,BARE,Баренцбург,78.06325709,14.23890612,290.6042,1,24,0.0000,0.0000,0.0000,0.0000,ok,190.0
2025-01-04,AYN1,Аян,56.46307560,138.17528729,31.7119,1,22,-0.0125,0.0061,-0.0174,0.0223,ok,210.8
2025-01-04,CHIT,Чита,52.02288910,113.51628411,666.7952,1,23,0.0253,-0.0369,0.0031,0.0449,ok,166.3
2025-01-04,CRS1,Черский,0.00000000,0.00000000,0.0000,0,0,0.0000,0.0000,0.0000,0.0000,no_obs,7.7
2025-01-04,CRS2,Черский,0.00000000,0.00000000,0.0000,0,0,0.0000,0.0000,0.0000,0.0000,no_obs,7.6
2025-01-04,BORO,Бор,61.58027938,90.03403881,31.1141,1,25,0.0016,-0.0175,-0.0168,0.0243,ok,188.8
2025-01-04,DKSN,Диксон,0.00000000,0.00000000,0.0000,0,0,0.0000,0.0000,0.0000,0.0000,no_obs,7.5
2025-01-04,ELIS,Элиста,46.30902007,44.31143437,153.8031,1,22,0.0078,-0.0077,-0.0898,0.0905,ok,93.1
2025-01-04,CHRD,Чокурдах,70.62212163,147.89793322,48.8972,1,25,-0.0055,0.0414,-0.0085,0.0426,ok,173.1
2025-01-04,HES1,Земля Франца-Иосифа,0.00000000,0.00000000,0.0000,0,0,0.0000,0.0000,0.0000,0.0000,no_obs,8.0
2025-01-04,HES2,Земля Франца-Иосифа,0.00000000,0.00000000,0.0000,0,0,0.0000,0.0000,0.0000,0.0000,no_obs,7.7
2025-01-04,CNG1,Москва,55.85503161,37.51604414,191.6852,1,24,0.0031,0.0042,-0.0171,0.0179,ok,176.6
2025-01-04,EKTG,Екатеринбург,56.87753350,60.68117459,294.9993,1,19,0.0145,0.0004,0.0044,0.0152,ok,154.8
2025-01-04,IRAE,Ираёль,0.00000000,0.00000000,0.0000,0,0,0.0000,0.0000,0.0000,0.0000,no_obs,8.1
2025-01-04,ITKL,Ытык-Кюёль,0.00000000,0.00000000,0.0000,0,0,0.0000,0.0000,0.0000,0.0000,no_obs,8.2
2025-01-04,IRKO,Иркутск,52.30810507,104.33098023,468.1956,1,16,-0.0082,-0.0109,0.0509,0.0527,ok,40.4
2025-01-04,FSVO,Свободный,51.36997893,128.13168621,208.6899,1,20,0.0047,-0.0366,-0.0055,0.0373,ok,141.1
2025-01-04,KARG,Каргополь,0.00000000,0.00000000,0.0000,0,0,0.0000,0.0000,0.0000,0.0000,no_obs,7.7
2025-01-04,KERC,Керчь,0.00000000,0.00000000,0.0000,0,0,0.0000,0.0000,0.0000,0.0000,no_obs,7.5
2025-01-04,ITRP,Курильск,45.25361211,147.88651415,55.8227,1,17,0.0163,-0.0183,-0.1292,0.1315,ok,152.1
2025-01-04,IZVK,Ижевск,56.83623971,53.45723604,160.7717,1,23,0.0030,0.0070,-0.0085,0.0114,ok,197.7
2025-01-04,KAGP,Красноярск,56.03386916,92.86190873,224.3387,1,23,-0.0080,-0.0071,-0.0032,0.0112,ok,176.4
2025-01-04,KHAZ,Хабаровск,48.44537285,135.13893918,90.2145,1,18,0.0300,-0.0683,0.0217,0.0776,ok,132.2
2025-01-04,KIRV,Киров,58.57002364,49.57241465,164.6256,1,18,0.0173,-0.0216,-0.0046,0.0281,ok,112.9
2025-01-04,KIZ1,Кызыл,51.71963807,94.45472200,588.6371,1,21,-0.0024,-0.0129,0.0011,0.0132,ok,134.9
2025-01-04,KLN1,Калининград,54.71127357,20.43630251,58.8656,1,21,-0.0008,0.0069,-0.0258,0.0267,ok,118.7
2025-01-04,KLCH,Ключи,56.32414936,160.82601399,49.3864,1,19,-0.0035,-0.0129,-0.0233,0.0268,ok,140.7
2025-01-04,KLPS,Колпашево,58.32583958,82.95056697,50.0199,1,26,0.0199,-0.0331,-0.0517,0.0645,ok,200.6
2025-01-04,LOVJ,Ловозеро,0.00000000,0.00000000,0.0000,0,0,0.0000,0.0000,0.0000,0.0000,no_obs,1.4
2025-01-04,KOTL,Котлас,61.25092356,46.63250787,79.1282,1,24,0.0030,0.0024,-0.0179,0.0183,ok,184.7
2025-01-04,KNDL,Кондоль,52.82730679,45.06241902,235.7044,1,21,0.0223,0.0019,0.0032,0.0226,ok,198.3
2025-01-04,LVR1,Лаврентия,65.57884727,-171.00766241,14.9491,1,16,-0.0348,0.0278,-0.1658,0.1717,ok,80.6
2025-01-04,MAMA,Мамакан,0.00000000,0.00000000,0.0000,0,0,0.0000,0.0000,0.0000,0.0000,no_obs,7.5
2025-01-04,KZDV,Кузедеево,53.34104037,87.18564732,254.2358,1,26,-0.0040,0.0111,-0.0190,0.0224,ok,212.0
2025-01-04,MAG1,Магадан,59.57733804,150.81044384,74.0516,1,21,-0.0168,0.0446,0.0507,0.0696,ok,136.2
2025-01-04,MFGS,Мичуринский,0.00000000,0.00000000,0.0000,0,0,0.0000,0.0000,0.0000,0.0000,no_obs,7.7
2025-01-04,MBR1,Северная Земля,79.27980474,101.61977610,27.2019,1,28,-0.0001,0.0113,-0.1125,0.1131,ok,153.1
2025-01-04,LVR2,Лаврентия,65.57886786,-171.00769136,14.9900,1,30,-0.0341,0.0209,-0.1152,0.1219,ok,213.0
2025-01-04,MHCH,Махачкала,43.02999155,47.45898044,-22.5494,1,15,0.0093,-0.0183,-0.0225,0.0305,ok,91.1
2025-01-04,MBR2,Северная Земля,79.27971559,101.61986708,27.3909,1,34,0.0027,0.0088,-0.0784,0.0789,ok,240.1
2025-01-04,MOBJ,Обнинск,0.00000000,0.00000000,0.0000,0,0,0.0000,0.0000,0.0000,0.0000,no_obs,1.3
2025-01-04,MKR2,Новая Земля,0.00000000,0.00000000,0.0000,0,0,0.0000,0.0000,0.0000,0.0000,no_obs,7.5
2025-01-04,MYRN,Мирный,0.00000000,0.00000000,0.0000,0,0,0.0000,0.0000,0.0000,0.0000,no_obs,7.4
2025-01-04,MGNS,Магнитогорск,53.38226390,59.13313813,374.3780,1,21,-0.0205,0.0262,-0.1609,0.1643,ok,162.2
2025-01-04,MKR1,Новая Земля,72.37465343,52.71640891,23.4970,1,25,0.0051,0.0182,-0.0139,0.0235,ok,117.6
2025-01-04,NERY,Нерюнгри,56.66718667,124.72585085,845.3233,1,16,0.0167,-0.0205,-0.0195,0.0329,ok,117.3
2025-01-04,MURM,Мурманск,68.96603224,33.09225252,96.5368,1,23,0.0055,0.0189,0.0453,0.0494,ok,181.4
2025-01-04,NARY,Нарьян-Мар,67.62576146,53.02039555,9.5071,1,23,-0.0025,0.0066,-0.0112,0.0133,ok,177.0
2025-01-04,NIRO,Ныроб,60.73491559,56.71160475,152.1671,1,24,0.0175,-0.0154,-0.0300,0.0380,ok,158.9
2025-01-04,NRIL,Норильск,0.00000000,0.00000000,0.0000,0,0,0.0000,0.0000,0.0000,0.0000,no_obs,7.6
2025-01-04,NNOV,Н.Новгород,56.29180590,44.03421755,178.5843,1,22,0.0020,-0.0062,-0.0052,0.0083,ok,152.4
2025-01-04,NOVG,В.Новгород,58.53355610,31.26083535,59.0022,1,22,0.0054,0.0337,-0.0463,0.0575,ok,137.3
2025-01-04,NSK1,Новосибирск,55.01225500,82.98502422,141.1375,1,24,0.0023,-0.0040,-0.0202,0.0207,ok,131.1
2025-01-04,OLE1,Олекминск,0.00000000,0.00000000,0.0000,0,0,0.0000,0.0000,0.0000,0.0000,no_obs,7.4
2025-01-04,OLE2,Олекминск,0.00000000,0.00000000,0.0000,0,0,0.0000,0.0000,0.0000,0.0000,no_obs,7.5
2025-01-04,NOYA,Ноябрьск,63.18586381,75.44895815,108.5307,1,27,0.0349,0.0049,-0.0309,0.0468,ok,206.0
2025-01-04,OLNK,Оленёк,0.00000000,0.00000000,0.0000,0,0,0.0000,0.0000,0.0000,0.0000,no_obs,7.7
2025-01-04,OHA1,Оха,53.58964964,142.95336971,49.8783,1,20,0.0025,0.0062,0.0164,0.0177,ok,136.6
2025-01-04,OKTB,Казань,55.83948599,48.81177848,99.9723,1,21,0.0047,0.0068,-0.0217,0.0232,ok,169.5
2025-01-04,OLGA,Ольга,43.75327610,135.31143890,48.9536,1,18,0.0122,-0.0030,-0.0226,0.0258,ok,142.1
2025-01-04,OMSR,Омск,55.02705212,73.40508727,107.6178,1,24,0.0146,-0.0045,-0.0198,0.0250,ok,171.2
2025-01-04,ONGY,Онгудай,50.74665122,86.13584018,794.7257,1,22,-0.0032,0.0180,-0.0335,0.0382,ok,190.1
2025-01-04,OREN,Оренбург,51.75972707,55.09966440,106.8778,1,20,0.0170,0.0112,-0.0077,0.0218,ok,163.3
2025-01-04,POLO,Полины Осипенко,0.00000000,0.00000000,0.0000,0,0,0.0000,0.0000,0.0000,0.0000,no_obs,8.5
2025-01-04,PRVM,Первомайск,0.00000000,0.00000000,0.0000,0,0,0.0000,0.0000,0.0000,0.0000,no_obs,7.8
2025-01-04,PTGK,Пятигорск,0.00000000,0.00000000,0.0000,0,0,0.0000,0.0000,0.0000,0.0000,no_obs,7.5
2025-01-04,OXTK,Охотск,59.36039299,143.23484337,19.2110,1,20,-0.0295,0.0221,0.0156,0.0401,ok,168.0
2025-01-04,PULJ,Пулково,0.00000000,0.00000000,0.0000,0,0,0.0000,0.0000,0.0000,0.0000,no_obs,7.8
2025-01-04,PEVK,Певек,69.70041261,170.25729435,7.6721,1,23,-0.0504,0.0269,-0.0081,0.0577,ok,126.7
2025-01-04,RSTS,Ростов-на-Дону,0.00000000,0.00000000,0.0000,0,0,0.0000,0.0000,0.0000,0.0000,no_obs,7.8
2025-01-04,RYR1,Рыркайпий,0.00000000,0.00000000,0.0000,0,0,0.0000,0.0000,0.0000,0.0000,no_obs,7.5
2025-01-04,RYR2,Рыркайпий,0.00000000,0.00000000,0.0000,0,0,0.0000,0.0000,0.0000,0.0000,no_obs,8.2
2025-01-04,PNGD,Пангоды,65.84920518,74.50720557,33.6360,1,26,-0.0038,0.0144,-0.0273,0.0311,ok,186.4
2025-01-04,RBCS,Рубцовск,51.57501573,81.19611272,178.0479,1,23,0.0188,-0.0287,-0.0482,0.0591,ok,174.3
2025-01-04,SAMR,Самара,53.22869778,50.23363843,114.6119,1,21,-0.0309,0.0001,-0.0363,0.0476,ok,160.2
2025-01-04,RGSK,Ряжск,53.69968147,40.11259924,138.4497,1,20,0.0085,0.0014,0.0832,0.0836,ok,203.8
2025-01-04,SEV1,Севастополь,0.00000000,0.00000000,0.0000,0,0,0.0000,0.0000,0.0000,0.0000,no_obs,7.8
2025-01-04,SEVR,Северное,0.00000000,0.00000000,0.0000,0,0,0.0000,0.0000,0.0000,0.0000,no_obs,7.7
2025-01-04,SEGE,Сегежа,63.75881004,34.28673795,129.2191,1,23,0.0096,0.0119,-0.0915,0.0928,ok,156.5
2025-01-04,SPB2,С-Петербург,59.89064591,30.36148779,48.6614,1,15,-0.0088,-0.0146,0.0059,0.0180,ok,96.5
2025-01-04,SVK2,Северо-Курильск,0.00000000,0.00000000,0.0000,0,0,0.0000,0.0000,0.0000,0.0000,no_obs,7.7
2025-01-04,SYTO,Сытомино,0.00000000,0.00000000,0.0000,0,0,0.0000,0.0000,0.0000,0.0000,no_obs,8.0
2025-01-04,SEMH,Сеймчан,62.93334707,152.38434610,228.4614,1,24,0.0414,0.0052,0.0269,0.0497,ok,167.6
2025-01-04,SLH1,Салехард,66.52902428,66.60633944,48.5589,1,24,-0.0002,0.0088,-0.0200,0.0218,ok,206.5
2025-01-04,TRH1,Туруханск,0.00000000,0.00000000,0.0000,0,0,0.0000,0.0000,0.0000,0.0000,no_obs,7.7
2025-01-04,TRH2,Туруханск,0.00000000,0.00000000,0.0000,0,0,0.0000,0.0000,0.0000,0.0000,no_obs,7.5
2025-01-04,SVK1,Северо-Курильск,50.66629825,156.11848394,46.1153,1,20,0.0122,-0.0277,-0.1151,0.1190,ok,142.9
2025-01-04,TUAP,Туапсе,44.10284691,39.03753879,112.1896,6,12,-0.9123,0.2847,1.0186,1.3967,ok,17.4
2025-01-04,TILK,Тиличики,60.43862368,166.08958800,100.1433,1,20,-0.0184,0.0395,0.0310,0.0535,ok,140.2
2025-01-04,UFA1,Уфа,0.00000000,0.00000000,0.0000,0,0,0.0000,0.0000,0.0000,0.0000,no_obs,7.5
2025-01-04,TIXG,Тикси,71.63447141,128.86643014,47.1346,1,26,-0.0075,-0.0006,0.0695,0.0699,ok,182.6
2025-01-04,TULN,Тулун,54.59601391,100.65583743,483.9827,1,23,0.0195,0.0088,-0.1349,0.1366,ok,150.3
2025-01-04,USNR,Усть-Нера,0.00000000,0.00000000,0.0000,0,0,0.0000,0.0000,0.0000,0.0000,no_obs,7.7
2025-01-04,VANA,Ванавара,0.00000000,0.00000000,0.0000,0,0,0.0000,0.0000,0.0000,0.0000,no_obs,7.5
2025-01-04,TURR,Тура,64.27144451,100.21571759,160.7028,1,25,-0.0165,0.0039,-0.1483,0.1493,ok,183.7
2025-01-04,UFGS,Уварово,51.99910086,42.24247069,159.4039,1,20,0.0114,0.0088,-0.0863,0.0875,ok,186.4
2025-01-04,VLS2,Вилюйск,0.00000000,0.00000000,0.0000,0,0,0.0000,0.0000,0.0000,0.0000,no_obs,7.8
2025-01-04,UNGN,Уньюган,61.95531881,64.93693710,99.2420,1,26,0.0191,-0.0127,-0.0384,0.0447,ok,190.4
2025-01-04,VOLG,Волгоград,0.00000000,0.00000000,0.0000,0,0,0.0000,0.0000,0.0000,0.0000,no_obs,8.0
2025-01-04,VLDV,Владивосток,43.35956631,132.19610416,90.1615,1,19,-0.0473,0.0719,0.0477,0.0984,ok,150.1
2025-01-04,VNOV,В.Новгород(2),58.53356492,31.26084122,59.0029,1,24,-0.0085,0.0039,-0.0219,0.0238,ok,130.3
2025-01-04,WAGI,Вагай,0.00000000,0.00000000,0.0000,0,0,0.0000,0.0000,0.0000,0.0000,no_obs,7.6
2025-01-04,VLS1,Вилюйск,63.75300413,121.63531434,95.7800,1,23,-0.0055,0.0095,-0.0096,0.0146,ok,174.0
2025-01-04,ZHEL,Железногорск,0.00000000,0.00000000,0.0000,0,0,0.0000,0.0000,0.0000,0.0000,ppp_failed,10.9
2025-01-04,ZVRG,Звериноголовское,54.46200867,64.86913220,98.0861,1,18,0.0257,0.0148,-0.0333,0.0446,ok,33.9
2025-01-04,VRH1,Верхоянск,67.56543292,133.41168279,133.5106,1,26,-0.0400,0.0117,-0.0149,0.0442,ok,173.9
2025-01-04,VRH2,Верхоянск,67.56541992,133.41162816,133.5347,1,30,-0.0030,0.0080,-0.0423,0.0431,ok,210.2
2025-01-05,AGA1,Александров Гай,0.00000000,0.00000000,0.0000,0,0,0.0000,0.0000,0.0000,0.0000,no_obs,10.2
2025-01-05,ANDR,Анадырь,64.73536201,177.50997247,64.9282,1,16,-0.0240,0.0485,0.0204,0.0578,ok,181.3
2025-01-05,AMDR,Амдерма,69.75947698,61.67869988,46.0322,1,26,-0.0508,0.0402,-0.0034,0.0649,ok,181.6
2025-01-05,AST3,Астрахань,46.35357964,48.05647274,8.7179,6,9,-0.0069,-0.0250,0.0449,0.0519,ok,15.2
2025-01-05,ANTP,Антипаюта,69.10440762,76.85984657,-7.6289,1,27,-0.0021,0.0170,-0.0094,0.0195,ok,204.8
2025-01-05,ARKH,Архангельск,64.54929841,40.52603489,60.9737,1,26,-0.0035,0.0065,0.0050,0.0089,ok,196.6
2025-01-05,BGHN,Богучаны,0.00000000,0.00000000,0.0000,0,0,0.0000,0.0000,0.0000,0.0000,no_obs,7.8
2025-01-05,BELG,Белгород,50.63991859,36.57157594,241.0592,1,21,0.0245,0.0185,0.0239,0.0389,ok,17.0
2025-01-05,BIRY,Биряково,0.00000000,0.00000000,0.0000,0,0,0.0000,0.0000,0.0000,0.0000,no_obs,7.4
2025-01-05,AYN1,Аян,56.46307558,138.17528737,31.7153,1,24,-0.0144,0.0109,-0.0140,0.0228,ok,135.5
2025-01-05,BARE,Баренцбург,78.06325715,14.23890624,290.6082,1,23,0.0000,0.0000,0.0000,0.0000,ok,179.4
2025-01-05,CHIT,Чита,52.02288911,113.51628418,666.7973,1,22,0.0269,-0.0324,0.0052,0.0424,ok,163.5
2025-01-05,CRS1,Черский,0.00000000,0.00000000,0.0000,0,0,0.0000,0.0000,0.0000,0.0000,no_obs,8.0
2025-01-05,CRS2,Черский,0.00000000,0.00000000,0.0000,0,0,0.0000,0.0000,0.0000,0.0000,no_obs,7.5
2025-01-05,DKSN,Диксон,0.00000000,0.00000000,0.0000,0,0,0.0000,0.0000,0.0000,0.0000,no_obs,7.3
2025-01-05,BORO,Бор,61.58027939,90.03403892,31.1221,1,26,0.0021,-0.0118,-0.0088,0.0148,ok,198.3
2025-01-05,CHRD,Чокурдах,70.62212160,147.89793299,48.9054,1,25,-0.0093,0.0329,-0.0003,0.0341,ok,170.8
2025-01-05,CNG1,Москва,55.85503161,37.51604407,191.6868,1,22,0.0025,-0.0002,-0.0155,0.0157,ok,184.3
2025-01-05,EKTG,Екатеринбург,56.87753350,60.68117448,294.9905,1,20,0.0145,-0.0065,-0.0044,0.0165,ok,157.1
2025-01-05,HES1,Земля Франца-Иосифа,0.00000000,0.00000000,0.0000,0,0,0.0000,0.0000,0.0000,0.0000,no_obs,7.5
2025-01-05,HES2,Земля Франца-Иосифа,0.00000000,0.00000000,0.0000,0,0,0.0000,0.0000,0.0000,0.0000,no_obs,7.6
2025-01-05,IRAE,Ираёль,0.00000000,0.00000000,0.0000,0,0,0.0000,0.0000,0.0000,0.0000,no_obs,7.6
2025-01-05,ITKL,Ытык-Кюёль,0.00000000,0.00000000,0.0000,0,0,0.0000,0.0000,0.0000,0.0000,no_obs,7.6
2025-01-05,ELIS,Элиста,46.30902010,44.31143426,153.8003,1,21,0.0109,-0.0166,-0.0926,0.0947,ok,173.4
2025-01-05,IRKO,Иркутск,52.30810517,104.33098044,468.1762,1,19,0.0024,0.0034,0.0315,0.0318,ok,25.9
2025-01-05,FSVO,Свободный,51.36997890,128.13168633,208.6979,1,21,0.0015,-0.0280,0.0025,0.0282,ok,168.6
2025-01-05,KARG,Каргополь,0.00000000,0.00000000,0.0000,0,0,0.0000,0.0000,0.0000,0.0000,no_obs,7.7
2025-01-05,KERC,Керчь,0.00000000,0.00000000,0.0000,0,0,0.0000,0.0000,0.0000,0.0000,no_obs,7.9
2025-01-05,ITRP,Курильск,45.25361211,147.88651423,55.8227,1,19,0.0173,-0.0116,-0.1292,0.1309,ok,106.5
2025-01-05,IZVK,Ижевск,56.83623969,53.45723600,160.7692,1,22,0.0010,0.0050,-0.0110,0.0121,ok,168.6
2025-01-05,KIRV,Киров,58.57002360,49.57241511,164.6185,1,21,0.0124,0.0049,-0.0117,0.0178,ok,74.7
2025-01-05,KAGP,Красноярск,56.03386918,92.86190873,224.3415,1,24,-0.0055,-0.0068,-0.0004,0.0088,ok,199.2
2025-01-05,KHAZ,Хабаровск,48.44537284,135.13893923,90.2127,1,18,0.0283,-0.0641,0.0199,0.0729,ok,148.4
2025-01-05,KLCH,Ключи,56.32414931,160.82601406,49.3817,1,20,-0.0091,-0.0082,-0.0280,0.0306,ok,140.6
2025-01-05,KIZ1,Кызыл,51.71963807,94.45472204,588.6397,1,21,-0.0017,-0.0097,0.0037,0.0106,ok,193.9
2025-01-05,KLN1,Калининград,54.71127357,20.43630248,58.8768,1,22,-0.0003,0.0049,-0.0146,0.0154,ok,190.4
2025-01-05,KLPS,Колпашево,58.32583957,82.95056697,50.0217,1,26,0.0188,-0.0335,-0.0499,0.0630,ok,187.3
2025-01-05,LOVJ,Ловозеро,0.00000000,0.00000000,0.0000,0,0,0.0000,0.0000,0.0000,0.0000,no_obs,7.6
2025-01-05,KNDL,Кондоль,52.82730676,45.06241896,235.7034,1,20,0.0196,-0.0018,0.0022,0.0198,ok,187.5
2025-01-05,LVR1,Лаврентия,65.57884723,-171.00766280,14.9634,1,17,-0.0398,0.0097,-0.1515,0.1569,ok,112.5
2025-01-05,KOTL,Котлас,61.25092353,46.63250785,79.1322,1,26,0.0001,0.0015,-0.0139,0.0140,ok,200.5
2025-01-05,MAMA,Мамакан,0.00000000,0.00000000,0.0000,0,0,0.0000,0.0000,0.0000,0.0000,no_obs,7.5
2025-01-05,KZDV,Кузедеево,53.34104038,87.18564728,254.2373,1,25,-0.0032,0.0084,-0.0175,0.0197,ok,202.7
2025-01-05,MAG1,Магадан,59.57733805,150.81044399,74.0515,1,22,-0.0151,0.0532,0.0506,0.0749,ok,182.0
2025-01-05,MFGS,Мичуринский,0.00000000,0.00000000,0.0000,0,0,0.0000,0.0000,0.0000,0.0000,no_obs,8.0
2025-01-05,MBR1,Северная Земля,79.27980469,101.61977605,27.2003,1,25,-0.0058,0.0102,-0.1141,0.1147,ok,166.5
2025-01-05,LVR2,Лаврентия,65.57886781,-171.00769146,15.0002,1,29,-0.0397,0.0160,-0.1050,0.1134,ok,246.4
2025-01-05,MHCH,Махачкала,43.02999151,47.45898070,-22.5242,1,19,0.0047,0.0027,0.0027,0.0061,ok,96.0
2025-01-05,MKR2,Новая Земля,0.00000000,0.00000000,0.0000,0,0,0.0000,0.0000,0.0000,0.0000,no_obs,8.1
2025-01-05,MOBJ,Обнинск,0.00000000,0.00000000,0.0000,0,0,0.0000,0.0000,0.0000,0.0000,no_obs,7.8
2025-01-05,MBR2,Северная Земля,79.27971560,101.61986712,27.3927,1,30,0.0038,0.0098,-0.0766,0.0773,ok,253.3
2025-01-05,MYRN,Мирный,0.00000000,0.00000000,0.0000,0,0,0.0000,0.0000,0.0000,0.0000,no_obs,7.9
2025-01-05,MGNS,Магнитогорск,53.38226390,59.13313798,374.3818,1,22,-0.0201,0.0163,-0.1571,0.1592,ok,151.0
2025-01-05,MKR1,Новая Земля,72.37465338,52.71640904,23.5048,1,25,-0.0005,0.0227,-0.0061,0.0235,ok,182.3
2025-01-05,NERY,Нерюнгри,56.66718667,124.72585086,845.3183,1,16,0.0164,-0.0199,-0.0245,0.0356,ok,99.3
2025-01-05,NARY,Нарьян-Мар,67.62576146,53.02039551,9.5111,1,25,-0.0034,0.0051,-0.0072,0.0094,ok,180.9
2025-01-05,MURM,Мурманск,68.96603226,33.09225243,96.5520,1,25,0.0072,0.0153,0.0605,0.0628,ok,201.2
2025-01-05,NIRO,Ныроб,60.73491560,56.71160469,152.1749,1,25,0.0177,-0.0183,-0.0222,0.0338,ok,124.1
2025-01-05,NRIL,Норильск,0.00000000,0.00000000,0.0000,0,0,0.0000,0.0000,0.0000,0.0000,no_obs,8.1
2025-01-05,NNOV,Н.Новгород,56.29180589,44.03421749,178.5860,1,20,0.0008,-0.0100,-0.0035,0.0106,ok,160.3
2025-01-05,NOVG,В.Новгород,58.53355612,31.26083528,59.0054,1,20,0.0072,0.0297,-0.0431,0.0528,ok,140.5
2025-01-05,NOYA,Ноябрьск,63.18586383,75.44895815,108.5375,1,28,0.0364,0.0051,-0.0241,0.0440,ok,137.3
2025-01-05,OLE1,Олекминск,0.00000000,0.00000000,0.0000,0,0,0.0000,0.0000,0.0000,0.0000,no_obs,7.5
2025-01-05,OLE2,Олекминск,0.00000000,0.00000000,0.0000,0,0,0.0000,0.0000,0.0000,0.0000,no_obs,8.3
2025-01-05,NSK1,Новосибирск,55.01225501,82.98502415,141.1418,1,24,0.0044,-0.0083,-0.0159,0.0184,ok,187.5
2025-01-05,OLNK,Оленёк,0.00000000,0.00000000,0.0000,0,0,0.0000,0.0000,0.0000,0.0000,no_obs,7.9
2025-01-05,OHA1,Оха,53.58964960,142.95336976,49.8782,1,21,-0.0014,0.0094,0.0163,0.0189,ok,133.5
2025-01-05,OKTB,Казань,55.83948596,48.81177847,99.9737,1,21,0.0020,0.0061,-0.0203,0.0213,ok,167.3
2025-01-05,OLGA,Ольга,43.75327610,135.31143907,48.9610,1,16,0.0127,0.0110,-0.0152,0.0227,ok,146.8
2025-01-05,OMSR,Омск,55.02705213,73.40508722,107.6210,1,25,0.0150,-0.0073,-0.0166,0.0236,ok,149.0
2025-01-05,ONGY,Онгудай,50.74665123,86.13584010,794.7286,1,23,-0.0022,0.0120,-0.0306,0.0329,ok,170.9
2025-01-05,PEVK,Певек,69.70041260,170.25729425,7.6616,1,21,-0.0520,0.0231,-0.0186,0.0598,ok,82.6
2025-01-05,POLO,Полины Осипенко,0.00000000,0.00000000,0.0000,0,0,0.0000,0.0000,0.0000,0.0000,no_obs,7.7
2025-01-05,PRVM,Первомайск,0.00000000,0.00000000,0.0000,0,0,0.0000,0.0000,0.0000,0.0000,no_obs,7.7
2025-01-05,OXTK,Охотск,59.36039298,143.23484345,19.2094,1,22,-0.0307,0.0265,0.0140,0.0429,ok,154.5
2025-01-05,PTGK,Пятигорск,0.00000000,0.00000000,0.0000,0,0,0.0000,0.0000,0.0000,0.0000,no_obs,7.7
2025-01-05,PULJ,Пулково,0.00000000,0.00000000,0.0000,0,0,0.0000,0.0000,0.0000,0.0000,no_obs,8.5
2025-01-05,OREN,Оренбург,51.75972711,55.09966431,106.8744,1,20,0.0219,0.0044,-0.0111,0.0250,ok,173.0
2025-01-05,RSTS,Ростов-на-Дону,0.00000000,0.00000000,0.0000,0,0,0.0000,0.0000,0.0000,0.0000,no_obs,1.4
2025-01-05,RYR1,Рыркайпий,0.00000000,0.00000000,0.0000,0,0,0.0000,0.0000,0.0000,0.0000,no_obs,7.7
2025-01-05,RYR2,Рыркайпий,0.00000000,0.00000000,0.0000,0,0,0.0000,0.0000,0.0000,0.0000,no_obs,7.3
2025-01-05,PNGD,Пангоды,65.84920522,74.50720550,33.6413,1,28,0.0004,0.0114,-0.0220,0.0248,ok,193.6
2025-01-05,RBCS,Рубцовск,51.57501573,81.19611268,178.0499,1,23,0.0197,-0.0311,-0.0462,0.0591,ok,177.3
2025-01-05,RGSK,Ряжск,53.69968145,40.11259916,138.4497,1,21,0.0063,-0.0040,0.0832,0.0835,ok,206.5
2025-01-05,SAMR,Самара,53.22869779,50.23363840,114.5945,1,19,-0.0294,-0.0020,-0.0537,0.0613,ok,183.0
2025-01-05,SEV1,Севастополь,0.00000000,0.00000000,0.0000,0,0,0.0000,0.0000,0.0000,0.0000,no_obs,8.6
2025-01-05,SEVR,Северное,0.00000000,0.00000000,0.0000,0,0,0.0000,0.0000,0.0000,0.0000,no_obs,8.2
2025-01-05,SEGE,Сегежа,63.75881003,34.28673797,129.2235,1,23,0.0084,0.0127,-0.0871,0.0884,ok,214.0
2025-01-05,SEMH,Сеймчан,62.93334701,152.38434617,228.4587,1,22,0.0351,0.0088,0.0242,0.0435,ok,163.9
2025-01-05,SVK2,Северо-Курильск,0.00000000,0.00000000,0.0000,0,0,0.0000,0.0000,0.0000,0.0000,no_obs,7.9
2025-01-05,SYTO,Сытомино,0.00000000,0.00000000,0.0000,0,0,0.0000,0.0000,0.0000,0.0000,no_obs,7.9
2025-01-05,SPB2,С-Петербург,59.89064602,30.36148804,48.6776,1,17,0.0031,-0.0006,0.0221,0.0223,ok,150.2
2025-01-05,SLH1,Салехард,66.52902428,66.60633933,48.5661,1,27,-0.0002,0.0040,-0.0128,0.0134,ok,175.4
2025-01-05,TRH1,Туруханск,0.00000000,0.00000000,0.0000,0,0,0.0000,0.0000,0.0000,0.0000,no_obs,7.6
2025-01-05,TRH2,Туруханск,0.00000000,0.00000000,0.0000,0,0,0.0000,0.0000,0.0000,0.0000,no_obs,7.6
2025-01-05,TUAP,Туапсе,44.10285693,39.03749695,105.8347,5,8,0.2013,-3.0649,-5.3363,6.1572,ok,14.8
2025-01-05,SVK1,Северо-Курильск,50.66629822,156.11848396,46.1093,1,20,0.0091,-0.0258,-0.1211,0.1242,ok,104.7
2025-01-05,TILK,Тиличики,60.43862365,166.08958808,100.1423,1,20,-0.0216,0.0440,0.0300,0.0575,ok,162.1
2025-01-05,UFA1,Уфа,0.00000000,0.00000000,0.0000,0,0,0.0000,0.0000,0.0000,0.0000,no_obs,7.8
2025-01-05,TIXG,Тикси,71.63447146,128.86643008,47.1382,1,26,-0.0020,-0.0030,0.0731,0.0732,ok,172.3
2025-01-05,TULN,Тулун,54.59601391,100.65583747,483.9821,1,24,0.0191,0.0118,-0.1355,0.1374,ok,179.9
2025-01-05,USNR,Усть-Нера,0.00000000,0.00000000,0.0000,0,0,0.0000,0.0000,0.0000,0.0000,no_obs,7.4
2025-01-05,VANA,Ванавара,0.00000000,0.00000000,0.0000,0,0,0.0000,0.0000,0.0000,0.0000,no_obs,8.0
2025-01-05,TURR,Тура,64.27144453,100.21571771,160.7036,1,25,-0.0144,0.0098,-0.1475,0.1485,ok,192.0
2025-01-05,UFGS,Уварово,51.99910085,42.24247064,159.3993,1,22,0.0106,0.0057,-0.0909,0.0917,ok,130.4
2025-01-05,VLS2,Вилюйск,0.00000000,0.00000000,0.0000,0,0,0.0000,0.0000,0.0000,0.0000,no_obs,7.8
2025-01-05,UNGN,Уньюган,61.95531882,64.93693702,99.2436,1,27,0.0210,-0.0167,-0.0368,0.0455,ok,155.3
2025-01-05,VOLG,Волгоград,0.00000000,0.00000000,0.0000,0,0,0.0000,0.0000,0.0000,0.0000,no_obs,7.8
2025-01-05,VLDV,Владивосток,43.35956624,132.19610389,90.1002,1,17,-0.0548,0.0503,-0.0136,0.0756,ok,149.0
2025-01-05,VLS1,Вилюйск,63.75300419,121.63531435,95.7849,1,26,0.0008,0.0098,-0.0047,0.0109,ok,183.3
2025-01-05,WAGI,Вагай,0.00000000,0.00000000,0.0000,0,0,0.0000,0.0000,0.0000,0.0000,no_obs,7.5
2025-01-05,VNOV,В.Новгород(2),58.53356494,31.26084122,59.0055,1,23,-0.0069,0.0037,-0.0193,0.0208,ok,166.3
2025-01-05,ZHEL,Железногорск,0.00000000,0.00000000,0.0000,0,0,0.0000,0.0000,0.0000,0.0000,ppp_failed,10.0
2025-01-05,VRH1,Верхоянск,67.56543289,133.41168289,133.5098,1,25,-0.0432,0.0156,-0.0157,0.0486,ok,158.4
2025-01-05,ZVRG,Звериноголовское,54.46200867,64.86913213,98.0850,1,15,0.0263,0.0105,-0.0344,0.0446,ok,54.8
2025-01-05,VRH2,Верхоянск,67.56541990,133.41162818,133.5379,1,28,-0.0053,0.0086,-0.0391,0.0404,ok,209.3
2025-01-06,AGA1,Александров Гай,0.00000000,0.00000000,0.0000,0,0,0.0000,0.0000,0.0000,0.0000,no_obs,9.4
2025-01-06,ANDR,Анадырь,64.73536206,177.50997252,64.9291,1,17,-0.0192,0.0509,0.0213,0.0584,ok,134.9
2025-01-06,AST3,Астрахань,46.35357969,48.05647293,8.6295,6,13,-0.0011,-0.0105,-0.0435,0.0448,ok,16.3
2025-01-06,AMDR,Амдерма,69.75947696,61.67869996,46.0339,1,26,-0.0530,0.0433,-0.0017,0.0685,ok,207.7
2025-01-06,ANTP,Антипаюта,69.10440764,76.85984656,-7.6272,1,26,-0.0010,0.0167,-0.0077,0.0184,ok,211.9
2025-01-06,ARKH,Архангельск,64.54929844,40.52603498,60.9696,1,25,-0.0009,0.0112,0.0009,0.0113,ok,208.5
2025-01-06,BGHN,Богучаны,0.00000000,0.00000000,0.0000,0,0,0.0000,0.0000,0.0000,0.0000,no_obs,7.4
2025-01-06,BIRY,Биряково,0.00000000,0.00000000,0.0000,0,0,0.0000,0.0000,0.0000,0.0000,no_obs,8.0
2025-01-06,BELG,Белгород,50.63991837,36.57157557,241.0209,1,25,0.0002,-0.0073,-0.0144,0.0161,ok,48.7
2025-01-06,AYN1,Аян,56.46307559,138.17528726,31.7111,1,19,-0.0132,0.0040,-0.0182,0.0228,ok,190.0
2025-01-06,BARE,Баренцбург,78.06325711,14.23890624,290.6112,1,24,0.0000,0.0000,0.0000,0.0000,ok,211.7
2025-01-06,BORO,Бор,61.58027934,90.03403889,31.1270,1,25,-0.0031,-0.0136,-0.0039,0.0145,ok,189.1
2025-01-06,CRS1,Черский,0.00000000,0.00000000,0.0000,0,0,0.0000,0.0000,0.0000,0.0000,no_obs,7.3
2025-01-06,CHIT,Чита,52.02288911,113.51628485,666.8125,1,22,0.0268,0.0134,0.0204,0.0362,ok,173.1
2025-01-06,CRS2,Черский,0.00000000,0.00000000,0.0000,0,0,0.0000,0.0000,0.0000,0.0000,no_obs,7.8
2025-01-06,DKSN,Диксон,0.00000000,0.00000000,0.0000,0,0,0.0000,0.0000,0.0000,0.0000,no_obs,8.1
2025-01-06,CHRD,Чокурдах,70.62212161,147.89793328,48.9056,1,18,-0.0076,0.0436,-0.0001,0.0442,ok,192.2
2025-01-06,ELIS,Элиста,46.30902013,44.31143438,153.8007,1,22,0.0138,-0.0071,-0.0922,0.0935,ok,122.7
2025-01-06,HES1,Земля Франца-Иосифа,0.00000000,0.00000000,0.0000,0,0,0.0000,0.0000,0.0000,0.0000,no_obs,8.0
2025-01-06,HES2,Земля Франца-Иосифа,0.00000000,0.00000000,0.0000,0,0,0.0000,0.0000,0.0000,0.0000,no_obs,7.5
2025-01-06,IRAE,Ираёль,0.00000000,0.00000000,0.0000,0,0,0.0000,0.0000,0.0000,0.0000,no_obs,7.9
2025-01-06,EKTG,Екатеринбург,56.87753348,60.68117463,294.9906,1,19,0.0125,0.0027,-0.0043,0.0135,ok,167.4
2025-01-06,ITKL,Ытык-Кюёль,0.00000000,0.00000000,0.0000,0,0,0.0000,0.0000,0.0000,0.0000,no_obs,7.7
2025-01-06,IRKO,Иркутск,52.30810506,104.33098029,468.2030,1,20,-0.0096,-0.0068,0.0583,0.0595,ok,42.1
2025-01-06,CNG1,Москва,55.85503163,37.51604421,191.6871,1,24,0.0052,0.0091,-0.0152,0.0184,ok,213.6
2025-01-06,FSVO,Свободный,51.36997889,128.13168618,208.7008,1,19,0.0007,-0.0384,0.0054,0.0388,ok,163.1
2025-01-06,KARG,Каргополь,0.00000000,0.00000000,0.0000,0,0,0.0000,0.0000,0.0000,0.0000,no_obs,8.2
2025-01-06,KERC,Керчь,0.00000000,0.00000000,0.0000,0,0,0.0000,0.0000,0.0000,0.0000,no_obs,7.9
2025-01-06,ITRP,Курильск,45.25361208,147.88651408,55.8366,1,19,0.0139,-0.0233,-0.1153,0.1185,ok,119.7
2025-01-06,IZVK,Ижевск,56.83623970,53.45723613,160.7663,1,24,0.0019,0.0128,-0.0139,0.0190,ok,137.1
2025-01-06,KAGP,Красноярск,56.03386912,92.86190878,224.3446,1,24,-0.0130,-0.0037,0.0027,0.0138,ok,139.7
2025-01-06,KHAZ,Хабаровск,48.44537282,135.13893915,90.2183,1,18,0.0271,-0.0703,0.0255,0.0795,ok,131.3
2025-01-06,KIRV,Киров,58.57002360,49.57241528,164.6219,1,22,0.0129,0.0148,-0.0083,0.0213,ok,150.2
2025-01-06,KLCH,Ключи,56.32414934,160.82601401,49.3752,1,19,-0.0065,-0.0118,-0.0345,0.0370,ok,144.2
2025-01-06,KIZ1,Кызыл,51.71963803,94.45472206,588.6490,1,23,-0.0065,-0.0087,0.0130,0.0170,ok,176.4
2025-01-06,KLN1,Калининград,54.71127360,20.43630249,58.8842,1,22,0.0024,0.0055,-0.0072,0.0094,ok,167.0
2025-01-06,KOTL,Котлас,61.25092365,46.63250793,79.0961,1,21,0.0135,0.0056,-0.0500,0.0521,ok,98.9
2025-01-06,LOVJ,Ловозеро,0.00000000,0.00000000,0.0000,0,0,0.0000,0.0000,0.0000,0.0000,no_obs,7.3
2025-01-06,KNDL,Кондоль,52.82730678,45.06241912,235.7034,1,23,0.0221,0.0087,0.0022,0.0238,ok,164.1
2025-01-06,KLPS,Колпашево,58.32583954,82.95056699,50.0229,1,25,0.0148,-0.0321,-0.0487,0.0602,ok,205.3
2025-01-06,LVR1,Лаврентия,65.57884738,-171.00766258,14.9653,1,16,-0.0233,0.0198,-0.1496,0.1527,ok,74.3
2025-01-06,MAMA,Мамакан,0.00000000,0.00000000,0.0000,0,0,0.0000,0.0000,0.0000,0.0000,no_obs,7.4
2025-01-06,KZDV,Кузедеево,53.34104035,87.18564735,254.2386,1,26,-0.0061,0.0133,-0.0162,0.0219,ok,181.8
2025-01-06,MAG1,Магадан,59.57733806,150.81044393,74.0497,1,20,-0.0145,0.0497,0.0488,0.0711,ok,143.0
2025-01-06,MFGS,Мичуринский,0.00000000,0.00000000,0.0000,0,0,0.0000,0.0000,0.0000,0.0000,no_obs,7.4
2025-01-06,MBR1,Северная Земля,79.27980473,101.61977578,27.2022,1,27,-0.0015,0.0045,-0.1122,0.1123,ok,162.0
2025-01-06,LVR2,Лаврентия,65.57886787,-171.00769133,15.0062,1,26,-0.0328,0.0222,-0.0990,0.1066,ok,244.9
2025-01-06,MHCH,Махачкала,43.02999159,47.45898068,-22.5621,1,20,0.0132,0.0009,-0.0352,0.0376,ok,56.9
2025-01-06,MKR2,Новая Земля,0.00000000,0.00000000,0.0000,0,0,0.0000,0.0000,0.0000,0.0000,no_obs,7.5
2025-01-06,MOBJ,Обнинск,0.00000000,0.00000000,0.0000,0,0,0.0000,0.0000,0.0000,0.0000,no_obs,7.6
2025-01-06,MGNS,Магнитогорск,53.38226391,59.13313821,374.3744,1,23,-0.0194,0.0313,-0.1645,0.1686,ok,165.8
2025-01-06,MYRN,Мирный,0.00000000,0.00000000,0.0000,0,0,0.0000,0.0000,0.0000,0.0000,no_obs,7.7
2025-01-06,MBR2,Северная Земля,79.27971559,101.61986701,27.3935,1,31,0.0032,0.0074,-0.0758,0.0762,ok,251.1
2025-01-06,MKR1,Новая Земля,72.37465340,52.71640878,23.5133,1,25,0.0021,0.0140,0.0024,0.0144,ok,154.2
2025-01-06,NERY,Нерюнгри,56.66718667,124.72585084,845.3141,1,15,0.0169,-0.0210,-0.0287,0.0394,ok,82.7
2025-01-06,MURM,Мурманск,68.96603226,33.09225246,96.5457,1,24,0.0079,0.0164,0.0542,0.0572,ok,202.3
2025-01-06,NARY,Нарьян-Мар,67.62576148,53.02039558,9.5088,1,26,-0.0005,0.0077,-0.0095,0.0122,ok,213.0
2025-01-06,NIRO,Ныроб,60.73491559,56.71160491,152.1706,1,26,0.0175,-0.0066,-0.0265,0.0324,ok,171.0
2025-01-06,NRIL,Норильск,0.00000000,0.00000000,0.0000,0,0,0.0000,0.0000,0.0000,0.0000,no_obs,7.6
2025-01-06,NNOV,Н.Новгород,56.29180592,44.03421763,178.5807,1,23,0.0049,-0.0015,-0.0088,0.0102,ok,209.9
2025-01-06,NOVG,В.Новгород,58.53355614,31.26083542,59.0108,1,18,0.0095,0.0374,-0.0377,0.0539,ok,170.4
2025-01-06,NOYA,Ноябрьск,63.18586381,75.44895811,108.5331,1,27,0.0349,0.0028,-0.0285,0.0451,ok,155.8
2025-01-06,OLE1,Олекминск,0.00000000,0.00000000,0.0000,0,0,0.0000,0.0000,0.0000,0.0000,no_obs,7.9
2025-01-06,OLE2,Олекминск,0.00000000,0.00000000,0.0000,0,0,0.0000,0.0000,0.0000,0.0000,no_obs,7.3
2025-01-06,NSK1,Новосибирск,55.01225500,82.98502427,141.1400,1,24,0.0023,-0.0009,-0.0177,0.0179,ok,203.3
2025-01-06,OLNK,Оленёк,0.00000000,0.00000000,0.0000,0,0,0.0000,0.0000,0.0000,0.0000,no_obs,7.9
2025-01-06,OHA1,Оха,53.58964964,142.95336966,49.8775,1,21,0.0026,0.0026,0.0156,0.0160,ok,142.3
2025-01-06,OKTB,Казань,55.83948597,48.81177857,99.9698,1,23,0.0028,0.0125,-0.0242,0.0274,ok,155.9
2025-01-06,OLGA,Ольга,43.75327608,135.31143893,48.9608,1,18,0.0103,-0.0002,-0.0154,0.0185,ok,165.2
2025-01-06,OREN,Оренбург,51.75972708,55.09966446,106.8706,1,21,0.0183,0.0154,-0.0149,0.0282,ok,143.0
2025-01-06,OMSR,Омск,55.02705212,73.40508732,107.6204,1,26,0.0147,-0.0007,-0.0172,0.0226,ok,189.7
2025-01-06,ONGY,Онгудай,50.74665121,86.13584017,794.7338,1,24,-0.0043,0.0174,-0.0254,0.0311,ok,191.5
2025-01-06,POLO,Полины Осипенко,0.00000000,0.00000000,0.0000,0,0,0.0000,0.0000,0.0000,0.0000,no_obs,7.6
2025-01-06,PRVM,Первомайск,0.00000000,0.00000000,0.0000,0,0,0.0000,0.0000,0.0000,0.0000,no_obs,7.9
2025-01-06,PTGK,Пятигорск,0.00000000,0.00000000,0.0000,0,0,0.0000,0.0000,0.0000,0.0000,no_obs,7.6
2025-01-06,PULJ,Пулково,0.00000000,0.00000000,0.0000,0,0,0.0000,0.0000,0.0000,0.0000,no_obs,7.5
2025-01-06,OXTK,Охотск,59.36039300,143.23484330,19.2030,1,21,-0.0290,0.0179,0.0076,0.0349,ok,162.7
2025-01-06,PEVK,Певек,69.70041263,170.25729426,7.6566,1,20,-0.0479,0.0235,-0.0236,0.0584,ok,167.1
2025-01-06,RSTS,Ростов-на-Дону,0.00000000,0.00000000,0.0000,0,0,0.0000,0.0000,0.0000,0.0000,no_obs,8.0
2025-01-06,RYR1,Рыркайпий,0.00000000,0.00000000,0.0000,0,0,0.0000,0.0000,0.0000,0.0000,no_obs,7.5
2025-01-06,RYR2,Рыркайпий,0.00000000,0.00000000,0.0000,0,0,0.0000,0.0000,0.0000,0.0000,no_obs,7.6
2025-01-06,RBCS,Рубцовск,51.57501571,81.19611275,178.0536,1,24,0.0176,-0.0267,-0.0425,0.0532,ok,165.5
2025-01-06,PNGD,Пангоды,65.84920523,74.50720549,33.6446,1,26,0.0014,0.0110,-0.0187,0.0217,ok,217.1
2025-01-06,RGSK,Ряжск,53.69968148,40.11259932,138.4516,1,23,0.0087,0.0071,0.0851,0.0858,ok,170.5
2025-01-06,SEV1,Севастополь,0.00000000,0.00000000,0.0000,0,0,0.0000,0.0000,0.0000,0.0000,no_obs,7.7
2025-01-06,SEVR,Северное,0.00000000,0.00000000,0.0000,0,0,0.0000,0.0000,0.0000,0.0000,no_obs,7.6
2025-01-06,SAMR,Самара,53.22869781,50.23363856,114.5910,1,23,-0.0280,0.0089,-0.0572,0.0643,ok,163.4
2025-01-06,SEMH,Сеймчан,62.93334702,152.38434605,228.4559,1,22,0.0358,0.0027,0.0214,0.0418,ok,122.9
2025-01-06,SEGE,Сегежа,63.75881005,34.28673798,129.2210,1,25,0.0104,0.0134,-0.0896,0.0912,ok,217.0
2025-01-06,SLH1,Салехард,66.52902431,66.60633937,48.5650,1,27,0.0027,0.0054,-0.0139,0.0152,ok,181.6
2025-01-06,SVK2,Северо-Курильск,0.00000000,0.00000000,0.0000,0,0,0.0000,0.0000,0.0000,0.0000,no_obs,8.1
2025-01-06,SVK1,Северо-Курильск,50.66629826,156.11848393,46.1016,1,19,0.0136,-0.0283,-0.1288,0.1326,ok,93.4
2025-01-06,SYTO,Сытомино,0.00000000,0.00000000,0.0000,0,0,0.0000,0.0000,0.0000,0.0000,no_obs,8.4
2025-01-06,TRH1,Туруханск,0.00000000,0.00000000,0.0000,0,0,0.0000,0.0000,0.0000,0.0000,no_obs,7.3
2025-01-06,SPB2,С-Петербург,59.89064603,30.36148806,48.6797,1,17,0.0041,0.0002,0.0242,0.0245,ok,118.1
2025-01-06,TRH2,Туруханск,0.00000000,0.00000000,0.0000,0,0,0.0000,0.0000,0.0000,0.0000,no_obs,8.1
2025-01-06,TILK,Тиличики,60.43862366,166.08958799,100.1346,1,19,-0.0203,0.0393,0.0223,0.0495,ok,107.6
2025-01-06,TUAP,Туапсе,44.10285520,39.03753532,111.0366,1,20,0.0092,0.0071,-0.1344,0.1349,ok,99.1
2025-01-06,UFA1,Уфа,0.00000000,0.00000000,0.0000,0,0,0.0000,0.0000,0.0000,0.0000,no_obs,7.6
2025-01-06,TIXG,Тикси,71.63447146,128.86643011,47.1362,1,25,-0.0025,-0.0018,0.0711,0.0712,ok,162.5
2025-01-06,TULN,Тулун,54.59601387,100.65583752,483.9891,1,20,0.0153,0.0150,-0.1285,0.1303,ok,208.4
2025-01-06,USNR,Усть-Нера,0.00000000,0.00000000,0.0000,0,0,0.0000,0.0000,0.0000,0.0000,no_obs,7.9
2025-01-06,VANA,Ванавара,0.00000000,0.00000000,0.0000,0,0,0.0000,0.0000,0.0000,0.0000,no_obs,8.3
2025-01-06,UFGS,Уварово,51.99910087,42.24247079,159.3981,1,23,0.0129,0.0155,-0.0921,0.0943,ok,155.5
2025-01-06,TURR,Тура,64.27144451,100.21571772,160.7083,1,26,-0.0165,0.0103,-0.1428,0.1441,ok,210.6
2025-01-06,VLS2,Вилюйск,0.00000000,0.00000000,0.0000,0,0,0.0000,0.0000,0.0000,0.0000,no_obs,7.4
2025-01-06,UNGN,Уньюган,61.95531879,64.93693720,99.2403,1,26,0.0179,-0.0074,-0.0401,0.0445,ok,172.1
2025-01-06,VOLG,Волгоград,0.00000000,0.00000000,0.0000,0,0,0.0000,0.0000,0.0000,0.0000,no_obs,7.7
2025-01-06,VLDV,Владивосток,43.35956629,132.19610435,90.0409,1,19,-0.0498,0.0877,-0.0729,0.1245,ok,135.5
2025-01-06,VLS1,Вилюйск,63.75300414,121.63531436,95.7879,1,24,-0.0044,0.0105,-0.0017,0.0116,ok,185.3
2025-01-06,WAGI,Вагай,0.00000000,0.00000000,0.0000,0,0,0.0000,0.0000,0.0000,0.0000,no_obs,7.5
2025-01-06,VRH1,Верхоянск,67.56543293,133.41168278,133.5124,1,23,-0.0392,0.0109,-0.0131,0.0427,ok,149.0
2025-01-06,VNOV,В.Новгород(2),58.53356495,31.26084133,59.0107,1,23,-0.0052,0.0101,-0.0141,0.0181,ok,189.3
2025-01-06,ZVRG,Звериноголовское,54.46200869,64.86913226,98.0824,1,21,0.0286,0.0190,-0.0370,0.0505,ok,45.0
2025-01-06,VRH2,Верхоянск,67.56541990,133.41162817,133.5403,1,30,-0.0045,0.0082,-0.0367,0.0379,ok,237.8
2025-01-06,ZHEL,Железногорск,56.59014271,104.11712454,419.6554,1,18,-0.0154,-0.0053,-0.0577,0.0600,ok,153.8
2025-01-07,AGA1,Александров Гай,0.00000000,0.00000000,0.0000,0,0,0.0000,0.0000,0.0000,0.0000,no_obs,8.8
2025-01-07,ANDR,Анадырь,0.00000000,0.00000000,0.0000,0,0,0.0000,0.0000,0.0000,0.0000,ppp_failed,16.5
2025-01-07,AST3,Астрахань,46.35357968,48.05647292,8.6360,6,11,-0.0017,-0.0116,-0.0370,0.0388,ok,22.2
2025-01-07,ANTP,Антипаюта,69.10440766,76.85984665,-7.6315,1,26,0.0021,0.0202,-0.0120,0.0236,ok,168.3
2025-01-07,ARKH,Архангельск,64.54929845,40.52603504,60.9710,1,26,0.0002,0.0141,0.0023,0.0143,ok,163.5
2025-01-07,AMDR,Амдерма,69.75947699,61.67870004,46.0333,1,25,-0.0500,0.0463,-0.0023,0.0682,ok,176.8
2025-01-07,BGHN,Богучаны,0.00000000,0.00000000,0.0000,0,0,0.0000,0.0000,0.0000,0.0000,no_obs,8.0
2025-01-07,BIRY,Биряково,0.00000000,0.00000000,0.0000,0,0,0.0000,0.0000,0.0000,0.0000,no_obs,7.7
2025-01-07,BELG,Белгород,50.63991851,36.57157535,240.9796,1,15,0.0156,-0.0230,-0.0557,0.0622,ok,22.3
2025-01-07,AYN1,Аян,56.46307563,138.17528728,31.7041,1,19,-0.0094,0.0054,-0.0252,0.0274,ok,171.4
2025-01-07,CHIT,Чита,52.02288909,113.51628415,666.7886,1,24,0.0245,-0.0345,-0.0035,0.0424,ok,98.8
2025-01-07,BARE,Баренцбург,78.06325717,14.23890645,290.6084,1,24,0.0000,0.0000,0.0000,0.0000,ok,157.8
2025-01-07,CRS1,Черский,0.00000000,0.00000000,0.0000,0,0,0.0000,0.0000,0.0000,0.0000,no_obs,7.7
2025-01-07,CRS2,Черский,0.00000000,0.00000000,0.0000,0,0,0.0000,0.0000,0.0000,0.0000,no_obs,7.6
2025-01-07,DKSN,Диксон,0.00000000,0.00000000,0.0000,0,0,0.0000,0.0000,0.0000,0.0000,no_obs,7.7
2025-01-07,BORO,Бор,61.58027936,90.03403876,31.1219,1,23,-0.0010,-0.0204,-0.0090,0.0223,ok,176.5
2025-01-07,CHRD,Чокурдах,70.62212158,147.89793331,48.8920,1,26,-0.0116,0.0447,-0.0137,0.0482,ok,184.2
2025-01-07,CNG1,Москва,55.85503163,37.51604412,191.6997,1,23,0.0050,0.0035,-0.0026,0.0066,ok,178.1
2025-01-07,HES1,Земля Франца-Иосифа,0.00000000,0.00000000,0.0000,0,0,0.0000,0.0000,0.0000,0.0000,no_obs,8.0
2025-01-07,ELIS,Элиста,46.30902009,44.31143445,153.8112,1,24,0.0103,-0.0013,-0.0817,0.0824,ok,115.1
2025-01-07,HES2,Земля Франца-Иосифа,0.00000000,0.00000000,0.0000,0,0,0.0000,0.0000,0.0000,0.0000,no_obs,7.3
2025-01-07,IRAE,Ираёль,0.00000000,0.00000000,0.0000,0,0,0.0000,0.0000,0.0000,0.0000,no_obs,7.2
2025-01-07,ITKL,Ытык-Кюёль,0.00000000,0.00000000,0.0000,0,0,0.0000,0.0000,0.0000,0.0000,no_obs,7.7
2025-01-07,IRKO,Иркутск,52.30810486,104.33098071,468.2096,1,17,-0.0315,0.0217,0.0649,0.0754,ok,35.5
2025-01-07,EKTG,Екатеринбург,56.87753347,60.68117461,294.9885,1,19,0.0114,0.0019,-0.0064,0.0132,ok,183.7
2025-01-07,FSVO,Свободный,51.36997890,128.13168626,208.6892,1,17,0.0018,-0.0332,-0.0062,0.0339,ok,164.7
2025-01-07,KARG,Каргополь,0.00000000,0.00000000,0.0000,0,0,0.0000,0.0000,0.0000,0.0000,no_obs,7.7
2025-01-07,KERC,Керчь,0.00000000,0.00000000,0.0000,0,0,0.0000,0.0000,0.0000,0.0000,no_obs,7.4
2025-01-07,ITRP,Курильск,45.25361210,147.88651419,55.8184,1,19,0.0155,-0.0151,-0.1335,0.1352,ok,158.6
2025-01-07,IZVK,Ижевск,56.83623968,53.45723611,160.7638,1,25,-0.0011,0.0113,-0.0164,0.0199,ok,178.4
2025-01-07,KAGP,Красноярск,56.03386913,92.86190869,224.3406,1,23,-0.0117,-0.0095,-0.0013,0.0151,ok,173.6
2025-01-07,KHAZ,Хабаровск,48.44537282,135.13893919,90.2078,1,17,0.0266,-0.0674,0.0150,0.0740,ok,150.1
2025-01-07,KIRV,Киров,58.57002359,49.57241531,164.6198,1,20,0.0113,0.0168,-0.0104,0.0228,ok,166.6
2025-01-07,KLCH,Ключи,56.32414934,160.82601400,49.3729,1,19,-0.0060,-0.0121,-0.0368,0.0392,ok,128.6
2025-01-07,KIZ1,Кызыл,51.71963805,94.45472198,588.6433,1,23,-0.0049,-0.0142,0.0073,0.0167,ok,174.0
2025-01-07,KLN1,Калининград,54.71127360,20.43630247,58.8764,1,23,0.0033,0.0040,-0.0150,0.0159,ok,156.7
2025-01-07,KLPS,Колпашево,58.32583953,82.95056693,50.0165,1,25,0.0141,-0.0357,-0.0551,0.0672,ok,160.3
2025-01-07,LOVJ,Ловозеро,0.00000000,0.00000000,0.0000,0,0,0.0000,0.0000,0.0000,0.0000,no_obs,7.8
2025-01-07,KNDL,Кондоль,52.82730677,45.06241917,235.7046,1,22,0.0206,0.0121,0.0034,0.0242,ok,197.3
2025-01-07,KOTL,Котлас,61.25092356,46.63250798,79.1294,1,25,0.0029,0.0087,-0.0167,0.0191,ok,183.4
2025-01-07,KZDV,Кузедеево,53.34104035,87.18564729,254.2354,1,26,-0.0056,0.0096,-0.0194,0.0223,ok,196.0
2025-01-07,MAMA,Мамакан,0.00000000,0.00000000,0.0000,0,0,0.0000,0.0000,0.0000,0.0000,no_obs,7.6
2025-01-07,LVR1,Лаврентия,65.57884734,-171.00766251,14.9786,1,17,-0.0272,0.0230,-0.1363,0.1409,ok,149.8
2025-01-07,MAG1,Магадан,59.57733806,150.81044397,74.0495,1,21,-0.0141,0.0518,0.0486,0.0724,ok,189.7
2025-01-07,MFGS,Мичуринский,0.00000000,0.00000000,0.0000,0,0,0.0000,0.0000,0.0000,0.0000,no_obs,7.8
2025-01-07,MBR1,Северная Земля,79.27980473,101.61977586,27.2046,1,29,-0.0018,0.0062,-0.1098,0.1100,ok,182.1
2025-01-07,LVR2,Лаврентия,65.57886788,-171.00769138,15.0135,1,27,-0.0324,0.0201,-0.0917,0.0993,ok,243.0
2025-01-07,MHCH,Махачкала,43.02999149,47.45898082,-22.5229,1,19,0.0026,0.0125,0.0040,0.0134,ok,61.5
2025-01-07,MKR2,Новая Земля,0.00000000,0.00000000,0.0000,0,0,0.0000,0.0000,0.0000,0.0000,no_obs,8.2
2025-01-07,MOBJ,Обнинск,0.00000000,0.00000000,0.0000,0,0,0.0000,0.0000,0.0000,0.0000,no_obs,7.5
2025-01-07,MGNS,Магнитогорск,53.38226389,59.13313815,374.3784,1,24,-0.0218,0.0274,-0.1605,0.1643,ok,125.8
2025-01-07,MBR2,Северная Земля,79.27971559,101.61986710,27.3903,1,31,0.0028,0.0094,-0.0790,0.0796,ok,246.9
2025-01-07,MYRN,Мирный,0.00000000,0.00000000,0.0000,0,0,0.0000,0.0000,0.0000,0.0000,no_obs,7.3
2025-01-07,MKR1,Новая Земля,72.37465341,52.71640893,23.5114,1,25,0.0034,0.0190,0.0005,0.0193,ok,155.1
2025-01-07,NERY,Нерюнгри,56.66718666,124.72585085,845.3134,1,13,0.0151,-0.0206,-0.0294,0.0390,ok,83.6
2025-01-07,MURM,Мурманск,68.96603228,33.09225243,96.5431,1,24,0.0093,0.0153,0.0516,0.0546,ok,163.8
2025-01-07,NARY,Нарьян-Мар,67.62576147,53.02039552,9.5092,1,26,-0.0019,0.0053,-0.0091,0.0107,ok,214.0
2025-01-07,NIRO,Ныроб,60.73491558,56.71160489,152.1615,1,25,0.0158,-0.0075,-0.0356,0.0397,ok,192.9
2025-01-07,NRIL,Норильск,0.00000000,0.00000000,0.0000,0,0,0.0000,0.0000,0.0000,0.0000,no_obs,8.2
2025-01-07,NNOV,Н.Новгород,56.29180593,44.03421761,178.5826,1,23,0.0054,-0.0027,-0.0069,0.0092,ok,166.7
2025-01-07,NOVG,В.Новгород,58.53355613,31.26083531,59.0172,1,21,0.0091,0.0311,-0.0313,0.0450,ok,140.1
2025-01-07,OHA1,Оха,53.58964964,142.95336972,49.8782,1,18,0.0024,0.0067,0.0163,0.0178,ok,138.9
2025-01-07,OLE1,Олекминск,0.00000000,0.00000000,0.0000,0,0,0.0000,0.0000,0.0000,0.0000,no_obs,7.5
2025-01-07,OLE2,Олекминск,0.00000000,0.00000000,0.0000,0,0,0.0000,0.0000,0.0000,0.0000,no_obs,7.6
2025-01-07,NOYA,Ноябрьск,63.18586384,75.44895816,108.5227,1,27,0.0372,0.0054,-0.0389,0.0541,ok,191.0
2025-01-07,OLNK,Оленёк,0.00000000,0.00000000,0.0000,0,0,0.0000,0.0000,0.0000,0.0000,no_obs,8.0
2025-01-07,OKTB,Казань,55.83948596,48.81177852,99.9685,1,22,0.0012,0.0096,-0.0255,0.0273,ok,196.8
2025-01-07,NSK1,Новосибирск,55.01225498,82.98502419,141.1319,1,24,0.0010,-0.0057,-0.0258,0.0264,ok,215.5
2025-01-07,OREN,Оренбург,51.75972707,55.09966448,106.8690,1,21,0.0173,0.0164,-0.0165,0.0290,ok,89.9
2025-01-07,OMSR,Омск,55.02705212,73.40508724,107.6168,1,26,0.0143,-0.0058,-0.0208,0.0259,ok,138.7
2025-01-07,OLGA,Ольга,43.75327609,135.31143897,48.9584,1,17,0.0121,0.0029,-0.0178,0.0217,ok,148.9
2025-01-07,ONGY,Онгудай,50.74665121,86.13584011,794.7293,1,24,-0.0041,0.0133,-0.0299,0.0330,ok,187.5
2025-01-07,POLO,Полины Осипенко,0.00000000,0.00000000,0.0000,0,0,0.0000,0.0000,0.0000,0.0000,no_obs,8.1
2025-01-07,PRVM,Первомайск,0.00000000,0.00000000,0.0000,0,0,0.0000,0.0000,0.0000,0.0000,no_obs,7.7
2025-01-07,PTGK,Пятигорск,0.00000000,0.00000000,0.0000,0,0,0.0000,0.0000,0.0000,0.0000,no_obs,7.8
2025-01-07,PULJ,Пулково,0.00000000,0.00000000,0.0000,0,0,0.0000,0.0000,0.0000,0.0000,no_obs,7.9
2025-01-07,OXTK,Охотск,59.36039298,143.23484336,19.2026,1,21,-0.0307,0.0216,0.0072,0.0382,ok,150.6
2025-01-07,PEVK,Певек,69.70041261,170.25729436,7.6573,1,24,-0.0501,0.0275,-0.0229,0.0615,ok,170.2
2025-01-07,RSTS,Ростов-на-Дону,0.00000000,0.00000000,0.0000,0,0,0.0000,0.0000,0.0000,0.0000,no_obs,7.7
2025-01-07,PNGD,Пангоды,65.84920521,74.50720560,33.6421,1,27,0.0001,0.0157,-0.0212,0.0264,ok,184.1
2025-01-07,RYR1,Рыркайпий,0.00000000,0.00000000,0.0000,0,0,0.0000,0.0000,0.0000,0.0000,no_obs,7.8
2025-01-07,RYR2,Рыркайпий,0.00000000,0.00000000,0.0000,0,0,0.0000,0.0000,0.0000,0.0000,no_obs,8.5
2025-01-07,RBCS,Рубцовск,51.57501571,81.19611272,178.0448,1,25,0.0173,-0.0287,-0.0513,0.0613,ok,153.2
2025-01-07,RGSK,Ряжск,53.69968148,40.11259932,138.4563,1,22,0.0088,0.0071,0.0898,0.0905,ok,170.6
2025-01-07,SEV1,Севастополь,0.00000000,0.00000000,0.0000,0,0,0.0000,0.0000,0.0000,0.0000,no_obs,7.4
2025-01-07,SEVR,Северное,0.00000000,0.00000000,0.0000,0,0,0.0000,0.0000,0.0000,0.0000,no_obs,7.6
2025-01-07,SAMR,Самара,53.22869780,50.23363860,114.5999,1,22,-0.0289,0.0116,-0.0483,0.0574,ok,196.9
2025-01-07,SEGE,Сегежа,63.75881009,34.28673801,129.2241,1,25,0.0146,0.0149,-0.0865,0.0890,ok,191.8
2025-01-07,SEMH,Сеймчан,62.93334702,152.38434608,228.4535,1,23,0.0355,0.0043,0.0190,0.0405,ok,152.2
2025-01-07,SVK2,Северо-Курильск,0.00000000,0.00000000,0.0000,0,0,0.0000,0.0000,0.0000,0.0000,no_obs,8.0
2025-01-07,SYTO,Сытомино,0.00000000,0.00000000,0.0000,0,0,0.0000,0.0000,0.0000,0.0000,no_obs,7.9
2025-01-07,SLH1,Салехард,66.52902431,66.60633934,48.5521,1,27,0.0028,0.0043,-0.0268,0.0273,ok,117.6
2025-01-07,SPB2,С-Петербург,59.89064593,30.36148774,48.6991,1,18,-0.0076,-0.0175,0.0436,0.0476,ok,93.1
2025-01-07,TRH1,Туруханск,0.00000000,0.00000000,0.0000,0,0,0.0000,0.0000,0.0000,0.0000,no_obs,7.6
2025-01-07,TRH2,Туруханск,0.00000000,0.00000000,0.0000,0,0,0.0000,0.0000,0.0000,0.0000,no_obs,7.5
2025-01-07,TUAP,Туапсе,44.10285517,39.03753573,111.0757,1,23,0.0054,0.0400,-0.0953,0.1035,ok,38.7
2025-01-07,SVK1,Северо-Курильск,50.66629828,156.11848395,46.1037,1,20,0.0154,-0.0265,-0.1267,0.1304,ok,182.5
2025-01-07,TILK,Тиличики,60.43862367,166.08958802,100.1301,1,19,-0.0191,0.0405,0.0178,0.0482,ok,167.0
2025-01-07,UFA1,Уфа,0.00000000,0.00000000,0.0000,0,0,0.0000,0.0000,0.0000,0.0000,no_obs,7.7
2025-01-07,TIXG,Тикси,71.63447143,128.86643030,47.1458,1,28,-0.0056,0.0049,0.0807,0.0810,ok,209.2
2025-01-07,TULN,Тулун,54.59601386,100.65583738,483.9811,1,22,0.0142,0.0057,-0.1365,0.1374,ok,199.7
2025-01-07,USNR,Усть-Нера,0.00000000,0.00000000,0.0000,0,0,0.0000,0.0000,0.0000,0.0000,no_obs,7.3
2025-01-07,VANA,Ванавара,0.00000000,0.00000000,0.0000,0,0,0.0000,0.0000,0.0000,0.0000,no_obs,8.0
2025-01-07,TURR,Тура,64.27144455,100.21571754,160.7034,1,25,-0.0113,0.0016,-0.1477,0.1481,ok,212.3
2025-01-07,UFGS,Уварово,51.99910084,42.24247073,159.4072,1,22,0.0097,0.0117,-0.0830,0.0844,ok,195.0
2025-01-07,VLS2,Вилюйск,0.00000000,0.00000000,0.0000,0,0,0.0000,0.0000,0.0000,0.0000,no_obs,7.6
2025-01-07,UNGN,Уньюган,61.95531878,64.93693712,99.2287,1,27,0.0157,-0.0114,-0.0517,0.0552,ok,206.3
2025-01-07,VOLG,Волгоград,0.00000000,0.00000000,0.0000,0,0,0.0000,0.0000,0.0000,0.0000,no_obs,8.1
2025-01-07,VLDV,Владивосток,43.35956622,132.19610386,90.0921,1,17,-0.0567,0.0482,-0.0217,0.0775,ok,144.4
2025-01-07,VLS1,Вилюйск,63.75300416,121.63531438,95.7829,1,25,-0.0015,0.0113,-0.0067,0.0132,ok,180.8
2025-01-07,WAGI,Вагай,0.00000000,0.00000000,0.0000,0,0,0.0000,0.0000,0.0000,0.0000,no_obs,7.6
2025-01-07,VNOV,В.Новгород(2),58.53356494,31.26084125,59.0141,1,23,-0.0063,0.0059,-0.0107,0.0137,ok,182.5
2025-01-07,ZVRG,Звериноголовское,54.46200867,64.86913219,98.0766,6,19,0.0260,0.0144,-0.0428,0.0521,ok,23.9
2025-01-07,VRH1,Верхоянск,67.56543293,133.41168288,133.5079,1,27,-0.0387,0.0154,-0.0176,0.0452,ok,179.8
2025-01-07,ZHEL,Железногорск,56.59014325,104.11712825,419.5688,1,19,0.0443,0.2229,-0.1443,0.2692,ok,84.6
2025-01-07,VRH2,Верхоянск,67.56541992,133.41162819,133.5406,1,24,-0.0021,0.0092,-0.0364,0.0376,ok,244.5
2025-01-08,AGA1,Александров Гай,0.00000000,0.00000000,0.0000,0,0,0.0000,0.0000,0.0000,0.0000,no_obs,8.9
2025-01-08,ANDR,Анадырь,64.73536203,177.50997256,64.9239,1,18,-0.0225,0.0531,0.0161,0.0599,ok,80.7
2025-01-08,AST3,Астрахань,46.35357958,48.05647264,8.7329,6,10,-0.0126,-0.0331,0.0599,0.0696,ok,27.7
2025-01-08,AMDR,Амдерма,69.75947699,61.67869999,46.0345,1,25,-0.0505,0.0444,-0.0011,0.0672,ok,151.5
2025-01-08,AYN1,Аян,56.46307564,138.17528739,31.7047,1,22,-0.0083,0.0123,-0.0246,0.0287,ok,49.6
2025-01-08,ARKH,Архангельск,64.54929843,40.52603498,60.9741,1,23,-0.0020,0.0111,0.0054,0.0125,ok,149.9
2025-01-08,BELG,Белгород,50.63991822,36.57157463,240.8371,6,9,-0.0166,-0.0742,-0.1982,0.2123,ok,8.5
2025-01-08,BGHN,Богучаны,0.00000000,0.00000000,0.0000,0,0,0.0000,0.0000,0.0000,0.0000,no_obs,8.3
2025-01-08,BIRY,Биряково,0.00000000,0.00000000,0.0000,0,0,0.0000,0.0000,0.0000,0.0000,no_obs,7.7
2025-01-08,ANTP,Антипаюта,69.10440762,76.85984668,-7.6349,1,24,-0.0025,0.0216,-0.0154,0.0266,ok,177.2
2025-01-08,CHIT,Чита,52.02288909,113.51628414,666.7882,1,22,0.0238,-0.0353,-0.0039,0.0427,ok,83.5
2025-01-08,BARE,Баренцбург,78.06325716,14.23890630,290.6137,1,22,0.0000,0.0000,0.0000,0.0000,ok,189.8
2025-01-08,CRS1,Черский,0.00000000,0.00000000,0.0000,0,0,0.0000,0.0000,0.0000,0.0000,no_obs,7.8
2025-01-08,CRS2,Черский,0.00000000,0.00000000,0.0000,0,0,0.0000,0.0000,0.0000,0.0000,no_obs,7.8
2025-01-08,CHRD,Чокурдах,70.62212159,147.89793335,48.9004,1,21,-0.0096,0.0463,-0.0053,0.0476,ok,185.9
2025-01-08,BORO,Бор,61.58027935,90.03403882,31.1223,1,25,-0.0027,-0.0173,-0.0086,0.0195,ok,196.3
2025-01-08,DKSN,Диксон,0.00000000,0.00000000,0.0000,0,0,0.0000,0.0000,0.0000,0.0000,no_obs,7.4
2025-01-08,CNG1,Москва,55.85503163,37.51604410,191.6966,1,22,0.0045,0.0017,-0.0057,0.0075,ok,131.9
2025-01-08,HES1,Земля Франца-Иосифа,0.00000000,0.00000000,0.0000,0,0,0.0000,0.0000,0.0000,0.0000,no_obs,7.5
2025-01-08,HES2,Земля Франца-Иосифа,0.00000000,0.00000000,0.0000,0,0,0.0000,0.0000,0.0000,0.0000,no_obs,7.8
2025-01-08,IRAE,Ираёль,0.00000000,0.00000000,0.0000,0,0,0.0000,0.0000,0.0000,0.0000,no_obs,7.3
2025-01-08,IRKO,Иркутск,52.30810504,104.33098024,468.2013,6,13,-0.0123,-0.0102,0.0566,0.0588,ok,17.5
2025-01-08,FSVO,Свободный,51.36997936,128.13168633,208.7363,1,18,0.0522,-0.0281,0.0409,0.0720,ok,68.9
2025-01-08,ITKL,Ытык-Кюёль,0.00000000,0.00000000,0.0000,0,0,0.0000,0.0000,0.0000,0.0000,no_obs,7.7
2025-01-08,ITRP,Курильск,45.25361208,147.88651413,55.8257,6,15,0.0140,-0.0196,-0.1262,0.1285,ok,23.0
2025-01-08,EKTG,Екатеринбург,56.87753343,60.68117464,295.0023,1,17,0.0076,0.0037,0.0074,0.0113,ok,137.7
2025-01-08,KARG,Каргополь,0.00000000,0.00000000,0.0000,0,0,0.0000,0.0000,0.0000,0.0000,no_obs,7.5
2025-01-08,KERC,Керчь,0.00000000,0.00000000,0.0000,0,0,0.0000,0.0000,0.0000,0.0000,no_obs,7.9
2025-01-08,ELIS,Элиста,46.30902008,44.31143434,153.8067,1,21,0.0085,-0.0100,-0.0862,0.0872,ok,157.1
2025-01-08,KHAZ,Хабаровск,48.44537281,135.13893910,90.2131,1,21,0.0260,-0.0740,0.0203,0.0810,ok,49.2
2025-01-08,KAGP,Красноярск,56.03386913,92.86190869,224.3377,1,21,-0.0115,-0.0098,-0.0042,0.0157,ok,127.7
2025-01-08,IZVK,Ижевск,56.83623970,53.45723614,160.7711,1,21,0.0011,0.0130,-0.0091,0.0159,ok,152.7
2025-01-08,KIZ1,Кызыл,51.71963806,94.45472196,588.6414,1,19,-0.0035,-0.0155,0.0054,0.0168,ok,78.3
2025-01-08,KLCH,Ключи,56.32414934,160.82601407,49.3763,1,18,-0.0065,-0.0081,-0.0334,0.0350,ok,77.8
2025-01-08,KIRV,Киров,58.57002359,49.57241534,164.6338,1,18,0.0109,0.0183,0.0036,0.0216,ok,188.9
2025-01-08,KLN1,Калининград,54.71127354,20.43630256,58.8731,1,19,-0.0036,0.0100,-0.0183,0.0211,ok,155.5
2025-01-08,KLPS,Колпашево,58.32583954,82.95056694,50.0133,1,23,0.0148,-0.0350,-0.0583,0.0696,ok,158.3
2025-01-08,LOVJ,Ловозеро,0.00000000,0.00000000,0.0000,0,0,0.0000,0.0000,0.0000,0.0000,no_obs,7.3
2025-01-08,KNDL,Кондоль,52.82730676,45.06241900,235.7100,1,20,0.0188,0.0007,0.0088,0.0207,ok,176.8
2025-01-08,LVR1,Лаврентия,65.57884692,-171.00766232,14.9652,1,15,-0.0740,0.0321,-0.1497,0.1701,ok,63.7
2025-01-08,KZDV,Кузедеево,53.34104036,87.18564724,254.2281,1,21,-0.0047,0.0061,-0.0267,0.0278,ok,156.5
2025-01-08,MAMA,Мамакан,0.00000000,0.00000000,0.0000,0,0,0.0000,0.0000,0.0000,0.0000,no_obs,7.8
2025-01-08,KOTL,Котлас,61.25092356,46.63250793,79.1359,1,23,0.0029,0.0057,-0.0102,0.0120,ok,209.0
2025-01-08,MAG1,Магадан,59.57733805,150.81044402,74.0489,1,20,-0.0151,0.0550,0.0480,0.0745,ok,103.1
2025-01-08,MFGS,Мичуринский,0.00000000,0.00000000,0.0000,0,0,0.0000,0.0000,0.0000,0.0000,no_obs,7.6
2025-01-08,LVR2,Лаврентия,65.57886786,-171.00769152,14.9935,1,23,-0.0344,0.0134,-0.1117,0.1177,ok,223.0
2025-01-08,MBR1,Северная Земля,79.27980472,101.61977618,27.1982,1,25,-0.0029,0.0129,-0.1162,0.1169,ok,203.6
2025-01-08,MGNS,Магнитогорск,53.38226387,59.13313816,374.3777,1,23,-0.0231,0.0282,-0.1612,0.1653,ok,134.7
2025-01-08,MBR2,Северная Земля,79.27971558,101.61986727,27.3885,1,27,0.0018,0.0129,-0.0808,0.0818,ok,207.1
2025-01-08,MKR2,Новая Земля,0.00000000,0.00000000,0.0000,0,0,0.0000,0.0000,0.0000,0.0000,no_obs,7.3
2025-01-08,MOBJ,Обнинск,0.00000000,0.00000000,0.0000,0,0,0.0000,0.0000,0.0000,0.0000,no_obs,7.9
2025-01-08,MHCH,Махачкала,43.02999148,47.45898078,-22.5258,1,18,0.0009,0.0091,0.0011,0.0092,ok,72.4
2025-01-08,MYRN,Мирный,0.00000000,0.00000000,0.0000,0,0,0.0000,0.0000,0.0000,0.0000,no_obs,8.2
2025-01-08,NERY,Нерюнгри,56.66718666,124.72585083,845.3138,1,13,0.0159,-0.0217,-0.0290,0.0395,ok,39.2
2025-01-08,MURM,Мурманск,68.96603226,33.09225238,96.5472,1,23,0.0073,0.0132,0.0557,0.0577,ok,147.7
2025-01-08,MKR1,Новая Земля,72.37465342,52.71640883,23.5195,1,25,0.0042,0.0156,0.0086,0.0183,ok,170.7
2025-01-08,NARY,Нарьян-Мар,67.62576147,53.02039559,9.5072,1,25,-0.0015,0.0085,-0.0111,0.0140,ok,181.3
2025-01-08,NIRO,Ныроб,60.73491558,56.71160488,152.1699,1,23,0.0162,-0.0080,-0.0272,0.0326,ok,139.6
2025-01-08,NRIL,Норильск,0.00000000,0.00000000,0.0000,0,0,0.0000,0.0000,0.0000,0.0000,no_obs,7.6
2025-01-08,NOVG,В.Новгород,58.53355611,31.26083524,59.0064,1,20,0.0067,0.0274,-0.0421,0.0507,ok,85.5
2025-01-08,NNOV,Н.Новгород,56.29180590,44.03421754,178.5921,1,21,0.0029,-0.0074,0.0026,0.0084,ok,136.7
2025-01-08,NOYA,Ноябрьск,63.18586379,75.44895816,108.5174,1,25,0.0324,0.0055,-0.0442,0.0551,ok,109.8
2025-01-08,OLE1,Олекминск,0.00000000,0.00000000,0.0000,0,0,0.0000,0.0000,0.0000,0.0000,no_obs,7.9
2025-01-08,OLE2,Олекминск,0.00000000,0.00000000,0.0000,0,0,0.0000,0.0000,0.0000,0.0000,no_obs,8.1
2025-01-08,OHA1,Оха,53.58964965,142.95336977,49.8753,1,18,0.0030,0.0099,0.0134,0.0169,ok,79.9
2025-01-08,OLNK,Оленёк,0.00000000,0.00000000,0.0000,0,0,0.0000,0.0000,0.0000,0.0000,no_obs,7.8
2025-01-08,NSK1,Новосибирск,55.01225496,82.98502420,141.1346,1,21,-0.0012,-0.0052,-0.0231,0.0237,ok,135.2
2025-01-08,OLGA,Ольга,43.75327604,135.31143918,48.9584,1,20,0.0065,0.0196,-0.0178,0.0272,ok,44.0
2025-01-08,OKTB,Казань,55.83948596,48.81177850,99.9788,1,20,0.0020,0.0080,-0.0152,0.0173,ok,155.0
2025-01-08,OREN,Оренбург,51.75972828,55.09966447,106.8506,1,18,0.1513,0.0156,-0.0349,0.1561,ok,95.8
2025-01-08,OMSR,Омск,55.02705213,73.40508727,107.6138,1,22,0.0155,-0.0041,-0.0238,0.0287,ok,133.2
2025-01-08,ONGY,Онгудай,50.74665123,86.13584011,794.7234,1,20,-0.0020,0.0132,-0.0358,0.0382,ok,137.8
2025-01-08,POLO,Полины Осипенко,0.00000000,0.00000000,0.0000,0,0,0.0000,0.0000,0.0000,0.0000,no_obs,7.3
2025-01-08,PRVM,Первомайск,0.00000000,0.00000000,0.0000,0,0,0.0000,0.0000,0.0000,0.0000,no_obs,8.1
2025-01-08,PTGK,Пятигорск,0.00000000,0.00000000,0.0000,0,0,0.0000,0.0000,0.0000,0.0000,no_obs,7.8
2025-01-08,PULJ,Пулково,0.00000000,0.00000000,0.0000,0,0,0.0000,0.0000,0.0000,0.0000,no_obs,7.7
2025-01-08,OXTK,Охотск,59.36039299,143.23484347,19.2033,1,20,-0.0300,0.0280,0.0079,0.0418,ok,82.6
2025-01-08,PEVK,Певек,69.70041263,170.25729437,7.6611,1,20,-0.0484,0.0276,-0.0191,0.0589,ok,92.2
2025-01-08,RSTS,Ростов-на-Дону,0.00000000,0.00000000,0.0000,0,0,0.0000,0.0000,0.0000,0.0000,no_obs,7.6
2025-01-08,RYR1,Рыркайпий,0.00000000,0.00000000,0.0000,0,0,0.0000,0.0000,0.0000,0.0000,no_obs,7.4
2025-01-08,RYR2,Рыркайпий,0.00000000,0.00000000,0.0000,0,0,0.0000,0.0000,0.0000,0.0000,no_obs,7.9
2025-01-08,RBCS,Рубцовск,51.57501572,81.19611266,178.0412,1,22,0.0182,-0.0325,-0.0549,0.0663,ok,90.4
2025-01-08,PNGD,Пангоды,65.84920520,74.50720560,33.6358,1,25,-0.0019,0.0158,-0.0275,0.0318,ok,185.3
2025-01-08,RGSK,Ряжск,53.69968147,40.11259916,138.4532,1,20,0.0084,-0.0039,0.0867,0.0872,ok,172.1
2025-01-08,SEV1,Севастополь,0.00000000,0.00000000,0.0000,0,0,0.0000,0.0000,0.0000,0.0000,no_obs,7.6
2025-01-08,SAMR,Самара,53.22869780,50.23363846,114.6035,1,19,-0.0289,0.0025,-0.0447,0.0533,ok,135.3
2025-01-08,SEVR,Северное,0.00000000,0.00000000,0.0000,0,0,0.0000,0.0000,0.0000,0.0000,no_obs,7.9
2025-01-08,SEMH,Сеймчан,62.93334704,152.38434623,228.4559,1,19,0.0384,0.0118,0.0214,0.0455,ok,82.0
2025-01-08,SEGE,Сегежа,63.75881005,34.28673796,129.2260,1,22,0.0107,0.0124,-0.0846,0.0862,ok,170.7
2025-01-08,SVK2,Северо-Курильск,0.00000000,0.00000000,0.0000,0,0,0.0000,0.0000,0.0000,0.0000,no_obs,8.2
2025-01-08,SYTO,Сытомино,0.00000000,0.00000000,0.0000,0,0,0.0000,0.0000,0.0000,0.0000,no_obs,7.5
2025-01-08,SVK1,Северо-Курильск,50.66629825,156.11848396,46.1011,1,17,0.0118,-0.0260,-0.1293,0.1324,ok,59.5
2025-01-08,SPB2,С-Петербург,59.89064598,30.36148790,48.6793,1,14,-0.0010,-0.0086,0.0238,0.0253,ok,91.3
2025-01-08,TRH1,Туруханск,0.00000000,0.00000000,0.0000,0,0,0.0000,0.0000,0.0000,0.0000,no_obs,7.9
2025-01-08,TRH2,Туруханск,0.00000000,0.00000000,0.0000,0,0,0.0000,0.0000,0.0000,0.0000,no_obs,7.5
2025-01-08,SLH1,Салехард,66.52902426,66.60633941,48.5531,1,25,-0.0027,0.0074,-0.0258,0.0270,ok,151.8
2025-01-08,TUAP,Туапсе,44.10285511,39.03753536,111.0583,1,17,-0.0013,0.0099,-0.1127,0.1131,ok,41.4
2025-01-08,TILK,Тиличики,60.43862367,166.08958812,100.1339,1,20,-0.0193,0.0463,0.0216,0.0546,ok,103.9
2025-01-08,UFA1,Уфа,0.00000000,0.00000000,0.0000,0,0,0.0000,0.0000,0.0000,0.0000,no_obs,7.5
2025-01-08,TULN,Тулун,54.59601386,100.65583739,483.9806,1,19,0.0139,0.0066,-0.1370,0.1379,ok,107.7
2025-01-08,TIXG,Тикси,71.63447147,128.86643021,47.1520,1,25,-0.0018,0.0017,0.0869,0.0869,ok,191.9
2025-01-08,USNR,Усть-Нера,0.00000000,0.00000000,0.0000,0,0,0.0000,0.0000,0.0000,0.0000,no_obs,7.6
2025-01-08,VANA,Ванавара,0.00000000,0.00000000,0.0000,0,0,0.0000,0.0000,0.0000,0.0000,no_obs,7.4
2025-01-08,VLDV,Владивосток,43.35956623,132.19610393,90.0947,1,17,-0.0556,0.0538,-0.0191,0.0797,ok,31.9
2025-01-08,TURR,Тура,64.27144453,100.21571766,160.7006,1,23,-0.0135,0.0070,-0.1505,0.1513,ok,180.5
2025-01-08,VLS2,Вилюйск,0.00000000,0.00000000,0.0000,0,0,0.0000,0.0000,0.0000,0.0000,no_obs,7.0
2025-01-08,UFGS,Уварово,51.99910083,42.24247067,159.4032,1,20,0.0089,0.0077,-0.0870,0.0878,ok,170.9
2025-01-08,VOLG,Волгоград,0.00000000,0.00000000,0.0000,0,0,0.0000,0.0000,0.0000,0.0000,no_obs,8.1
2025-01-08,UNGN,Уньюган,61.95531879,64.93693719,99.2353,1,24,0.0174,-0.0077,-0.0451,0.0489,ok,200.0
2025-01-08,VLS1,Вилюйск,63.75300416,121.63531445,95.7771,1,24,-0.0020,0.0146,-0.0125,0.0193,ok,149.6
2025-01-08,WAGI,Вагай,0.00000000,0.00000000,0.0000,0,0,0.0000,0.0000,0.0000,0.0000,no_obs,7.5
2025-01-08,VNOV,В.Новгород(2),58.53356491,31.26084120,59.0157,1,20,-0.0097,0.0028,-0.0091,0.0136,ok,171.3
2025-01-08,VRH1,Верхоянск,67.56543293,133.41168300,133.5046,1,23,-0.0389,0.0205,-0.0209,0.0487,ok,160.4
2025-01-08,ZHEL,Железногорск,56.59014275,104.11712447,419.6521,1,15,-0.0111,-0.0098,-0.0610,0.0628,ok,56.2
2025-01-08,ZVRG,Звериноголовское,54.46200866,64.86913219,98.0783,1,19,0.0251,0.0147,-0.0411,0.0504,ok,36.0
2025-01-08,VRH2,Верхоянск,67.56541991,133.41162832,133.5447,1,26,-0.0033,0.0148,-0.0323,0.0357,ok,164.6
2025-01-09,AGA1,Александров Гай,0.00000000,0.00000000,0.0000,0,0,0.0000,0.0000,0.0000,0.0000,no_obs,9.3
2025-01-09,ANDR,Анадырь,64.73536204,177.50997250,64.9292,1,16,-0.0213,0.0500,0.0214,0.0584,ok,113.4
2025-01-09,AST3,Астрахань,46.35357964,48.05647363,8.8283,6,6,-0.0065,0.0431,0.1553,0.1613,ok,24.6
2025-01-09,AMDR,Амдерма,69.75947699,61.67869994,46.0414,1,25,-0.0505,0.0423,0.0058,0.0661,ok,162.7
2025-01-09,ARKH,Архангельск,64.54929842,40.52603494,60.9712,1,21,-0.0025,0.0091,0.0025,0.0097,ok,171.8
2025-01-09,BELG,Белгород,50.63991871,36.57157491,241.0933,1,19,0.0384,-0.0543,0.0580,0.0882,ok,11.6
2025-01-09,BGHN,Богучаны,0.00000000,0.00000000,0.0000,0,0,0.0000,0.0000,0.0000,0.0000,no_obs,8.1
2025-01-09,BIRY,Биряково,0.00000000,0.00000000,0.0000,0,0,0.0000,0.0000,0.0000,0.0000,no_obs,7.6
2025-01-09,ANTP,Антипаюта,69.10440762,76.85984672,-7.6373,1,25,-0.0029,0.0231,-0.0178,0.0293,ok,211.2
2025-01-09,AYN1,Аян,56.46307561,138.17528737,31.7130,1,19,-0.0111,0.0111,-0.0163,0.0227,ok,124.3
2025-01-09,BARE,Баренцбург,78.06325718,14.23890609,290.6101,1,21,0.0000,0.0000,0.0000,0.0000,ok,173.6
2025-01-09,CHIT,Чита,52.02288908,113.51628416,666.7931,1,22,0.0233,-0.0340,0.0010,0.0413,ok,162.6
2025-01-09,CRS1,Черский,0.00000000,0.00000000,0.0000,0,0,0.0000,0.0000,0.0000,0.0000,no_obs,7.7
2025-01-09,BORO,Бор,61.58027935,90.03403889,31.1165,1,24,-0.0027,-0.0133,-0.0144,0.0198,ok,176.7
2025-01-09,CRS2,Черский,0.00000000,0.00000000,0.0000,0,0,0.0000,0.0000,0.0000,0.0000,no_obs,7.8
2025-01-09,DKSN,Диксон,0.00000000,0.00000000,0.0000,0,0,0.0000,0.0000,0.0000,0.0000,no_obs,7.9
2025-01-09,CHRD,Чокурдах,70.62212160,147.89793329,48.8922,1,23,-0.0087,0.0443,-0.0135,0.0471,ok,181.3
2025-01-09,CNG1,Москва,55.85503164,37.51604412,191.6934,1,21,0.0062,0.0035,-0.0089,0.0114,ok,184.5
2025-01-09,EKTG,Екатеринбург,56.87753347,60.68117464,294.9965,1,17,0.0118,0.0034,0.0016,0.0124,ok,133.2
2025-01-09,ELIS,Элиста,46.30902006,44.31143430,153.8157,1,19,0.0063,-0.0133,-0.0772,0.0786,ok,131.9
2025-01-09,HES1,Земля Франца-Иосифа,0.00000000,0.00000000,0.0000,0,0,0.0000,0.0000,0.0000,0.0000,no_obs,8.2
2025-01-09,HES2,Земля Франца-Иосифа,0.00000000,0.00000000,0.0000,0,0,0.0000,0.0000,0.0000,0.0000,no_obs,8.2
2025-01-09,IRAE,Ираёль,0.00000000,0.00000000,0.0000,0,0,0.0000,0.0000,0.0000,0.0000,no_obs,7.9
2025-01-09,ITKL,Ытык-Кюёль,0.00000000,0.00000000,0.0000,0,0,0.0000,0.0000,0.0000,0.0000,no_obs,8.1
2025-01-09,FSVO,Свободный,51.36997889,128.13168624,208.6973,1,20,0.0000,-0.0342,0.0019,0.0343,ok,137.1
2025-01-09,IRKO,Иркутск,52.30810503,104.33098032,468.1935,1,18,-0.0130,-0.0049,0.0488,0.0507,ok,52.7
2025-01-09,KARG,Каргополь,0.00000000,0.00000000,0.0000,0,0,0.0000,0.0000,0.0000,0.0000,no_obs,7.9
2025-01-09,KERC,Керчь,0.00000000,0.00000000,0.0000,0,0,0.0000,0.0000,0.0000,0.0000,no_obs,7.6
2025-01-09,IZVK,Ижевск,56.83623971,53.45723607,160.7663,1,22,0.0025,0.0091,-0.0139,0.0168,ok,131.8
2025-01-09,ITRP,Курильск,45.25361207,147.88651410,55.8287,1,18,0.0128,-0.0221,-0.1232,0.1258,ok,151.3
2025-01-09,KHAZ,Хабаровск,48.44537278,135.13893918,90.2168,1,19,0.0224,-0.0682,0.0240,0.0757,ok,126.3
2025-01-09,KAGP,Красноярск,56.03386915,92.86190873,224.3340,1,23,-0.0088,-0.0071,-0.0079,0.0138,ok,203.9
2025-01-09,KIZ1,Кызыл,51.71963804,94.45472205,588.6400,1,23,-0.0060,-0.0094,0.0040,0.0118,ok,106.9
2025-01-09,KIRV,Киров,58.57002361,49.57241509,164.6272,1,19,0.0139,0.0037,-0.0030,0.0147,ok,164.9
2025-01-09,KLCH,Ключи,56.32415061,160.82601480,49.1879,1,19,0.1358,0.0373,-0.2218,0.2627,ok,174.9
2025-01-09,KLN1,Калининград,54.71127356,20.43630239,58.8747,1,20,-0.0014,-0.0006,-0.0167,0.0168,ok,138.9
2025-01-09,KNDL,Кондоль,52.82730677,45.06241904,235.7075,1,20,0.0205,0.0031,0.0063,0.0217,ok,138.2
2025-01-09,LOVJ,Ловозеро,0.00000000,0.00000000,0.0000,0,0,0.0000,0.0000,0.0000,0.0000,no_obs,7.8
2025-01-09,KLPS,Колпашево,58.32583953,82.95056708,50.0070,1,23,0.0137,-0.0270,-0.0646,0.0713,ok,195.7
2025-01-09,KOTL,Котлас,61.25092355,46.63250786,79.1376,1,22,0.0028,0.0019,-0.0085,0.0092,ok,158.2
2025-01-09,LVR1,Лаврентия,65.57884734,-171.00766308,14.9543,1,17,-0.0273,-0.0029,-0.1606,0.1629,ok,109.2
2025-01-09,MAMA,Мамакан,0.00000000,0.00000000,0.0000,0,0,0.0000,0.0000,0.0000,0.0000,no_obs,7.6
2025-01-09,KZDV,Кузедеево,53.34104038,87.18564738,254.2218,1,25,-0.0028,0.0152,-0.0330,0.0364,ok,205.0
2025-01-09,LVR2,Лаврентия,65.57886789,-171.00769157,14.9828,1,22,-0.0308,0.0112,-0.1224,0.1267,ok,220.6
2025-01-09,MAG1,Магадан,59.57733805,150.81044398,74.0525,1,19,-0.0151,0.0523,0.0516,0.0750,ok,153.0
2025-01-09,MFGS,Мичуринский,0.00000000,0.00000000,0.0000,0,0,0.0000,0.0000,0.0000,0.0000,no_obs,8.5
2025-01-09,MBR2,Северная Земля,79.27971566,101.61986708,27.3903,1,28,0.0106,0.0088,-0.0790,0.0802,ok,130.8
2025-01-09,MBR1,Северная Земля,79.27980475,101.61977603,27.1993,1,26,0.0003,0.0098,-0.1151,0.1155,ok,213.5
2025-01-09,MKR2,Новая Земля,0.00000000,0.00000000,0.0000,0,0,0.0000,0.0000,0.0000,0.0000,no_obs,7.6
2025-01-09,MHCH,Махачкала,43.02999151,47.45898076,-22.5230,1,19,0.0049,0.0075,0.0039,0.0098,ok,106.1
2025-01-09,MOBJ,Обнинск,0.00000000,0.00000000,0.0000,0,0,0.0000,0.0000,0.0000,0.0000,no_obs,7.7
2025-01-09,MGNS,Магнитогорск,53.38226387,59.13313809,374.3844,1,20,-0.0240,0.0236,-0.1545,0.1581,ok,123.6
2025-01-09,MYRN,Мирный,0.00000000,0.00000000,0.0000,0,0,0.0000,0.0000,0.0000,0.0000,no_obs,7.6
2025-01-09,NERY,Нерюнгри,56.66718666,124.72585082,845.3159,1,14,0.0149,-0.0222,-0.0269,0.0379,ok,65.3
2025-01-09,MKR1,Новая Земля,72.37465342,52.71640880,23.5144,1,24,0.0039,0.0147,0.0035,0.0156,ok,197.0
2025-01-09,NARY,Нарьян-Мар,67.62576147,53.02039539,9.5085,1,23,-0.0018,-0.0003,-0.0098,0.0100,ok,161.5
2025-01-09,NIRO,Ныроб,60.73491559,56.71160475,152.1714,1,22,0.0172,-0.0150,-0.0257,0.0344,ok,120.7
2025-01-09,MURM,Мурманск,68.96603226,33.09225235,96.5473,1,22,0.0073,0.0120,0.0558,0.0575,ok,204.9
2025-01-09,NRIL,Норильск,0.00000000,0.00000000,0.0000,0,0,0.0000,0.0000,0.0000,0.0000,no_obs,8.0
2025-01-09,NNOV,Н.Новгород,56.29180590,44.03421751,178.5805,1,22,0.0028,-0.0090,-0.0090,0.0131,ok,123.3
2025-01-09,NOVG,В.Новгород,58.53355611,31.26083531,59.0119,1,17,0.0066,0.0309,-0.0366,0.0483,ok,113.1
2025-01-09,NOYA,Ноябрьск,63.18586380,75.44895828,108.5256,1,24,0.0326,0.0114,-0.0360,0.0499,ok,108.3
2025-01-09,OLE1,Олекминск,0.00000000,0.00000000,0.0000,0,0,0.0000,0.0000,0.0000,0.0000,no_obs,7.5
2025-01-09,OLE2,Олекминск,0.00000000,0.00000000,0.0000,0,0,0.0000,0.0000,0.0000,0.0000,no_obs,7.6
2025-01-09,NSK1,Новосибирск,55.01225499,82.98502436,141.1313,1,25,0.0019,0.0050,-0.0264,0.0269,ok,196.8
2025-01-09,OLNK,Оленёк,0.00000000,0.00000000,0.0000,0,0,0.0000,0.0000,0.0000,0.0000,no_obs,9.6
2025-01-09,OKTB,Казань,55.83948599,48.81177848,99.9698,1,20,0.0052,0.0067,-0.0242,0.0256,ok,157.5
2025-01-09,OHA1,Оха,53.58965051,142.95336997,49.6745,1,20,0.0994,0.0231,-0.1874,0.2134,ok,195.4
2025-01-09,OLGA,Ольга,43.75327603,135.31143895,48.9550,1,18,0.0049,0.0015,-0.0212,0.0218,ok,181.5
2025-01-09,OREN,Оренбург,51.75972705,55.09966443,106.8739,1,20,0.0149,0.0131,-0.0116,0.0230,ok,125.7
2025-01-09,ONGY,Онгудай,50.74665121,86.13584026,794.7273,1,26,-0.0042,0.0238,-0.0319,0.0400,ok,152.6
2025-01-09,OMSR,Омск,55.02705210,73.40508737,107.6164,1,25,0.0121,0.0021,-0.0212,0.0245,ok,186.5
2025-01-09,POLO,Полины Осипенко,0.00000000,0.00000000,0.0000,0,0,0.0000,0.0000,0.0000,0.0000,no_obs,7.6
2025-01-09,PRVM,Первомайск,0.00000000,0.00000000,0.0000,0,0,0.0000,0.0000,0.0000,0.0000,no_obs,7.5
2025-01-09,PTGK,Пятигорск,0.00000000,0.00000000,0.0000,0,0,0.0000,0.0000,0.0000,0.0000,no_obs,8.2
2025-01-09,PULJ,Пулково,0.00000000,0.00000000,0.0000,0,0,0.0000,0.0000,0.0000,0.0000,no_obs,7.4
2025-01-09,OXTK,Охотск,59.36039299,143.23484334,19.2116,1,18,-0.0304,0.0201,0.0162,0.0399,ok,177.8
2025-01-09,PEVK,Певек,69.70041263,170.25729417,7.6597,1,22,-0.0483,0.0200,-0.0205,0.0561,ok,190.4
2025-01-09,RSTS,Ростов-на-Дону,0.00000000,0.00000000,0.0000,0,0,0.0000,0.0000,0.0000,0.0000,no_obs,8.0
2025-01-09,RYR1,Рыркайпий,0.00000000,0.00000000,0.0000,0,0,0.0000,0.0000,0.0000,0.0000,no_obs,7.6
2025-01-09,RYR2,Рыркайпий,0.00000000,0.00000000,0.0000,0,0,0.0000,0.0000,0.0000,0.0000,no_obs,7.5
2025-01-09,PNGD,Пангоды,65.84920521,74.50720560,33.6368,1,25,-0.0003,0.0157,-0.0265,0.0308,ok,217.0
2025-01-09,RBCS,Рубцовск,51.57501571,81.19611280,178.0424,1,26,0.0168,-0.0226,-0.0537,0.0606,ok,189.4
2025-01-09,SAMR,Самара,53.22869785,50.23363836,114.5799,1,22,-0.0228,-0.0042,-0.0683,0.0721,ok,91.4
2025-01-09,RGSK,Ряжск,53.69968148,40.11259920,138.4575,1,22,0.0088,-0.0009,0.0910,0.0914,ok,203.0
2025-01-09,SEV1,Севастополь,0.00000000,0.00000000,0.0000,0,0,0.0000,0.0000,0.0000,0.0000,no_obs,7.9
2025-01-09,SEVR,Северное,0.00000000,0.00000000,0.0000,0,0,0.0000,0.0000,0.0000,0.0000,no_obs,8.0
2025-01-09,SEMH,Сеймчан,62.93334703,152.38434607,228.4606,1,20,0.0370,0.0039,0.0261,0.0454,ok,123.2
2025-01-09,SEGE,Сегежа,63.75881004,34.28673796,129.2232,1,21,0.0096,0.0125,-0.0874,0.0888,ok,164.4
2025-01-09,SVK2,Северо-Курильск,0.00000000,0.00000000,0.0000,0,0,0.0000,0.0000,0.0000,0.0000,no_obs,7.6
2025-01-09,SYTO,Сытомино,0.00000000,0.00000000,0.0000,0,0,0.0000,0.0000,0.0000,0.0000,no_obs,7.9
2025-01-09,SPB2,С-Петербург,59.89064603,30.36148797,48.6792,1,16,0.0036,-0.0048,0.0237,0.0245,ok,102.0
2025-01-09,SLH1,Салехард,66.52902430,66.60633930,48.5570,1,25,0.0023,0.0025,-0.0219,0.0222,ok,199.4
2025-01-09,TRH1,Туруханск,0.00000000,0.00000000,0.0000,0,0,0.0000,0.0000,0.0000,0.0000,no_obs,8.0
2025-01-09,SVK1,Северо-Курильск,50.66629893,156.11848599,45.9448,1,20,0.0874,0.1178,-0.2856,0.3211,ok,152.9
2025-01-09,TRH2,Туруханск,0.00000000,0.00000000,0.0000,0,0,0.0000,0.0000,0.0000,0.0000,no_obs,7.5
2025-01-09,TIXG,Тикси,71.63447149,128.86643039,47.1371,1,25,0.0012,0.0079,0.0720,0.0724,ok,175.7
2025-01-09,TILK,Тиличики,60.43862366,166.08958799,100.1357,1,20,-0.0201,0.0389,0.0234,0.0497,ok,182.4
2025-01-09,UFA1,Уфа,0.00000000,0.00000000,0.0000,0,0,0.0000,0.0000,0.0000,0.0000,no_obs,1.0
2025-01-09,TUAP,Туапсе,44.10285510,39.03753531,111.0710,1,18,-0.0021,0.0063,-0.1000,0.1002,ok,143.4
2025-01-09,TULN,Тулун,54.59601384,100.65583747,483.9739,1,21,0.0117,0.0116,-0.1437,0.1446,ok,145.9
2025-01-09,USNR,Усть-Нера,0.00000000,0.00000000,0.0000,0,0,0.0000,0.0000,0.0000,0.0000,no_obs,7.7
2025-01-09,VANA,Ванавара,0.00000000,0.00000000,0.0000,0,0,0.0000,0.0000,0.0000,0.0000,no_obs,7.4
2025-01-09,UFGS,Уварово,51.99910085,42.24247069,159.4060,1,21,0.0112,0.0088,-0.0842,0.0854,ok,164.7
2025-01-09,TURR,Тура,64.27144451,100.21571760,160.6932,1,22,-0.0164,0.0044,-0.1579,0.1588,ok,225.5
2025-01-09,VLS2,Вилюйск,0.00000000,0.00000000,0.0000,0,0,0.0000,0.0000,0.0000,0.0000,no_obs,8.2
2025-01-09,UNGN,Уньюган,61.95531878,64.93693717,99.2446,1,23,0.0160,-0.0089,-0.0358,0.0402,ok,171.0
2025-01-09,VLDV,Владивосток,43.35956618,132.19610387,90.1065,1,20,-0.0614,0.0487,-0.0073,0.0787,ok,152.7
2025-01-09,VOLG,Волгоград,0.00000000,0.00000000,0.0000,0,0,0.0000,0.0000,0.0000,0.0000,no_obs,8.3
2025-01-09,VLS1,Вилюйск,63.75300415,121.63531437,95.7824,1,24,-0.0034,0.0106,-0.0072,0.0133,ok,170.9
2025-01-09,WAGI,Вагай,0.00000000,0.00000000,0.0000,0,0,0.0000,0.0000,0.0000,0.0000,no_obs,8.1
2025-01-09,VNOV,В.Новгород(2),58.53356491,31.26084121,59.0122,1,22,-0.0092,0.0035,-0.0126,0.0160,ok,136.1
2025-01-09,ZVRG,Звериноголовское,54.46200829,64.86913120,98.0352,1,19,-0.0159,-0.0496,-0.0842,0.0990,ok,37.3
2025-01-09,ZHEL,Железногорск,56.59014281,104.11712468,419.6398,1,18,-0.0049,0.0035,-0.0733,0.0735,ok,77.9
2025-01-09,VRH1,Верхоянск,67.56543292,133.41168288,133.5030,1,24,-0.0399,0.0152,-0.0225,0.0482,ok,202.3
2025-01-09,VRH2,Верхоянск,67.56541993,133.41162827,133.5393,1,27,-0.0013,0.0126,-0.0377,0.0398,ok,236.4
2025-01-10,AGA1,Александров Гай,0.00000000,0.00000000,0.0000,0,0,0.0000,0.0000,0.0000,0.0000,no_obs,9.0
2025-01-10,ANDR,Анадырь,64.73536208,177.50997253,64.9243,1,19,-0.0166,0.0513,0.0165,0.0564,ok,67.3
2025-01-10,AST3,Астрахань,46.35357952,48.05647303,8.6763,1,20,-0.0199,-0.0028,0.0033,0.0203,ok,34.8
2025-01-10,AMDR,Амдерма,69.75947698,61.67869992,46.0334,1,23,-0.0516,0.0417,-0.0022,0.0663,ok,175.3
2025-01-10,ANTP,Антипаюта,69.10440763,76.85984659,-7.6287,1,23,-0.0012,0.0178,-0.0092,0.0200,ok,189.0
2025-01-10,BELG,Белгород,50.63991824,36.57157528,241.0514,1,16,-0.0148,-0.0281,0.0161,0.0356,ok,9.9
2025-01-10,BGHN,Богучаны,0.00000000,0.00000000,0.0000,0,0,0.0000,0.0000,0.0000,0.0000,no_obs,7.7
2025-01-10,BIRY,Биряково,0.00000000,0.00000000,0.0000,0,0,0.0000,0.0000,0.0000,0.0000,no_obs,7.8
2025-01-10,ARKH,Архангельск,64.54929843,40.52603502,60.9696,1,25,-0.0019,0.0130,0.0009,0.0132,ok,206.3
2025-01-10,AYN1,Аян,56.46307564,138.17528731,31.7051,1,19,-0.0083,0.0075,-0.0242,0.0266,ok,183.4
2025-01-10,CHIT,Чита,52.02288908,113.51628412,666.7884,1,22,0.0227,-0.0364,-0.0037,0.0431,ok,126.2
2025-01-10,BARE,Баренцбург,78.06325713,14.23890621,290.6146,1,23,0.0000,0.0000,0.0000,0.0000,ok,201.3
2025-01-10,CRS1,Черский,0.00000000,0.00000000,0.0000,0,0,0.0000,0.0000,0.0000,0.0000,no_obs,7.7
2025-01-10,BORO,Бор,61.58027934,90.03403883,31.1177,1,25,-0.0030,-0.0168,-0.0132,0.0216,ok,177.5
2025-01-10,CRS2,Черский,0.00000000,0.00000000,0.0000,0,0,0.0000,0.0000,0.0000,0.0000,no_obs,7.7
2025-01-10,DKSN,Диксон,0.00000000,0.00000000,0.0000,0,0,0.0000,0.0000,0.0000,0.0000,no_obs,8.1
2025-01-10,CHRD,Чокурдах,70.62212161,147.89793334,48.8952,1,23,-0.0076,0.0459,-0.0105,0.0477,ok,202.6
2025-01-10,EKTG,Екатеринбург,56.87753348,60.68117466,294.9973,1,19,0.0126,0.0047,0.0024,0.0137,ok,129.1
2025-01-10,HES1,Земля Франца-Иосифа,0.00000000,0.00000000,0.0000,0,0,0.0000,0.0000,0.0000,0.0000,no_obs,8.1
2025-01-10,HES2,Земля Франца-Иосифа,0.00000000,0.00000000,0.0000,0,0,0.0000,0.0000,0.0000,0.0000,no_obs,7.9
2025-01-10,ELIS,Элиста,46.30902006,44.31143436,153.8134,1,22,0.0063,-0.0083,-0.0795,0.0802,ok,139.3
2025-01-10,CNG1,Москва,55.85503160,37.51604419,191.6997,1,22,0.0019,0.0075,-0.0026,0.0081,ok,203.0
2025-01-10,IRAE,Ираёль,0.00000000,0.00000000,0.0000,0,0,0.0000,0.0000,0.0000,0.0000,no_obs,7.9
2025-01-10,ITKL,Ытык-Кюёль,0.00000000,0.00000000,0.0000,0,0,0.0000,0.0000,0.0000,0.0000,no_obs,8.7
2025-01-10,IRKO,Иркутск,52.30810513,104.33098028,468.1841,1,18,-0.0021,-0.0077,0.0394,0.0402,ok,22.2
2025-01-10,FSVO,Свободный,51.36997888,128.13168622,208.6903,1,16,-0.0004,-0.0359,-0.0051,0.0362,ok,153.2
2025-01-10,KARG,Каргополь,0.00000000,0.00000000,0.0000,0,0,0.0000,0.0000,0.0000,0.0000,no_obs,8.0
2025-01-10,KERC,Керчь,0.00000000,0.00000000,0.0000,0,0,0.0000,0.0000,0.0000,0.0000,no_obs,7.4
2025-01-10,ITRP,Курильск,45.25361210,147.88651417,55.8091,1,19,0.0152,-0.0165,-0.1428,0.1446,ok,164.6
2025-01-10,IZVK,Ижевск,56.83623969,53.45723618,160.7735,1,26,0.0002,0.0161,-0.0067,0.0174,ok,164.0
2025-01-10,KAGP,Красноярск,56.03386914,92.86190873,224.3371,1,24,-0.0109,-0.0070,-0.0048,0.0138,ok,169.5
2025-01-10,KHAZ,Хабаровск,48.44537272,135.13893899,90.1996,1,22,0.0153,-0.0821,0.0068,0.0838,ok,132.2
2025-01-10,KIRV,Киров,58.57002337,49.57241535,164.6462,1,21,-0.0135,0.0190,0.0160,0.0283,ok,112.3
2025-01-10,KIZ1,Кызыл,51.71963804,94.45472199,588.6361,1,25,-0.0053,-0.0133,0.0001,0.0143,ok,155.1
2025-01-10,KLCH,Ключи,56.32414936,160.82601405,49.3706,1,18,-0.0032,-0.0093,-0.0391,0.0403,ok,157.6
2025-01-10,KLN1,Калининград,54.71127356,20.43630252,58.8706,1,23,-0.0010,0.0077,-0.0208,0.0222,ok,175.7
2025-01-10,KLPS,Колпашево,58.32583953,82.95056700,50.0204,1,25,0.0142,-0.0318,-0.0512,0.0619,ok,207.7
2025-01-10,LOVJ,Ловозеро,0.00000000,0.00000000,0.0000,0,0,0.0000,0.0000,0.0000,0.0000,no_obs,7.6
2025-01-10,KNDL,Кондоль,52.82730676,45.06241917,235.7080,1,23,0.0195,0.0119,0.0068,0.0239,ok,169.2
2025-01-10,KOTL,Котлас,61.25092359,46.63250799,79.1386,1,25,0.0064,0.0089,-0.0075,0.0133,ok,172.9
2025-01-10,KZDV,Кузедеево,53.34104037,87.18564735,254.2351,1,26,-0.0041,0.0135,-0.0197,0.0242,ok,192.1
2025-01-10,MAMA,Мамакан,0.00000000,0.00000000,0.0000,0,0,0.0000,0.0000,0.0000,0.0000,no_obs,7.8
2025-01-10,LVR1,Лаврентия,65.57884734,-171.00766279,14.9536,1,14,-0.0272,0.0105,-0.1613,0.1639,ok,127.8
2025-01-10,MAG1,Магадан,59.57733809,150.81044399,74.0441,1,20,-0.0111,0.0531,0.0432,0.0694,ok,168.0
2025-01-10,MFGS,Мичуринский,0.00000000,0.00000000,0.0000,0,0,0.0000,0.0000,0.0000,0.0000,no_obs,7.6
2025-01-10,LVR2,Лаврентия,65.57886789,-171.00769152,14.9799,1,23,-0.0307,0.0134,-0.1253,0.1297,ok,232.5
2025-01-10,MGNS,Магнитогорск,53.38226389,59.13313820,374.3857,1,24,-0.0211,0.0309,-0.1532,0.1577,ok,131.7
2025-01-10,MBR1,Северная Земля,79.27980472,101.61977583,27.1992,1,26,-0.0027,0.0057,-0.1152,0.1154,ok,209.5
2025-01-10,MKR2,Новая Земля,0.00000000,0.00000000,0.0000,0,0,0.0000,0.0000,0.0000,0.0000,no_obs,8.3
2025-01-10,MHCH,Махачкала,43.02999150,47.45898084,-22.5155,1,19,0.0033,0.0146,0.0114,0.0188,ok,113.8
2025-01-10,MOBJ,Обнинск,0.00000000,0.00000000,0.0000,0,0,0.0000,0.0000,0.0000,0.0000,no_obs,7.2
2025-01-10,MYRN,Мирный,0.00000000,0.00000000,0.0000,0,0,0.0000,0.0000,0.0000,0.0000,no_obs,7.8
2025-01-10,MBR2,Северная Земля,79.27971560,101.61986710,27.3955,1,31,0.0043,0.0093,-0.0738,0.0745,ok,238.9
2025-01-10,NERY,Нерюнгри,56.66718666,124.72585083,845.3170,1,15,0.0151,-0.0219,-0.0258,0.0371,ok,45.4
2025-01-10,NIRO,Ныроб,60.73491549,56.71160572,152.2137,6,25,0.0063,0.0375,0.0166,0.0414,ok,8.8
2025-01-10,MKR1,Новая Земля,72.37465342,52.71640879,23.5058,1,24,0.0040,0.0143,-0.0051,0.0157,ok,176.9
2025-01-10,MURM,Мурманск,68.96603226,33.09225239,96.5405,1,23,0.0078,0.0135,0.0490,0.0514,ok,210.2
2025-01-10,NARY,Нарьян-Мар,67.62576146,53.02039555,9.4960,1,23,-0.0029,0.0068,-0.0223,0.0235,ok,207.6
2025-01-10,NNOV,Н.Новгород,56.29180589,44.03421760,178.5882,1,23,0.0012,-0.0033,-0.0013,0.0037,ok,148.1
2025-01-10,NRIL,Норильск,0.00000000,0.00000000,0.0000,0,0,0.0000,0.0000,0.0000,0.0000,no_obs,8.3
2025-01-10,NOVG,В.Новгород,58.53355611,31.26083534,59.0173,1,23,0.0064,0.0330,-0.0312,0.0458,ok,111.4
2025-01-10,OHA1,Оха,53.58964964,142.95336976,49.8729,1,18,0.0029,0.0092,0.0110,0.0146,ok,152.4
2025-01-10,OLE1,Олекминск,0.00000000,0.00000000,0.0000,0,0,0.0000,0.0000,0.0000,0.0000,no_obs,8.4
2025-01-10,OLE2,Олекминск,0.00000000,0.00000000,0.0000,0,0,0.0000,0.0000,0.0000,0.0000,no_obs,8.0
2025-01-10,NSK1,Новосибирск,55.01225496,82.98502423,141.1453,1,23,-0.0019,-0.0029,-0.0124,0.0129,ok,176.9
2025-01-10,OLNK,Оленёк,0.00000000,0.00000000,0.0000,0,0,0.0000,0.0000,0.0000,0.0000,no_obs,8.0
2025-01-10,NOYA,Ноябрьск,63.18586380,75.44895816,108.5328,1,26,0.0328,0.0052,-0.0288,0.0440,ok,197.3
2025-01-10,OKTB,Казань,55.83948594,48.81177858,99.9767,1,22,-0.0008,0.0133,-0.0173,0.0218,ok,182.5
2025-01-10,OLGA,Ольга,43.75327610,135.31143906,48.9453,1,15,0.0130,0.0100,-0.0309,0.0350,ok,111.6
2025-01-10,ONGY,Онгудай,50.74665120,86.13584014,794.7265,1,24,-0.0056,0.0150,-0.0327,0.0364,ok,149.8
2025-01-10,OMSR,Омск,55.02705213,73.40508732,107.6175,1,26,0.0148,-0.0011,-0.0201,0.0250,ok,205.3
2025-01-10,OREN,Оренбург,51.75972708,55.09966448,106.8781,1,22,0.0179,0.0165,-0.0074,0.0255,ok,158.1
2025-01-10,POLO,Полины Осипенко,0.00000000,0.00000000,0.0000,0,0,0.0000,0.0000,0.0000,0.0000,no_obs,8.2
2025-01-10,PRVM,Первомайск,0.00000000,0.00000000,0.0000,0,0,0.0000,0.0000,0.0000,0.0000,no_obs,7.7
2025-01-10,PTGK,Пятигорск,0.00000000,0.00000000,0.0000,0,0,0.0000,0.0000,0.0000,0.0000,no_obs,8.0
2025-01-10,PULJ,Пулково,0.00000000,0.00000000,0.0000,0,0,0.0000,0.0000,0.0000,0.0000,no_obs,7.6
2025-01-10,OXTK,Охотск,59.36039303,143.23484346,19.1983,1,20,-0.0255,0.0269,0.0029,0.0372,ok,197.0
2025-01-10,PEVK,Певек,69.70041263,170.25729426,7.6544,1,22,-0.0484,0.0235,-0.0258,0.0597,ok,199.1
2025-01-10,RSTS,Ростов-на-Дону,0.00000000,0.00000000,0.0000,0,0,0.0000,0.0000,0.0000,0.0000,no_obs,7.3
2025-01-10,RYR1,Рыркайпий,0.00000000,0.00000000,0.0000,0,0,0.0000,0.0000,0.0000,0.0000,no_obs,7.4
2025-01-10,RYR2,Рыркайпий,0.00000000,0.00000000,0.0000,0,0,0.0000,0.0000,0.0000,0.0000,no_obs,7.7
2025-01-10,PNGD,Пангоды,65.84920520,74.50720551,33.6458,1,26,-0.0018,0.0119,-0.0175,0.0212,ok,184.0
2025-01-10,RBCS,Рубцовск,51.57501570,81.19611273,178.0498,1,25,0.0162,-0.0276,-0.0463,0.0563,ok,164.3
2025-01-10,RGSK,Ряжск,53.69968145,40.11259923,138.4566,1,23,0.0057,0.0011,0.0901,0.0903,ok,158.2
2025-01-10,SEV1,Севастополь,0.00000000,0.00000000,0.0000,0,0,0.0000,0.0000,0.0000,0.0000,no_obs,7.6
2025-01-10,SEVR,Северное,0.00000000,0.00000000,0.0000,0,0,0.0000,0.0000,0.0000,0.0000,no_obs,7.5
2025-01-10,SAMR,Самара,53.22869777,50.23363862,114.5923,1,21,-0.0322,0.0132,-0.0559,0.0658,ok,118.2
2025-01-10,SEGE,Сегежа,63.75881007,34.28673794,129.2243,1,24,0.0122,0.0114,-0.0863,0.0879,ok,109.4
2025-01-10,SEMH,Сеймчан,62.93334704,152.38434612,228.4461,1,21,0.0382,0.0062,0.0116,0.0404,ok,146.9
2025-01-10,SVK2,Северо-Курильск,0.00000000,0.00000000,0.0000,0,0,0.0000,0.0000,0.0000,0.0000,no_obs,7.4
2025-01-10,SYTO,Сытомино,0.00000000,0.00000000,0.0000,0,0,0.0000,0.0000,0.0000,0.0000,no_obs,7.2
2025-01-10,SPB2,С-Петербург,59.89064607,30.36148804,48.7038,1,14,0.0084,-0.0009,0.0483,0.0490,ok,94.3
2025-01-10,SLH1,Салехард,66.52902425,66.60633937,48.5596,1,25,-0.0041,0.0056,-0.0193,0.0205,ok,194.1
2025-01-10,TRH1,Туруханск,0.00000000,0.00000000,0.0000,0,0,0.0000,0.0000,0.0000,0.0000,no_obs,7.9
2025-01-10,TRH2,Туруханск,0.00000000,0.00000000,0.0000,0,0,0.0000,0.0000,0.0000,0.0000,no_obs,7.5
2025-01-10,SVK1,Северо-Курильск,50.66629827,156.11848394,46.0966,1,17,0.0139,-0.0277,-0.1338,0.1374,ok,187.6
2025-01-10,TILK,Тиличики,60.43862370,166.08958808,100.1273,1,19,-0.0156,0.0442,0.0150,0.0492,ok,196.0
2025-01-10,TUAP,Туапсе,44.10285509,39.03753623,111.0507,1,24,-0.0035,0.0803,-0.1203,0.1447,ok,87.5
2025-01-10,TIXG,Тикси,71.63447152,128.86643029,47.1391,1,25,0.0046,0.0045,0.0740,0.0743,ok,201.6
2025-01-10,TULN,Тулун,54.59601386,100.65583739,483.9745,1,22,0.0137,0.0066,-0.1431,0.1439,ok,185.2
2025-01-10,TURR,Тура,64.27144451,100.21571766,160.6935,1,25,-0.0164,0.0070,-0.1576,0.1586,ok,133.9
2025-01-10,UFA1,Уфа,54.71142930,55.81455012,96.9334,1,22,0.0035,0.0250,-0.0143,0.0290,ok,125.8
2025-01-10,USNR,Усть-Нера,0.00000000,0.00000000,0.0000,0,0,0.0000,0.0000,0.0000,0.0000,no_obs,8.3
2025-01-10,VANA,Ванавара,0.00000000,0.00000000,0.0000,0,0,0.0000,0.0000,0.0000,0.0000,no_obs,8.2
2025-01-10,UFGS,Уварово,51.99910083,42.24247074,159.4093,1,23,0.0087,0.0126,-0.0809,0.0823,ok,129.1
2025-01-10,VLS2,Вилюйск,0.00000000,0.00000000,0.0000,0,0,0.0000,0.0000,0.0000,0.0000,no_obs,7.5
2025-01-10,UNGN,Уньюган,61.95531879,64.93693715,99.2390,1,24,0.0169,-0.0098,-0.0414,0.0458,ok,139.9
2025-01-10,VOLG,Волгоград,0.00000000,0.00000000,0.0000,0,0,0.0000,0.0000,0.0000,0.0000,no_obs,7.8
2025-01-10,VLDV,Владивосток,43.35956620,132.19610384,90.0941,1,18,-0.0593,0.0465,-0.0197,0.0778,ok,126.1
2025-01-10,VLS1,Вилюйск,63.75300416,121.63531431,95.7825,1,24,-0.0018,0.0080,-0.0071,0.0109,ok,205.6
2025-01-10,WAGI,Вагай,0.00000000,0.00000000,0.0000,0,0,0.0000,0.0000,0.0000,0.0000,no_obs,8.1
2025-01-10,VNOV,В.Новгород(2),58.53356492,31.26084128,59.0117,1,23,-0.0089,0.0075,-0.0131,0.0175,ok,202.0
2025-01-10,ZVRG,Звериноголовское,54.46200880,64.86913189,98.0548,1,17,0.0409,-0.0052,-0.0646,0.0766,ok,24.4
2025-01-10,VRH2,Верхоянск,67.56541990,133.41162821,133.5330,1,28,-0.0043,0.0101,-0.0440,0.0454,ok,174.3
2025-01-10,ZHEL,Железногорск,56.59014271,104.11712444,419.6469,1,17,-0.0158,-0.0116,-0.0662,0.0690,ok,97.2
2025-01-10,VRH1,Верхоянск,67.56543295,133.41168301,133.4946,1,23,-0.0370,0.0209,-0.0309,0.0525,ok,207.5
2025-01-11,AGA1,Александров Гай,0.00000000,0.00000000,0.0000,0,0,0.0000,0.0000,0.0000,0.0000,no_obs,9.0
2025-01-11,ANDR,Анадырь,64.73536208,177.50997253,64.9260,1,19,-0.0166,0.0517,0.0182,0.0573,ok,163.3
2025-01-11,ANTP,Антипаюта,69.10440765,76.85984651,-7.6340,1,25,0.0012,0.0147,-0.0145,0.0207,ok,178.3
2025-01-11,AMDR,Амдерма,69.75947701,61.67869996,46.0226,1,25,-0.0476,0.0432,-0.0130,0.0656,ok,185.3
2025-01-11,AST3,Астрахань,46.35357972,48.05647292,8.6706,1,17,0.0023,-0.0113,-0.0024,0.0117,ok,30.2
2025-01-11,ARKH,Архангельск,64.54929846,40.52603490,60.9671,1,23,0.0011,0.0073,-0.0016,0.0076,ok,191.2
2025-01-11,BELG,Белгород,50.63991808,36.57157576,240.9095,6,10,-0.0316,0.0060,-0.1258,0.1298,ok,9.8
2025-01-11,BGHN,Богучаны,0.00000000,0.00000000,0.0000,0,0,0.0000,0.0000,0.0000,0.0000,no_obs,7.4
2025-01-11,BIRY,Биряково,0.00000000,0.00000000,0.0000,0,0,0.0000,0.0000,0.0000,0.0000,no_obs,7.4
2025-01-11,AYN1,Аян,56.46307566,138.17528736,31.7102,1,19,-0.0059,0.0105,-0.0191,0.0226,ok,141.9
2025-01-11,CHIT,Чита,52.02288911,113.51628413,666.7969,1,20,0.0261,-0.0359,0.0048,0.0446,ok,133.3
2025-01-11,BORO,Бор,61.58027934,90.03403879,31.1130,1,24,-0.0030,-0.0186,-0.0179,0.0260,ok,170.3
2025-01-11,BARE,Баренцбург,78.06325714,14.23890622,290.6126,1,26,0.0000,0.0000,0.0000,0.0000,ok,198.7
2025-01-11,CRS1,Черский,0.00000000,0.00000000,0.0000,0,0,0.0000,0.0000,0.0000,0.0000,no_obs,7.6
2025-01-11,CRS2,Черский,0.00000000,0.00000000,0.0000,0,0,0.0000,0.0000,0.0000,0.0000,no_obs,8.5
2025-01-11,DKSN,Диксон,0.00000000,0.00000000,0.0000,0,0,0.0000,0.0000,0.0000,0.0000,no_obs,8.3
2025-01-11,CHRD,Чокурдах,70.62212165,147.89793345,48.8892,1,25,-0.0030,0.0502,-0.0165,0.0529,ok,186.5
2025-01-11,ELIS,Элиста,46.30902007,44.31143436,153.8090,1,22,0.0079,-0.0088,-0.0839,0.0847,ok,127.1
2025-01-11,HES1,Земля Франца-Иосифа,0.00000000,0.00000000,0.0000,0,0,0.0000,0.0000,0.0000,0.0000,no_obs,7.6
2025-01-11,CNG1,Москва,55.85503159,37.51604410,191.6927,1,22,0.0011,0.0018,-0.0096,0.0098,ok,188.9
2025-01-11,HES2,Земля Франца-Иосифа,0.00000000,0.00000000,0.0000,0,0,0.0000,0.0000,0.0000,0.0000,no_obs,7.8
2025-01-11,IRAE,Ираёль,0.00000000,0.00000000,0.0000,0,0,0.0000,0.0000,0.0000,0.0000,no_obs,8.2
2025-01-11,EKTG,Екатеринбург,56.87753347,60.68117461,294.9955,1,19,0.0115,0.0015,0.0006,0.0116,ok,152.9
2025-01-11,ITKL,Ытык-Кюёль,0.00000000,0.00000000,0.0000,0,0,0.0000,0.0000,0.0000,0.0000,no_obs,7.8
2025-01-11,IRKO,Иркутск,52.30810507,104.33098027,468.1978,6,14,-0.0087,-0.0084,0.0531,0.0545,ok,23.1
2025-01-11,FSVO,Свободный,51.36997895,128.13168628,208.7047,1,21,0.0071,-0.0316,0.0093,0.0337,ok,142.7
2025-01-11,KARG,Каргополь,0.00000000,0.00000000,0.0000,0,0,0.0000,0.0000,0.0000,0.0000,no_obs,7.9
2025-01-11,KERC,Керчь,0.00000000,0.00000000,0.0000,0,0,0.0000,0.0000,0.0000,0.0000,no_obs,7.7
2025-01-11,KAGP,Красноярск,56.03386915,92.86190867,224.3375,1,22,-0.0089,-0.0109,-0.0044,0.0148,ok,164.3
2025-01-11,ITRP,Курильск,45.25361213,147.88651416,55.8162,1,16,0.0190,-0.0175,-0.1357,0.1381,ok,180.5
2025-01-11,IZVK,Ижевск,56.83623968,53.45723603,160.7718,1,24,-0.0008,0.0064,-0.0084,0.0106,ok,192.7
2025-01-11,KHAZ,Хабаровск,48.44537285,135.13893921,90.2132,1,17,0.0303,-0.0660,0.0204,0.0755,ok,144.2
2025-01-11,KIRV,Киров,58.57002358,49.57241528,164.6253,1,18,0.0101,0.0151,-0.0049,0.0188,ok,98.0
2025-01-11,KLCH,Ключи,56.32414935,160.82601404,49.3730,1,20,-0.0051,-0.0095,-0.0367,0.0382,ok,124.1
2025-01-11,KIZ1,Кызыл,51.71963807,94.45472199,588.6373,1,21,-0.0026,-0.0135,0.0013,0.0138,ok,141.6
2025-01-11,KLN1,Калининград,54.71127357,20.43630255,58.8690,1,20,-0.0009,0.0093,-0.0224,0.0243,ok,100.9
2025-01-11,KLPS,Колпашево,58.32583955,82.95056695,50.0174,1,22,0.0167,-0.0346,-0.0542,0.0664,ok,169.7
2025-01-11,LOVJ,Ловозеро,0.00000000,0.00000000,0.0000,0,0,0.0000,0.0000,0.0000,0.0000,no_obs,8.0
2025-01-11,LVR1,Лаврентия,65.57884730,-171.00766233,14.9432,1,17,-0.0317,0.0315,-0.1717,0.1774,ok,32.6
2025-01-11,KNDL,Кондоль,52.82730675,45.06241914,235.7093,1,22,0.0176,0.0102,0.0081,0.0219,ok,195.6
2025-01-11,KOTL,Котлас,61.25092357,46.63250793,79.1345,1,25,0.0042,0.0056,-0.0116,0.0135,ok,200.8
2025-01-11,MAMA,Мамакан,0.00000000,0.00000000,0.0000,0,0,0.0000,0.0000,0.0000,0.0000,no_obs,8.2
2025-01-11,KZDV,Кузедеево,53.34104040,87.18564728,254.2270,1,23,-0.0007,0.0089,-0.0278,0.0292,ok,209.9
2025-01-11,MAG1,Магадан,59.57733810,150.81044407,74.0495,1,21,-0.0098,0.0574,0.0486,0.0759,ok,108.4
2025-01-11,MFGS,Мичуринский,0.00000000,0.00000000,0.0000,0,0,0.0000,0.0000,0.0000,0.0000,no_obs,7.2
2025-01-11,MBR1,Северная Земля,79.27980471,101.61977601,27.2087,1,26,-0.0039,0.0094,-0.1057,0.1062,ok,183.9
2025-01-11,LVR2,Лаврентия,65.57886789,-171.00769149,14.9757,1,30,-0.0310,0.0151,-0.1295,0.1340,ok,241.0
2025-01-11,MGNS,Магнитогорск,53.38226387,59.13313810,374.3790,1,22,-0.0233,0.0242,-0.1599,0.1634,ok,111.2
2025-01-11,MKR2,Новая Земля,0.00000000,0.00000000,0.0000,0,0,0.0000,0.0000,0.0000,0.0000,no_obs,7.5
2025-01-11,MOBJ,Обнинск,0.00000000,0.00000000,0.0000,0,0,0.0000,0.0000,0.0000,0.0000,no_obs,8.0
2025-01-11,MHCH,Махачкала,43.02999150,47.45898088,-22.5252,1,17,0.0039,0.0172,0.0017,0.0177,ok,54.0
2025-01-11,MYRN,Мирный,0.00000000,0.00000000,0.0000,0,0,0.0000,0.0000,0.0000,0.0000,no_obs,7.8
2025-01-11,MBR2,Северная Земля,79.27971562,101.61986702,27.3956,1,31,0.0058,0.0076,-0.0737,0.0743,ok,239.4
2025-01-11,MURM,Мурманск,68.96603231,33.09225241,96.5442,1,25,0.0137,0.0145,0.0527,0.0563,ok,119.9
2025-01-11,NERY,Нерюнгри,56.66718668,124.72585081,845.3204,1,14,0.0182,-0.0230,-0.0224,0.0369,ok,84.8
2025-01-11,MKR1,Новая Земля,72.37465344,52.71640877,23.5119,1,26,0.0070,0.0136,0.0010,0.0153,ok,204.7
2025-01-11,NARY,Нарьян-Мар,67.62576150,53.02039550,9.4886,1,23,0.0020,0.0044,-0.0297,0.0301,ok,205.4
2025-01-11,NIRO,Ныроб,60.73491563,56.71160487,152.1636,1,23,0.0213,-0.0085,-0.0335,0.0406,ok,192.5
2025-01-11,NNOV,Н.Новгород,56.29180588,44.03421748,178.5862,1,22,0.0005,-0.0107,-0.0033,0.0112,ok,177.6
2025-01-11,NRIL,Норильск,0.00000000,0.00000000,0.0000,0,0,0.0000,0.0000,0.0000,0.0000,no_obs,7.8
2025-01-11,NOVG,В.Новгород,58.53355607,31.26083519,59.0069,1,21,0.0017,0.0243,-0.0416,0.0482,ok,169.0
2025-01-11,NOYA,Ноябрьск,63.18586383,75.44895821,108.5275,1,24,0.0361,0.0079,-0.0341,0.0503,ok,183.0
2025-01-11,OLE1,Олекминск,0.00000000,0.00000000,0.0000,0,0,0.0000,0.0000,0.0000,0.0000,no_obs,9.0
2025-01-11,OLE2,Олекминск,0.00000000,0.00000000,0.0000,0,0,0.0000,0.0000,0.0000,0.0000,no_obs,8.5
2025-01-11,OHA1,Оха,53.58964968,142.95336981,49.8781,1,20,0.0065,0.0127,0.0162,0.0216,ok,157.0
2025-01-11,NSK1,Новосибирск,55.01225502,82.98502423,141.1366,1,21,0.0047,-0.0032,-0.0211,0.0218,ok,165.8
2025-01-11,OLNK,Оленёк,0.00000000,0.00000000,0.0000,0,0,0.0000,0.0000,0.0000,0.0000,no_obs,7.4
2025-01-11,OKTB,Казань,55.83948594,48.81177850,99.9758,1,21,-0.0008,0.0079,-0.0182,0.0198,ok,183.5
2025-01-11,OLGA,Ольга,43.75327610,135.31143895,48.9600,1,17,0.0129,0.0014,-0.0162,0.0207,ok,162.0
2025-01-11,ONGY,Онгудай,50.74665122,86.13584012,794.7193,1,22,-0.0034,0.0135,-0.0399,0.0423,ok,166.3
2025-01-11,OMSR,Омск,55.02705214,73.40508727,107.6191,1,23,0.0162,-0.0041,-0.0185,0.0249,ok,182.1
2025-01-11,OREN,Оренбург,51.75972707,55.09966447,106.8738,1,18,0.0170,0.0160,-0.0117,0.0261,ok,171.1
2025-01-11,POLO,Полины Осипенко,0.00000000,0.00000000,0.0000,0,0,0.0000,0.0000,0.0000,0.0000,no_obs,7.4
2025-01-11,PRVM,Первомайск,0.00000000,0.00000000,0.0000,0,0,0.0000,0.0000,0.0000,0.0000,no_obs,7.6
2025-01-11,PTGK,Пятигорск,0.00000000,0.00000000,0.0000,0,0,0.0000,0.0000,0.0000,0.0000,no_obs,7.1
2025-01-11,PULJ,Пулково,0.00000000,0.00000000,0.0000,0,0,0.0000,0.0000,0.0000,0.0000,no_obs,7.2
2025-01-11,OXTK,Охотск,59.36039306,143.23484350,19.2094,1,21,-0.0224,0.0294,0.0140,0.0395,ok,169.1
2025-01-11,PEVK,Певек,69.70041261,170.25729435,7.6614,1,24,-0.0502,0.0270,-0.0188,0.0600,ok,188.3
2025-01-11,RSTS,Ростов-на-Дону,0.00000000,0.00000000,0.0000,0,0,0.0000,0.0000,0.0000,0.0000,no_obs,8.1
2025-01-11,RYR1,Рыркайпий,0.00000000,0.00000000,0.0000,0,0,0.0000,0.0000,0.0000,0.0000,no_obs,7.8
2025-01-11,PNGD,Пангоды,65.84920522,74.50720553,33.6417,1,24,0.0011,0.0127,-0.0216,0.0251,ok,193.5
2025-01-11,RYR2,Рыркайпий,0.00000000,0.00000000,0.0000,0,0,0.0000,0.0000,0.0000,0.0000,no_obs,7.9
2025-01-11,RGSK,Ряжск,53.69968146,40.11259926,138.4506,1,22,0.0074,0.0031,0.0841,0.0845,ok,135.3
2025-01-11,RBCS,Рубцовск,51.57501574,81.19611270,178.0477,1,22,0.0203,-0.0300,-0.0484,0.0605,ok,180.9
2025-01-11,SEV1,Севастополь,0.00000000,0.00000000,0.0000,0,0,0.0000,0.0000,0.0000,0.0000,no_obs,7.5
2025-01-11,SEVR,Северное,0.00000000,0.00000000,0.0000,0,0,0.0000,0.0000,0.0000,0.0000,no_obs,7.2
2025-01-11,SAMR,Самара,53.22869777,50.23363848,114.5964,1,18,-0.0316,0.0034,-0.0518,0.0608,ok,106.9
2025-01-11,SEMH,Сеймчан,62.93334706,152.38434624,228.4525,1,22,0.0397,0.0122,0.0180,0.0453,ok,153.5
2025-01-11,SEGE,Сегежа,63.75881011,34.28673792,129.2197,1,24,0.0174,0.0106,-0.0909,0.0931,ok,185.8
2025-01-11,SVK2,Северо-Курильск,0.00000000,0.00000000,0.0000,0,0,0.0000,0.0000,0.0000,0.0000,no_obs,7.8
2025-01-11,SYTO,Сытомино,0.00000000,0.00000000,0.0000,0,0,0.0000,0.0000,0.0000,0.0000,no_obs,7.5
2025-01-11,SLH1,Салехард,66.52902430,66.60633940,48.5600,1,24,0.0014,0.0072,-0.0189,0.0203,ok,183.5
2025-01-11,SPB2,С-Петербург,59.89064593,30.36148803,48.6848,1,17,-0.0074,-0.0012,0.0293,0.0302,ok,145.3
2025-01-11,TRH1,Туруханск,0.00000000,0.00000000,0.0000,0,0,0.0000,0.0000,0.0000,0.0000,no_obs,8.0
2025-01-11,TRH2,Туруханск,0.00000000,0.00000000,0.0000,0,0,0.0000,0.0000,0.0000,0.0000,no_obs,7.6
2025-01-11,SVK1,Северо-Курильск,50.66629832,156.11848400,46.0826,1,18,0.0199,-0.0234,-0.1478,0.1510,ok,133.0
2025-01-11,TUAP,Туапсе,44.10285511,39.03753534,111.0672,1,20,-0.0016,0.0089,-0.1038,0.1042,ok,100.8
2025-01-11,TILK,Тиличики,60.43862370,166.08958806,100.1320,1,21,-0.0164,0.0429,0.0197,0.0500,ok,180.3
2025-01-11,TIXG,Тикси,71.63447147,128.86643034,47.1432,1,25,-0.0015,0.0062,0.0781,0.0784,ok,187.9
2025-01-11,UFA1,Уфа,54.71142939,55.81454991,96.8973,1,21,0.0132,0.0118,-0.0504,0.0534,ok,51.3
2025-01-11,TULN,Тулун,54.59601389,100.65583733,483.9777,1,21,0.0178,0.0028,-0.1399,0.1411,ok,161.2
2025-01-11,USNR,Усть-Нера,0.00000000,0.00000000,0.0000,0,0,0.0000,0.0000,0.0000,0.0000,no_obs,7.6
2025-01-11,VANA,Ванавара,0.00000000,0.00000000,0.0000,0,0,0.0000,0.0000,0.0000,0.0000,no_obs,7.4
2025-01-11,TURR,Тура,64.27144453,100.21571775,160.7028,1,21,-0.0135,0.0115,-0.1483,0.1494,ok,201.9
2025-01-11,UFGS,Уварово,51.99910085,42.24247073,159.4034,1,20,0.0109,0.0119,-0.0868,0.0883,ok,149.9
2025-01-11,VLS2,Вилюйск,0.00000000,0.00000000,0.0000,0,0,0.0000,0.0000,0.0000,0.0000,no_obs,7.9
2025-01-11,VLDV,Владивосток,43.35956621,132.19610519,89.9980,1,21,-0.0578,0.1557,-0.1158,0.2024,ok,121.6
2025-01-11,UNGN,Уньюган,61.95531880,64.93693718,99.2291,1,22,0.0185,-0.0085,-0.0513,0.0552,ok,184.8
2025-01-11,VOLG,Волгоград,0.00000000,0.00000000,0.0000,0,0,0.0000,0.0000,0.0000,0.0000,no_obs,7.8
2025-01-11,VRH1,Верхоянск,67.56543297,133.41168301,133.5033,1,23,-0.0344,0.0210,-0.0222,0.0460,ok,151.0
2025-01-11,VLS1,Вилюйск,63.75300419,121.63531435,95.7824,1,24,0.0018,0.0099,-0.0072,0.0124,ok,202.4
2025-01-11,VNOV,В.Новгород(2),58.53356489,31.26084121,59.0091,1,22,-0.0121,0.0032,-0.0157,0.0201,ok,185.7
2025-01-11,WAGI,Вагай,0.00000000,0.00000000,0.0000,0,0,0.0000,0.0000,0.0000,0.0000,no_obs,7.9
2025-01-11,ZHEL,Железногорск,0.00000000,0.00000000,0.0000,0,0,0.0000,0.0000,0.0000,0.0000,ppp_failed,9.0
2025-01-11,ZVRG,Звериноголовское,54.46200867,64.86913220,98.0838,1,16,0.0263,0.0155,-0.0356,0.0469,ok,43.4
2025-01-11,VRH2,Верхоянск,67.56541993,133.41162829,133.5380,1,30,-0.0014,0.0136,-0.0390,0.0413,ok,226.9
2025-01-12,AGA1,Александров Гай,0.00000000,0.00000000,0.0000,0,0,0.0000,0.0000,0.0000,0.0000,no_obs,10.3
2025-01-12,ANDR,Анадырь,64.73536205,177.50997244,64.9328,1,20,-0.0201,0.0470,0.0250,0.0569,ok,121.5
2025-01-12,AMDR,Амдерма,69.75947700,61.67869996,46.0346,1,25,-0.0491,0.0431,-0.0010,0.0654,ok,144.1
2025-01-12,AST3,Астрахань,46.35357976,48.05647293,8.6632,1,14,0.0074,-0.0103,-0.0098,0.0160,ok,27.1
2025-01-12,ARKH,Архангельск,64.54929845,40.52603490,60.9684,1,22,0.0007,0.0070,-0.0003,0.0071,ok,156.1
2025-01-12,ANTP,Антипаюта,69.10440764,76.85984663,-7.6293,1,26,-0.0006,0.0193,-0.0098,0.0216,ok,167.7
2025-01-12,BGHN,Богучаны,0.00000000,0.00000000,0.0000,0,0,0.0000,0.0000,0.0000,0.0000,no_obs,7.6
2025-01-12,BIRY,Биряково,0.00000000,0.00000000,0.0000,0,0,0.0000,0.0000,0.0000,0.0000,no_obs,7.7
2025-01-12,BELG,Белгород,50.63991831,36.57157554,241.0186,1,15,-0.0067,-0.0100,-0.0167,0.0206,ok,26.5
2025-01-12,AYN1,Аян,56.46307562,138.17528737,31.7121,1,20,-0.0103,0.0111,-0.0172,0.0229,ok,158.0
2025-01-12,BARE,Баренцбург,78.06325713,14.23890637,290.6227,1,25,0.0000,0.0000,0.0000,0.0000,ok,208.2
2025-01-12,CHIT,Чита,52.02288909,113.51628416,666.7968,1,20,0.0248,-0.0340,0.0047,0.0424,ok,170.9
2025-01-12,BORO,Бор,61.58027934,90.03403887,31.1098,1,24,-0.0032,-0.0147,-0.0211,0.0259,ok,185.5
2025-01-12,CRS1,Черский,0.00000000,0.00000000,0.0000,0,0,0.0000,0.0000,0.0000,0.0000,no_obs,7.8
2025-01-12,CRS2,Черский,0.00000000,0.00000000,0.0000,0,0,0.0000,0.0000,0.0000,0.0000,no_obs,8.1
2025-01-12,DKSN,Диксон,0.00000000,0.00000000,0.0000,0,0,0.0000,0.0000,0.0000,0.0000,no_obs,8.1
2025-01-12,CHRD,Чокурдах,70.62212163,147.89793324,48.8942,1,24,-0.0060,0.0424,-0.0115,0.0443,ok,192.3
2025-01-12,EKTG,Екатеринбург,56.87753345,60.68117456,294.9978,1,19,0.0094,-0.0011,0.0029,0.0099,ok,150.8
2025-01-12,HES1,Земля Франца-Иосифа,0.00000000,0.00000000,0.0000,0,0,0.0000,0.0000,0.0000,0.0000,no_obs,7.6
2025-01-12,HES2,Земля Франца-Иосифа,0.00000000,0.00000000,0.0000,0,0,0.0000,0.0000,0.0000,0.0000,no_obs,7.6
2025-01-12,ELIS,Элиста,46.30902008,44.31143427,153.8136,1,19,0.0084,-0.0153,-0.0793,0.0812,ok,163.5
2025-01-12,IRAE,Ираёль,0.00000000,0.00000000,0.0000,0,0,0.0000,0.0000,0.0000,0.0000,no_obs,8.3
2025-01-12,ITKL,Ытык-Кюёль,0.00000000,0.00000000,0.0000,0,0,0.0000,0.0000,0.0000,0.0000,no_obs,7.4
2025-01-12,CNG1,Москва,55.85503159,37.51604400,191.6855,1,20,0.0011,-0.0040,-0.0168,0.0173,ok,205.8
2025-01-12,IRKO,Иркутск,52.30810503,104.33098021,468.1623,1,17,-0.0135,-0.0122,0.0176,0.0253,ok,35.5
2025-01-12,FSVO,Свободный,51.36997891,128.13168623,208.7007,1,20,0.0027,-0.0353,0.0053,0.0358,ok,174.3
2025-01-12,KARG,Каргополь,0.00000000,0.00000000,0.0000,0,0,0.0000,0.0000,0.0000,0.0000,no_obs,7.7
2025-01-12,KERC,Керчь,0.00000000,0.00000000,0.0000,0,0,0.0000,0.0000,0.0000,0.0000,no_obs,7.1
2025-01-12,ITRP,Курильск,45.25361206,147.88651415,55.8300,1,17,0.0110,-0.0179,-0.1219,0.1237,ok,130.2
2025-01-12,KAGP,Красноярск,56.03386915,92.86190872,224.3366,1,25,-0.0094,-0.0077,-0.0053,0.0132,ok,155.1
2025-01-12,IZVK,Ижевск,56.83623966,53.45723598,160.7724,1,25,-0.0025,0.0032,-0.0078,0.0088,ok,173.2
2025-01-12,KHAZ,Хабаровск,48.44537281,135.13893923,90.2151,1,19,0.0256,-0.0643,0.0223,0.0727,ok,147.6
2025-01-12,KIZ1,Кызыл,51.71963806,94.45472206,588.6394,1,25,-0.0031,-0.0090,0.0034,0.0101,ok,127.2
2025-01-12,KIRV,Киров,58.57002359,49.57241511,164.6215,1,19,0.0111,0.0049,-0.0087,0.0149,ok,175.0
2025-01-12,KLCH,Ключи,56.32414934,160.82601396,49.3718,1,20,-0.0064,-0.0147,-0.0379,0.0411,ok,165.7
2025-01-12,KLN1,Калининград,54.71127353,20.43630242,58.8675,1,19,-0.0049,0.0012,-0.0239,0.0244,ok,141.0
2025-01-12,KNDL,Кондоль,52.82730675,45.06241895,235.7088,1,21,0.0183,-0.0029,0.0076,0.0200,ok,159.5
2025-01-12,KOTL,Котлас,61.25092356,46.63250783,79.1369,1,22,0.0033,0.0003,-0.0092,0.0098,ok,124.1
2025-01-12,LOVJ,Ловозеро,0.00000000,0.00000000,0.0000,0,0,0.0000,0.0000,0.0000,0.0000,no_obs,7.6
2025-01-12,KLPS,Колпашево,58.32583954,82.95056698,50.0104,1,25,0.0152,-0.0325,-0.0612,0.0709,ok,182.4
2025-01-12,LVR1,Лаврентия,65.57884731,-171.00766288,14.9631,1,15,-0.0302,0.0061,-0.1518,0.1549,ok,83.4
2025-01-12,MAMA,Мамакан,0.00000000,0.00000000,0.0000,0,0,0.0000,0.0000,0.0000,0.0000,no_obs,7.2
2025-01-12,KZDV,Кузедеево,53.34104037,87.18564730,254.2266,1,25,-0.0035,0.0102,-0.0282,0.0302,ok,198.3
2025-01-12,MAG1,Магадан,59.57733810,150.81044400,74.0564,1,21,-0.0097,0.0535,0.0555,0.0777,ok,159.6
2025-01-12,MFGS,Мичуринский,0.00000000,0.00000000,0.0000,0,0,0.0000,0.0000,0.0000,0.0000,no_obs,8.3
2025-01-12,LVR2,Лаврентия,65.57886788,-171.00769163,14.9823,1,30,-0.0318,0.0085,-0.1229,0.1272,ok,234.1
2025-01-12,MBR1,Северная Земля,79.27980473,101.61977570,27.2059,1,24,-0.0017,0.0028,-0.1085,0.1086,ok,200.7
2025-01-12,MHCH,Махачкала,43.02999150,47.45898071,-22.5206,1,19,0.0037,0.0035,0.0063,0.0081,ok,61.1
2025-01-12,MKR2,Новая Земля,0.00000000,0.00000000,0.0000,0,0,0.0000,0.0000,0.0000,0.0000,no_obs,7.5
2025-01-12,MOBJ,Обнинск,0.00000000,0.00000000,0.0000,0,0,0.0000,0.0000,0.0000,0.0000,no_obs,7.7
2025-01-12,MGNS,Магнитогорск,53.38226388,59.13313806,374.3794,1,24,-0.0227,0.0212,-0.1595,0.1625,ok,164.7
2025-01-12,MYRN,Мирный,0.00000000,0.00000000,0.0000,0,0,0.0000,0.0000,0.0000,0.0000,no_obs,7.5
2025-01-12,MBR2,Северная Земля,79.27971559,101.61986669,27.3917,1,32,0.0033,0.0008,-0.0776,0.0777,ok,250.7
2025-01-12,NERY,Нерюнгри,56.66718668,124.72585081,845.3245,1,14,0.0179,-0.0230,-0.0183,0.0344,ok,71.3
2025-01-12,MKR1,Новая Земля,72.37465344,52.71640864,23.5067,1,26,0.0064,0.0093,-0.0042,0.0121,ok,199.3
2025-01-12,MURM,Мурманск,68.96603233,33.09225247,96.5463,1,24,0.0157,0.0167,0.0548,0.0594,ok,206.9
2025-01-12,NARY,Нарьян-Мар,67.62576153,53.02039549,9.4987,1,24,0.0043,0.0040,-0.0196,0.0205,ok,202.9
2025-01-12,NIRO,Ныроб,60.73491562,56.71160461,152.1753,1,23,0.0204,-0.0226,-0.0218,0.0375,ok,192.9
2025-01-12,NOVG,В.Новгород,58.53355603,31.26083536,59.0004,1,19,-0.0024,0.0338,-0.0481,0.0589,ok,142.9
2025-01-12,NRIL,Норильск,0.00000000,0.00000000,0.0000,0,0,0.0000,0.0000,0.0000,0.0000,no_obs,7.9
2025-01-12,NNOV,Н.Новгород,56.29180586,44.03421747,178.5883,1,21,-0.0021,-0.0116,-0.0012,0.0118,ok,186.1
2025-01-12,NOYA,Ноябрьск,63.18586380,75.44895824,108.5329,1,24,0.0335,0.0095,-0.0287,0.0451,ok,197.7
2025-01-12,OLE1,Олекминск,0.00000000,0.00000000,0.0000,0,0,0.0000,0.0000,0.0000,0.0000,no_obs,7.5
2025-01-12,OLE2,Олекминск,0.00000000,0.00000000,0.0000,0,0,0.0000,0.0000,0.0000,0.0000,no_obs,8.1
2025-01-12,OHA1,Оха,53.58964964,142.95336975,49.8831,1,21,0.0026,0.0086,0.0212,0.0230,ok,153.1
2025-01-12,OLNK,Оленёк,0.00000000,0.00000000,0.0000,0,0,0.0000,0.0000,0.0000,0.0000,no_obs,7.3
2025-01-12,NSK1,Новосибирск,55.01225499,82.98502423,141.1358,1,24,0.0020,-0.0034,-0.0219,0.0223,ok,170.9
2025-01-12,OKTB,Казань,55.83948593,48.81177846,99.9780,1,21,-0.0011,0.0054,-0.0160,0.0169,ok,183.4
2025-01-12,OLGA,Ольга,43.75327606,135.31143895,48.9616,1,19,0.0083,0.0016,-0.0146,0.0169,ok,145.8
2025-01-12,ONGY,Онгудай,50.74665124,86.13584015,794.7189,1,25,-0.0007,0.0155,-0.0403,0.0432,ok,124.7
2025-01-12,OMSR,Омск,55.02705211,73.40508730,107.6179,1,25,0.0130,-0.0025,-0.0197,0.0238,ok,148.1
2025-01-12,OREN,Оренбург,51.75972706,55.09966436,106.8792,1,21,0.0160,0.0079,-0.0063,0.0189,ok,151.7
2025-01-12,POLO,Полины Осипенко,0.00000000,0.00000000,0.0000,0,0,0.0000,0.0000,0.0000,0.0000,no_obs,7.8
2025-01-12,PRVM,Первомайск,0.00000000,0.00000000,0.0000,0,0,0.0000,0.0000,0.0000,0.0000,no_obs,7.5
2025-01-12,PTGK,Пятигорск,0.00000000,0.00000000,0.0000,0,0,0.0000,0.0000,0.0000,0.0000,no_obs,7.6
2025-01-12,PULJ,Пулково,0.00000000,0.00000000,0.0000,0,0,0.0000,0.0000,0.0000,0.0000,no_obs,8.0
2025-01-12,OXTK,Охотск,59.36039302,143.23484340,19.2128,1,20,-0.0264,0.0240,0.0174,0.0397,ok,175.9
2025-01-12,PEVK,Певек,69.70041264,170.25729418,7.6520,1,21,-0.0468,0.0204,-0.0282,0.0583,ok,182.5
2025-01-12,RSTS,Ростов-на-Дону,0.00000000,0.00000000,0.0000,0,0,0.0000,0.0000,0.0000,0.0000,no_obs,1.1
2025-01-12,RYR1,Рыркайпий,0.00000000,0.00000000,0.0000,0,0,0.0000,0.0000,0.0000,0.0000,no_obs,7.5
2025-01-12,RYR2,Рыркайпий,0.00000000,0.00000000,0.0000,0,0,0.0000,0.0000,0.0000,0.0000,no_obs,7.7
2025-01-12,PNGD,Пангоды,65.84920523,74.50720558,33.6449,1,24,0.0023,0.0150,-0.0184,0.0239,ok,191.3
2025-01-12,RBCS,Рубцовск,51.57501573,81.19611273,178.0486,1,25,0.0189,-0.0278,-0.0475,0.0582,ok,147.5
2025-01-12,RGSK,Ряжск,53.69968146,40.11259901,138.4496,1,21,0.0071,-0.0135,0.0831,0.0845,ok,170.3
2025-01-12,SEV1,Севастополь,0.00000000,0.00000000,0.0000,0,0,0.0000,0.0000,0.0000,0.0000,no_obs,7.9
2025-01-12,SEVR,Северное,0.00000000,0.00000000,0.0000,0,0,0.0000,0.0000,0.0000,0.0000,no_obs,7.6
2025-01-12,SEGE,Сегежа,63.75881005,34.28673795,129.2177,1,23,0.0100,0.0119,-0.0929,0.0942,ok,165.6
2025-01-12,SAMR,Самара,53.22869779,50.23363841,114.5921,1,20,-0.0301,-0.0011,-0.0561,0.0637,ok,185.1
2025-01-12,SEMH,Сеймчан,62.93334703,152.38434614,228.4569,1,23,0.0373,0.0074,0.0224,0.0441,ok,176.9
2025-01-12,SVK2,Северо-Курильск,0.00000000,0.00000000,0.0000,0,0,0.0000,0.0000,0.0000,0.0000,no_obs,8.1
2025-01-12,SYTO,Сытомино,0.00000000,0.00000000,0.0000,0,0,0.0000,0.0000,0.0000,0.0000,no_obs,7.7
2025-01-12,SLH1,Салехард,66.52902432,66.60633929,48.5610,1,24,0.0034,0.0020,-0.0179,0.0183,ok,133.9
2025-01-12,SPB2,С-Петербург,59.89064594,30.36148802,48.6713,1,16,-0.0055,-0.0016,0.0158,0.0168,ok,137.2
2025-01-12,TRH1,Туруханск,0.00000000,0.00000000,0.0000,0,0,0.0000,0.0000,0.0000,0.0000,no_obs,7.4
2025-01-12,TRH2,Туруханск,0.00000000,0.00000000,0.0000,0,0,0.0000,0.0000,0.0000,0.0000,no_obs,7.4
2025-01-12,SVK1,Северо-Курильск,50.66629827,156.11848391,46.0905,1,20,0.0144,-0.0297,-0.1399,0.1437,ok,191.0
2025-01-12,TILK,Тиличики,60.43862370,166.08958799,100.1311,1,21,-0.0160,0.0389,0.0188,0.0461,ok,174.0
2025-01-12,TUAP,Туапсе,44.10285514,39.03753526,111.0476,1,23,0.0018,0.0026,-0.1234,0.1234,ok,84.3
2025-01-12,TIXG,Тикси,71.63447145,128.86643014,47.1366,1,24,-0.0040,-0.0007,0.0715,0.0716,ok,207.5
2025-01-12,TULN,Тулун,54.59601392,100.65583744,483.9773,1,24,0.0207,0.0099,-0.1403,0.1422,ok,180.6
2025-01-12,TURR,Тура,64.27144451,100.21571772,160.7029,1,22,-0.0162,0.0103,-0.1482,0.1494,ok,193.5
2025-01-12,USNR,Усть-Нера,0.00000000,0.00000000,0.0000,0,0,0.0000,0.0000,0.0000,0.0000,no_obs,7.5
2025-01-12,VANA,Ванавара,0.00000000,0.00000000,0.0000,0,0,0.0000,0.0000,0.0000,0.0000,no_obs,6.9
2025-01-12,VLDV,Владивосток,0.00000000,0.00000000,0.0000,0,0,0.0000,0.0000,0.0000,0.0000,no_obs,1.1
2025-01-12,UFA1,Уфа,54.71142928,55.81454995,96.9308,1,23,0.0007,0.0140,-0.0169,0.0220,ok,196.9
2025-01-12,UFGS,Уварово,51.99910084,42.24247063,159.4023,1,20,0.0098,0.0049,-0.0879,0.0886,ok,148.6
2025-01-12,VLS2,Вилюйск,0.00000000,0.00000000,0.0000,0,0,0.0000,0.0000,0.0000,0.0000,no_obs,8.4
2025-01-12,VOLG,Волгоград,0.00000000,0.00000000,0.0000,0,0,0.0000,0.0000,0.0000,0.0000,no_obs,7.7
2025-01-12,UNGN,Уньюган,61.95531876,64.93693720,99.2333,1,24,0.0144,-0.0072,-0.0471,0.0498,ok,194.1
2025-01-12,VNOV,В.Новгород(2),58.53356485,31.26084125,59.0031,1,22,-0.0167,0.0057,-0.0217,0.0280,ok,158.2
2025-01-12,WAGI,Вагай,0.00000000,0.00000000,0.0000,0,0,0.0000,0.0000,0.0000,0.0000,no_obs,7.7
2025-01-12,VLS1,Вилюйск,63.75300417,121.63531435,95.7894,1,24,-0.0008,0.0099,-0.0002,0.0099,ok,172.3
2025-01-12,ZHEL,Железногорск,0.00000000,0.00000000,0.0000,0,0,0.0000,0.0000,0.0000,0.0000,ppp_failed,8.5
2025-01-12,VRH1,Верхоянск,67.56543294,133.41168293,133.5015,1,22,-0.0377,0.0176,-0.0240,0.0481,ok,180.0
2025-01-12,ZVRG,Звериноголовское,54.46200862,64.86913212,98.0900,1,18,0.0211,0.0101,-0.0294,0.0375,ok,34.4
2025-01-12,VRH2,Верхоянск,67.56541992,133.41162820,133.5364,1,31,-0.0023,0.0096,-0.0406,0.0418,ok,223.1
2025-01-13,AGA1,Александров Гай,0.00000000,0.00000000,0.0000,0,0,0.0000,0.0000,0.0000,0.0000,no_obs,8.8
2025-01-13,ANDR,Анадырь,64.73536208,177.50997243,64.9388,1,19,-0.0160,0.0468,0.0310,0.0584,ok,78.2
2025-01-13,AST3,Астрахань,46.35357953,48.05647265,8.6884,1,16,-0.0189,-0.0319,0.0154,0.0401,ok,21.8
2025-01-13,AMDR,Амдерма,69.75947701,61.67869982,46.0283,1,23,-0.0476,0.0378,-0.0073,0.0612,ok,201.1
2025-01-13,ANTP,Антипаюта,69.10440766,76.85984651,-7.6268,1,25,0.0014,0.0146,-0.0073,0.0164,ok,204.3
2025-01-13,ARKH,Архангельск,64.54929843,40.52603505,60.9707,1,25,-0.0021,0.0143,0.0020,0.0146,ok,204.1
2025-01-13,BELG,Белгород,50.63991838,36.57157536,241.0662,1,16,0.0008,-0.0226,0.0309,0.0383,ok,12.5
2025-01-13,BGHN,Богучаны,0.00000000,0.00000000,0.0000,0,0,0.0000,0.0000,0.0000,0.0000,no_obs,7.7
2025-01-13,BIRY,Биряково,0.00000000,0.00000000,0.0000,0,0,0.0000,0.0000,0.0000,0.0000,no_obs,7.5
2025-01-13,AYN1,Аян,56.46307564,138.17528724,31.7065,1,21,-0.0077,0.0032,-0.0228,0.0243,ok,170.7
2025-01-13,CHIT,Чита,52.02288908,113.51628405,666.7995,1,20,0.0235,-0.0412,0.0074,0.0480,ok,120.2
2025-01-13,BARE,Баренцбург,78.06325717,14.23890639,290.6169,1,24,0.0000,0.0000,0.0000,0.0000,ok,198.8
2025-01-13,CRS1,Черский,0.00000000,0.00000000,0.0000,0,0,0.0000,0.0000,0.0000,0.0000,no_obs,7.9
2025-01-13,CRS2,Черский,0.00000000,0.00000000,0.0000,0,0,0.0000,0.0000,0.0000,0.0000,no_obs,7.4
2025-01-13,DKSN,Диксон,0.00000000,0.00000000,0.0000,0,0,0.0000,0.0000,0.0000,0.0000,no_obs,7.7
2025-01-13,BORO,Бор,61.58027936,90.03403886,31.1189,1,22,-0.0016,-0.0150,-0.0120,0.0193,ok,203.3
2025-01-13,CHRD,Чокурдах,70.62212164,147.89793309,48.8959,1,23,-0.0042,0.0368,-0.0098,0.0383,ok,214.9
2025-01-13,CNG1,Москва,55.85503157,37.51604425,191.6897,1,22,-0.0015,0.0113,-0.0126,0.0170,ok,207.5
2025-01-13,HES1,Земля Франца-Иосифа,0.00000000,0.00000000,0.0000,0,0,0.0000,0.0000,0.0000,0.0000,no_obs,8.2
2025-01-13,HES2,Земля Франца-Иосифа,0.00000000,0.00000000,0.0000,0,0,0.0000,0.0000,0.0000,0.0000,no_obs,8.4
2025-01-13,EKTG,Екатеринбург,56.87753346,60.68117456,294.9964,1,20,0.0104,-0.0012,0.0015,0.0106,ok,145.9
2025-01-13,IRAE,Ираёль,0.00000000,0.00000000,0.0000,0,0,0.0000,0.0000,0.0000,0.0000,no_obs,8.0
2025-01-13,ITKL,Ытык-Кюёль,0.00000000,0.00000000,0.0000,0,0,0.0000,0.0000,0.0000,0.0000,no_obs,7.3
2025-01-13,IRKO,Иркутск,52.30810500,104.33098042,468.2063,1,15,-0.0167,0.0018,0.0616,0.0639,ok,24.4
2025-01-13,ELIS,Элиста,46.30902048,44.31143483,153.7514,1,24,0.0531,0.0277,-0.1415,0.1536,ok,174.9
2025-01-13,FSVO,Свободный,51.36997892,128.13168612,208.6949,1,19,0.0036,-0.0427,-0.0005,0.0429,ok,167.1
2025-01-13,KARG,Каргополь,0.00000000,0.00000000,0.0000,0,0,0.0000,0.0000,0.0000,0.0000,no_obs,7.5
2025-01-13,KERC,Керчь,0.00000000,0.00000000,0.0000,0,0,0.0000,0.0000,0.0000,0.0000,no_obs,7.6
2025-01-13,ITRP,Курильск,45.25361210,147.88651412,55.8157,1,18,0.0157,-0.0200,-0.1362,0.1386,ok,149.2
2025-01-13,KIRV,Киров,0.00000000,0.00000000,0.0000,0,0,0.0000,0.0000,0.0000,0.0000,no_obs,1.0
2025-01-13,IZVK,Ижевск,56.83623968,53.45723610,160.7685,1,26,-0.0011,0.0108,-0.0117,0.0160,ok,172.2
2025-01-13,KAGP,Красноярск,56.03386912,92.86190872,224.3404,1,24,-0.0129,-0.0077,-0.0015,0.0151,ok,179.5
2025-01-13,KHAZ,Хабаровск,48.44537283,135.13893906,90.2164,1,17,0.0276,-0.0766,0.0236,0.0848,ok,154.3
2025-01-13,KLN1,Калининград,54.71127352,20.43630262,58.8709,1,23,-0.0056,0.0138,-0.0205,0.0253,ok,127.0
2025-01-13,KLCH,Ключи,56.32414936,160.82601396,49.3786,1,20,-0.0040,-0.0145,-0.0311,0.0346,ok,157.6
2025-01-13,KIZ1,Кызыл,51.71963801,94.45472196,588.6438,1,23,-0.0088,-0.0154,0.0078,0.0194,ok,209.3
2025-01-13,KLPS,Колпашево,58.32583952,82.95056700,50.0230,1,24,0.0131,-0.0313,-0.0486,0.0593,ok,212.9
2025-01-13,LOVJ,Ловозеро,0.00000000,0.00000000,0.0000,0,0,0.0000,0.0000,0.0000,0.0000,no_obs,8.0
2025-01-13,KNDL,Кондоль,52.82730708,45.06241920,235.6248,1,25,0.0551,0.0141,-0.0764,0.0953,ok,161.9
2025-01-13,KOTL,Котлас,61.25092353,46.63250795,79.1332,1,24,0.0003,0.0070,-0.0129,0.0147,ok,174.2
2025-01-13,LVR1,Лаврентия,65.57884736,-171.00766280,14.9572,1,17,-0.0249,0.0099,-0.1577,0.1600,ok,101.0
2025-01-13,KZDV,Кузедеево,53.34104033,87.18564734,254.2344,1,25,-0.0083,0.0123,-0.0204,0.0252,ok,204.0
2025-01-13,MAMA,Мамакан,0.00000000,0.00000000,0.0000,0,0,0.0000,0.0000,0.0000,0.0000,no_obs,7.8
2025-01-13,MAG1,Магадан,59.57733809,150.81044392,74.0508,1,21,-0.0105,0.0493,0.0499,0.0710,ok,193.8
2025-01-13,MFGS,Мичуринский,0.00000000,0.00000000,0.0000,0,0,0.0000,0.0000,0.0000,0.0000,no_obs,7.9
2025-01-13,LVR2,Лаврентия,65.57886790,-171.00769150,14.9923,1,27,-0.0296,0.0145,-0.1129,0.1176,ok,233.2
2025-01-13,MBR1,Северная Земля,79.27980475,101.61977560,27.2048,1,25,0.0007,0.0008,-0.1096,0.1096,ok,198.1
2025-01-13,MHCH,Махачкала,43.02999150,47.45898086,-22.5256,1,21,0.0039,0.0157,0.0013,0.0162,ok,78.2
2025-01-13,MKR2,Новая Земля,0.00000000,0.00000000,0.0000,0,0,0.0000,0.0000,0.0000,0.0000,no_obs,7.9
2025-01-13,MOBJ,Обнинск,0.00000000,0.00000000,0.0000,0,0,0.0000,0.0000,0.0000,0.0000,no_obs,7.6
2025-01-13,MBR2,Северная Земля,79.27971560,101.61986675,27.3916,1,33,0.0035,0.0021,-0.0777,0.0778,ok,243.6
2025-01-13,MYRN,Мирный,0.00000000,0.00000000,0.0000,0,0,0.0000,0.0000,0.0000,0.0000,no_obs,8.5
2025-01-13,MGNS,Магнитогорск,53.38226387,59.13313816,374.3807,1,27,-0.0234,0.0279,-0.1582,0.1623,ok,126.2
2025-01-13,NERY,Нерюнгри,56.66718669,124.72585078,845.3230,1,17,0.0189,-0.0246,-0.0198,0.0368,ok,59.2
2025-01-13,MKR1,Новая Земля,72.37465340,52.71640874,23.5125,1,24,0.0020,0.0126,0.0016,0.0128,ok,197.4
2025-01-13,NARY,Нарьян-Мар,67.62576150,53.02039553,9.4911,1,24,0.0016,0.0057,-0.0272,0.0278,ok,192.0
2025-01-13,MURM,Мурманск,68.96603229,33.09225250,96.5539,1,24,0.0115,0.0179,0.0624,0.0659,ok,214.4
2025-01-13,NIRO,Ныроб,60.73491562,56.71160467,152.1797,1,24,0.0204,-0.0196,-0.0174,0.0332,ok,210.8
2025-01-13,NRIL,Норильск,0.00000000,0.00000000,0.0000,0,0,0.0000,0.0000,0.0000,0.0000,no_obs,7.7
2025-01-13,NOVG,В.Новгород,58.53355606,31.26083541,59.0053,1,20,0.0008,0.0369,-0.0432,0.0568,ok,120.8
2025-01-13,NNOV,Н.Новгород,56.29180588,44.03421758,178.5773,1,23,0.0003,-0.0049,-0.0122,0.0131,ok,186.2
2025-01-13,NOYA,Ноябрьск,63.18586382,75.44895818,108.5366,1,25,0.0352,0.0064,-0.0250,0.0436,ok,180.8
2025-01-13,OLE1,Олекминск,0.00000000,0.00000000,0.0000,0,0,0.0000,0.0000,0.0000,0.0000,no_obs,7.4
2025-01-13,OLE2,Олекминск,0.00000000,0.00000000,0.0000,0,0,0.0000,0.0000,0.0000,0.0000,no_obs,7.6
2025-01-13,OHA1,Оха,53.58964967,142.95336965,49.8780,1,20,0.0058,0.0020,0.0161,0.0172,ok,130.4
2025-01-13,OKTB,Казань,55.83948596,48.81177848,99.9701,1,25,0.0018,0.0069,-0.0239,0.0249,ok,123.3
2025-01-13,OLNK,Оленёк,0.00000000,0.00000000,0.0000,0,0,0.0000,0.0000,0.0000,0.0000,no_obs,8.0
2025-01-13,NSK1,Новосибирск,55.01225494,82.98502428,141.1418,1,23,-0.0043,-0.0001,-0.0159,0.0165,ok,209.7
