date,station,lat,lon,h_m,q,nsat,dN_m,dE_m,dU_m,r3d_m,status,duration_s
2025-01-01,AB07,0.00000000,0.00000000,0.0000,0,0,0.0000,0.0000,0.0000,0.0000,no_obs,6.2
2025-01-01,AB15,0.00000000,0.00000000,0.0000,0,0,0.0000,0.0000,0.0000,0.0000,no_obs,6.2
2025-01-01,AB09,0.00000000,0.00000000,0.0000,0,0,0.0000,0.0000,0.0000,0.0000,no_obs,6.4
2025-01-01,AB21,0.00000000,0.00000000,0.0000,0,0,0.0000,0.0000,0.0000,0.0000,no_obs,6.4
2025-01-01,AB01,0.00000000,0.00000000,0.0000,0,0,0.0000,0.0000,0.0000,0.0000,no_obs,6.4
2025-01-01,00NA,0.00000000,0.00000000,0.0000,0,0,0.0000,0.0000,0.0000,0.0000,no_obs,6.4
2025-01-01,AB11,0.00000000,0.00000000,0.0000,0,0,0.0000,0.0000,0.0000,0.0000,no_obs,6.7
2025-01-01,AB02,0.00000000,0.00000000,0.0000,0,0,0.0000,0.0000,0.0000,0.0000,no_obs,6.9
2025-01-01,AB45,0.00000000,0.00000000,0.0000,0,0,0.0000,0.0000,0.0000,0.0000,no_obs,5.7
2025-01-01,ABPO,0.00000000,0.00000000,0.0000,0,0,0.0000,0.0000,0.0000,0.0000,no_obs,5.7
2025-01-01,AB51,0.00000000,0.00000000,0.0000,0,0,0.0000,0.0000,0.0000,0.0000,no_obs,5.8
2025-01-01,AC02,0.00000000,0.00000000,0.0000,0,0,0.0000,0.0000,0.0000,0.0000,no_obs,5.5
2025-01-01,AB27,0.00000000,0.00000000,0.0000,0,0,0.0000,0.0000,0.0000,0.0000,no_obs,6.2
2025-01-01,AB48,0.00000000,0.00000000,0.0000,0,0,0.0000,0.0000,0.0000,0.0000,no_obs,6.0
2025-01-01,AC19,0.00000000,0.00000000,0.0000,0,0,0.0000,0.0000,0.0000,0.0000,no_obs,5.9
2025-01-01,AC24,0.00000000,0.00000000,0.0000,0,0,0.0000,0.0000,0.0000,0.0000,no_obs,7.6
2025-01-01,AC58,0.00000000,0.00000000,0.0000,0,0,0.0000,0.0000,0.0000,0.0000,no_obs,7.3
2025-01-01,AC25,0.00000000,0.00000000,0.0000,0,0,0.0000,0.0000,0.0000,0.0000,no_obs,7.8
2025-01-01,AC43,0.00000000,0.00000000,0.0000,0,0,0.0000,0.0000,0.0000,0.0000,no_obs,7.7
2025-01-01,AC60,0.00000000,0.00000000,0.0000,0,0,0.0000,0.0000,0.0000,0.0000,no_obs,7.6
2025-01-01,AC40,0.00000000,0.00000000,0.0000,0,0,0.0000,0.0000,0.0000,0.0000,no_obs,7.9
2025-01-01,AC67,0.00000000,0.00000000,0.0000,0,0,0.0000,0.0000,0.0000,0.0000,no_obs,7.6
2025-01-01,ACOR,0.00000000,0.00000000,0.0000,0,0,0.0000,0.0000,0.0000,0.0000,no_obs,5.9
2025-01-01,ACP1,0.00000000,0.00000000,0.0000,0,0,0.0000,0.0000,0.0000,0.0000,no_obs,5.9
2025-01-01,AGUI,0.00000000,0.00000000,0.0000,0,0,0.0000,0.0000,0.0000,0.0000,no_obs,5.5
2025-01-01,ADRI,0.00000000,0.00000000,0.0000,0,0,0.0000,0.0000,0.0000,0.0000,no_obs,7.0
2025-01-01,ADE1,0.00000000,0.00000000,0.0000,0,0,0.0000,0.0000,0.0000,0.0000,no_obs,7.3
2025-01-01,AHID,0.00000000,0.00000000,0.0000,0,0,0.0000,0.0000,0.0000,0.0000,no_obs,5.8
2025-01-01,AIS5,0.00000000,0.00000000,0.0000,0,0,0.0000,0.0000,0.0000,0.0000,no_obs,5.5
2025-01-01,AL90,0.00000000,0.00000000,0.0000,0,0,0.0000,0.0000,0.0000,0.0000,no_obs,10.2
2025-01-01,AL92,0.00000000,0.00000000,0.0000,0,0,0.0000,0.0000,0.0000,0.0000,no_obs,6.5
2025-01-01,ALAN,0.00000000,0.00000000,0.0000,0,0,0.0000,0.0000,0.0000,0.0000,no_obs,5.4
2025-01-01,ALBY,0.00000000,0.00000000,0.0000,0,0,0.0000,0.0000,0.0000,0.0000,no_obs,5.4
2025-01-01,ALDI,0.00000000,0.00000000,0.0000,0,0,0.0000,0.0000,0.0000,0.0000,no_obs,5.8
2025-01-01,AGGO,-34.87370635,-58.13985721,39.6908,1,21,-0.0087,-0.0006,0.0021,0.0089,ok,110.7
2025-01-01,AIRA,31.82405804,130.59959823,314.6600,1,21,0.0071,-0.0073,-0.0090,0.0136,ok,112.3
2025-01-01,ALME,0.00000000,0.00000000,0.0000,0,0,0.0000,0.0000,0.0000,0.0000,no_obs,6.0
2025-01-01,ALON,0.00000000,0.00000000,0.0000,0,0,0.0000,0.0000,0.0000,0.0000,no_obs,5.8
2025-01-01,ALRT,0.00000000,0.00000000,0.0000,0,0,0.0000,0.0000,0.0000,0.0000,no_obs,5.9
2025-01-01,ABMF,16.26230753,-61.52753495,-25.5679,1,22,0.0088,-0.0029,-0.0015,0.0094,ok,151.2
2025-01-01,AMBL,0.00000000,0.00000000,0.0000,0,0,0.0000,0.0000,0.0000,0.0000,no_obs,5.8
2025-01-01,AMC2,0.00000000,0.00000000,0.0000,0,0,0.0000,0.0000,0.0000,0.0000,no_obs,5.4
2025-01-01,AMMN,0.00000000,0.00000000,0.0000,0,0,0.0000,0.0000,0.0000,0.0000,no_obs,5.7
2025-01-01,AMTE,0.00000000,0.00000000,0.0000,0,0,0.0000,0.0000,0.0000,0.0000,no_obs,5.8
2025-01-01,ANC2,0.00000000,0.00000000,0.0000,0,0,0.0000,0.0000,0.0000,0.0000,no_obs,6.0
2025-01-01,ALAC,38.33892356,-0.48122479,60.3046,1,21,0.0060,0.0052,-0.0186,0.0202,ok,151.7
2025-01-01,ANCG,0.00000000,0.00000000,0.0000,0,0,0.0000,0.0000,0.0000,0.0000,no_obs,5.8
2025-01-01,AND1,0.00000000,0.00000000,0.0000,0,0,0.0000,0.0000,0.0000,0.0000,no_obs,5.3
2025-01-01,ANDA,0.00000000,0.00000000,0.0000,0,0,0.0000,0.0000,0.0000,0.0000,no_obs,5.5
2025-01-01,ANGL,0.00000000,0.00000000,0.0000,0,0,0.0000,0.0000,0.0000,0.0000,no_obs,5.3
2025-01-01,ANKR,0.00000000,0.00000000,0.0000,0,0,0.0000,0.0000,0.0000,0.0000,no_obs,5.3
2025-01-01,ANLX,0.00000000,0.00000000,0.0000,0,0,0.0000,0.0000,0.0000,0.0000,no_obs,5.3
2025-01-01,ANP5,0.00000000,0.00000000,0.0000,0,0,0.0000,0.0000,0.0000,0.0000,no_obs,5.3
2025-01-01,AJAC,41.92746033,8.76261970,98.7391,1,22,0.0027,0.0051,-0.0183,0.0192,ok,178.4
2025-01-01,ANP6,0.00000000,0.00000000,0.0000,0,0,0.0000,0.0000,0.0000,0.0000,no_obs,5.9
2025-01-01,ANTC,0.00000000,0.00000000,0.0000,0,0,0.0000,0.0000,0.0000,0.0000,no_obs,5.4
2025-01-01,AOA1,0.00000000,0.00000000,0.0000,0,0,0.0000,0.0000,0.0000,0.0000,no_obs,5.3
2025-01-01,AOML,0.00000000,0.00000000,0.0000,0,0,0.0000,0.0000,0.0000,0.0000,no_obs,5.3
2025-01-01,ADIS,9.03513820,38.76630737,2439.0997,1,21,-0.0002,0.0066,-0.0038,0.0076,ok,197.7
2025-01-01,ALGO,45.95580084,-78.07137235,200.9664,1,21,0.0084,-0.0005,0.0007,0.0085,ok,165.6
2025-01-01,AQUI,0.00000000,0.00000000,0.0000,0,0,0.0000,0.0000,0.0000,0.0000,no_obs,5.3
2025-01-01,ARGI,0.00000000,0.00000000,0.0000,0,0,0.0000,0.0000,0.0000,0.0000,no_obs,5.9
2025-01-01,ARMC,0.00000000,0.00000000,0.0000,0,0,0.0000,0.0000,0.0000,0.0000,no_obs,5.4
2025-01-01,ARO0,0.00000000,0.00000000,0.0000,0,0,0.0000,0.0000,0.0000,0.0000,no_obs,5.9
2025-01-01,ARTU,0.00000000,0.00000000,0.0000,0,0,0.0000,0.0000,0.0000,0.0000,no_obs,6.0
2025-01-01,ALBH,48.38977974,-123.48747259,31.7616,1,25,-0.0025,-0.0047,-0.0029,0.0061,ok,209.1
2025-01-01,ARUB,0.00000000,0.00000000,0.0000,0,0,0.0000,0.0000,0.0000,0.0000,no_obs,5.8
2025-01-01,ASC1,0.00000000,0.00000000,0.0000,0,0,0.0000,0.0000,0.0000,0.0000,no_obs,7.9
2025-01-01,AMC4,38.80312337,-104.52459717,1911.3830,1,23,0.0007,-0.0020,0.0096,0.0098,ok,151.2
2025-01-01,ASPA,0.00000000,0.00000000,0.0000,0,0,0.0000,0.0000,0.0000,0.0000,no_obs,6.4
2025-01-01,ATQK,0.00000000,0.00000000,0.0000,0,0,0.0000,0.0000,0.0000,0.0000,no_obs,6.0
2025-01-01,AUCK,0.00000000,0.00000000,0.0000,0,0,0.0000,0.0000,0.0000,0.0000,no_obs,5.9
2025-01-01,AUKT,0.00000000,0.00000000,0.0000,0,0,0.0000,0.0000,0.0000,0.0000,no_obs,5.9
2025-01-01,AUT0,0.00000000,0.00000000,0.0000,0,0,0.0000,0.0000,0.0000,0.0000,no_obs,6.2
2025-01-01,AUT1,0.00000000,0.00000000,0.0000,0,0,0.0000,0.0000,0.0000,0.0000,no_obs,5.9
2025-01-01,AUTF,0.00000000,0.00000000,0.0000,0,0,0.0000,0.0000,0.0000,0.0000,no_obs,6.3
2025-01-01,AV24,0.00000000,0.00000000,0.0000,0,0,0.0000,0.0000,0.0000,0.0000,no_obs,5.8
2025-01-01,ALIC,-23.67010748,133.88552315,603.2319,1,26,0.0006,-0.0064,-0.0050,0.0082,ok,232.4
2025-01-01,AZU1,0.00000000,0.00000000,0.0000,0,0,0.0000,0.0000,0.0000,0.0000,no_obs,5.8
2025-01-01,BABR,0.00000000,0.00000000,0.0000,0,0,0.0000,0.0000,0.0000,0.0000,no_obs,5.3
2025-01-01,BACA,0.00000000,0.00000000,0.0000,0,0,0.0000,0.0000,0.0000,0.0000,no_obs,5.3
2025-01-01,BADH,0.00000000,0.00000000,0.0000,0,0,0.0000,0.0000,0.0000,0.0000,no_obs,5.3
2025-01-01,BAG1,0.00000000,0.00000000,0.0000,0,0,0.0000,0.0000,0.0000,0.0000,no_obs,5.7
2025-01-01,BAHR,0.00000000,0.00000000,0.0000,0,0,0.0000,0.0000,0.0000,0.0000,no_obs,5.8
2025-01-01,BAIA,0.00000000,0.00000000,0.0000,0,0,0.0000,0.0000,0.0000,0.0000,no_obs,5.9
2025-01-01,ANMG,2.78464795,101.50660504,14.8670,1,24,0.0013,0.0027,-0.0134,0.0138,ok,211.1
2025-01-01,AREG,-16.46542197,-71.49290339,2489.3550,1,26,-0.1073,-0.3226,0.0920,0.3522,ok,194.6
2025-01-01,AREQ,-16.46551505,-71.49279560,2488.9232,1,26,-0.1084,-0.3214,0.0823,0.3490,ok,215.8
2025-01-01,ASCG,-7.91628009,-14.33266494,37.9582,1,21,0.0029,0.0118,-0.0062,0.0136,ok,177.2
2025-01-01,ARHT,-77.82943728,166.66365557,135.3235,1,30,-0.0046,-0.0046,-0.0230,0.0239,ok,217.0
2025-01-01,BALA,0.00000000,0.00000000,0.0000,0,0,0.0000,0.0000,0.0000,0.0000,no_obs,5.9
2025-01-01,BAN2,0.00000000,0.00000000,0.0000,0,0,0.0000,0.0000,0.0000,0.0000,no_obs,5.7
2025-01-01,BARH,0.00000000,0.00000000,0.0000,0,0,0.0000,0.0000,0.0000,0.0000,no_obs,5.3
2025-01-01,BAIE,49.18682748,-68.26333225,27.5820,1,9,0.0014,-0.0019,0.0170,0.0172,ok,52.3
2025-01-01,ARUC,40.28571561,44.08558970,1222.1557,1,19,-0.0014,0.0047,-0.0156,0.0163,ok,200.3
2025-01-01,BBOO,0.00000000,0.00000000,0.0000,0,0,0.0000,0.0000,0.0000,0.0000,no_obs,5.4
2025-01-01,BCL1,0.00000000,0.00000000,0.0000,0,0,0.0000,0.0000,0.0000,0.0000,no_obs,5.4
2025-01-01,BDLE,0.00000000,0.00000000,0.0000,0,0,0.0000,0.0000,0.0000,0.0000,no_obs,5.3
2025-01-01,BDOS,0.00000000,0.00000000,0.0000,0,0,0.0000,0.0000,0.0000,0.0000,no_obs,5.5
2025-01-01,BDVL,0.00000000,0.00000000,0.0000,0,0,0.0000,0.0000,0.0000,0.0000,no_obs,5.3
2025-01-01,BEA2,0.00000000,0.00000000,0.0000,0,0,0.0000,0.0000,0.0000,0.0000,no_obs,5.3
2025-01-01,BEAR,0.00000000,0.00000000,0.0000,0,0,0.0000,0.0000,0.0000,0.0000,no_obs,5.3
2025-01-01,BEEC,0.00000000,0.00000000,0.0000,0,0,0.0000,0.0000,0.0000,0.0000,no_obs,5.4
2025-01-01,BELL,0.00000000,0.00000000,0.0000,0,0,0.0000,0.0000,0.0000,0.0000,no_obs,5.5
2025-01-01,BERP,0.00000000,0.00000000,0.0000,0,0,0.0000,0.0000,0.0000,0.0000,no_obs,5.3
2025-01-01,BET1,0.00000000,0.00000000,0.0000,0,0,0.0000,0.0000,0.0000,0.0000,no_obs,5.4
2025-01-01,BGBC,0.00000000,0.00000000,0.0000,0,0,0.0000,0.0000,0.0000,0.0000,no_obs,5.3
2025-01-01,BGGY,0.00000000,0.00000000,0.0000,0,0,0.0000,0.0000,0.0000,0.0000,no_obs,5.6
2025-01-01,BHR1,0.00000000,0.00000000,0.0000,0,0,0.0000,0.0000,0.0000,0.0000,no_obs,5.7
2025-01-01,BHR4,0.00000000,0.00000000,0.0000,0,0,0.0000,0.0000,0.0000,0.0000,no_obs,5.4
2025-01-01,BIAZ,0.00000000,0.00000000,0.0000,0,0,0.0000,0.0000,0.0000,0.0000,no_obs,5.4
2025-01-01,BILI,0.00000000,0.00000000,0.0000,0,0,0.0000,0.0000,0.0000,0.0000,no_obs,5.8
2025-01-01,BILL,0.00000000,0.00000000,0.0000,0,0,0.0000,0.0000,0.0000,0.0000,no_obs,5.4
2025-01-01,BING,0.00000000,0.00000000,0.0000,0,0,0.0000,0.0000,0.0000,0.0000,no_obs,5.7
2025-01-01,BIS0,0.00000000,0.00000000,0.0000,0,0,0.0000,0.0000,0.0000,0.0000,no_obs,5.3
2025-01-01,BJCO,0.00000000,0.00000000,0.0000,0,0,0.0000,0.0000,0.0000,0.0000,no_obs,5.3
2025-01-01,BJFS,0.00000000,0.00000000,0.0000,0,0,0.0000,0.0000,0.0000,0.0000,no_obs,5.3
2025-01-01,BJKA,0.00000000,0.00000000,0.0000,0,0,0.0000,0.0000,0.0000,0.0000,no_obs,5.4
2025-01-01,BJNM,0.00000000,0.00000000,0.0000,0,0,0.0000,0.0000,0.0000,0.0000,no_obs,5.3
2025-01-01,BKNL,0.00000000,0.00000000,0.0000,0,0,0.0000,0.0000,0.0000,0.0000,no_obs,5.3
2025-01-01,BLUF,0.00000000,0.00000000,0.0000,0,0,0.0000,0.0000,0.0000,0.0000,no_obs,5.3
2025-01-01,BLW2,0.00000000,0.00000000,0.0000,0,0,0.0000,0.0000,0.0000,0.0000,no_obs,5.4
2025-01-01,BLYT,0.00000000,0.00000000,0.0000,0,0,0.0000,0.0000,0.0000,0.0000,no_obs,5.3
2025-01-01,BMHG,0.00000000,0.00000000,0.0000,0,0,0.0000,0.0000,0.0000,0.0000,no_obs,5.3
2025-01-01,BNDY,0.00000000,0.00000000,0.0000,0,0,0.0000,0.0000,0.0000,0.0000,no_obs,5.3
2025-01-01,BNOA,0.00000000,0.00000000,0.0000,0,0,0.0000,0.0000,0.0000,0.0000,no_obs,5.3
2025-01-01,BOD0,0.00000000,0.00000000,0.0000,0,0,0.0000,0.0000,0.0000,0.0000,no_obs,5.4
2025-01-01,BAKO,-6.49105596,106.84891502,158.0985,1,19,-0.0031,-0.0026,-0.0151,0.0156,ok,143.5
2025-01-01,BOGO,0.00000000,0.00000000,0.0000,0,0,0.0000,0.0000,0.0000,0.0000,no_obs,5.8
2025-01-01,BADG,51.76970412,102.23499118,811.4055,1,26,0.0013,0.0025,-0.0193,0.0195,ok,217.0
2025-01-01,BOMJ,0.00000000,0.00000000,0.0000,0,0,0.0000,0.0000,0.0000,0.0000,no_obs,6.0
2025-01-01,BELE,-1.40879234,-48.46255049,9.0950,1,15,0.0195,0.0090,0.0354,0.0413,ok,151.3
2025-01-01,BORJ,0.00000000,0.00000000,0.0000,0,0,0.0000,0.0000,0.0000,0.0000,no_obs,6.0
2025-01-01,BOGI,52.47499432,21.03522101,139.9304,1,20,-0.0016,0.0009,0.0169,0.0170,ok,95.3
2025-01-01,BORR,0.00000000,0.00000000,0.0000,0,0,0.0000,0.0000,0.0000,0.0000,no_obs,8.2
2025-01-01,BRAN,0.00000000,0.00000000,0.0000,0,0,0.0000,0.0000,0.0000,0.0000,no_obs,7.4
2025-01-01,BAMF,48.83532804,-125.13510586,10.8044,1,24,0.0003,0.0030,-0.0033,0.0045,ok,189.6
2025-01-01,BRFT,0.00000000,0.00000000,0.0000,0,0,0.0000,0.0000,0.0000,0.0000,no_obs,7.0
2025-01-01,BAKE,64.31781923,-96.00235265,4.6650,1,28,-0.0049,-0.0002,-0.0035,0.0060,ok,222.8
2025-01-01,BRMU,0.00000000,0.00000000,0.0000,0,0,0.0000,0.0000,0.0000,0.0000,no_obs,5.8
2025-01-01,BRN2,0.00000000,0.00000000,0.0000,0,0,0.0000,0.0000,0.0000,0.0000,no_obs,5.7
2025-01-01,BOAV,2.84518512,-60.70111578,69.5267,1,26,0.0043,0.0051,0.0123,0.0140,ok,128.6
2025-01-01,BRO1,0.00000000,0.00000000,0.0000,0,0,0.0000,0.0000,0.0000,0.0000,no_obs,5.3
2025-01-01,BROC,0.00000000,0.00000000,0.0000,0,0,0.0000,0.0000,0.0000,0.0000,no_obs,5.3
2025-01-01,BRUN,0.00000000,0.00000000,0.0000,0,0,0.0000,0.0000,0.0000,0.0000,no_obs,5.4
2025-01-01,BRUS,0.00000000,0.00000000,0.0000,0,0,0.0000,0.0000,0.0000,0.0000,no_obs,5.5
2025-01-01,BIK0,42.85419360,74.53318581,744.8581,1,22,-0.0016,-0.0024,-0.0240,0.0242,ok,198.2
2025-01-01,BSMK,0.00000000,0.00000000,0.0000,0,0,0.0000,0.0000,0.0000,0.0000,no_obs,6.0
2025-01-01,BOGT,4.64007555,-74.08093962,2576.1681,1,25,0.0032,-0.0001,-0.0060,0.0068,ok,176.8
2025-01-01,BUDP,0.00000000,0.00000000,0.0000,0,0,0.0000,0.0000,0.0000,0.0000,no_obs,6.0
2025-01-01,BUE1,0.00000000,0.00000000,0.0000,0,0,0.0000,0.0000,0.0000,0.0000,no_obs,6.0
2025-01-01,BUEN,0.00000000,0.00000000,0.0000,0,0,0.0000,0.0000,0.0000,0.0000,no_obs,5.9
2025-01-01,BULA,0.00000000,0.00000000,0.0000,0,0,0.0000,0.0000,0.0000,0.0000,no_obs,5.9
2025-01-01,BULG,0.00000000,0.00000000,0.0000,0,0,0.0000,0.0000,0.0000,0.0000,no_obs,5.8
2025-01-01,BUMS,0.00000000,0.00000000,0.0000,0,0,0.0000,0.0000,0.0000,0.0000,no_obs,5.8
2025-01-01,BUR2,0.00000000,0.00000000,0.0000,0,0,0.0000,0.0000,0.0000,0.0000,no_obs,5.8
2025-01-01,BURA,0.00000000,0.00000000,0.0000,0,0,0.0000,0.0000,0.0000,0.0000,no_obs,5.8
2025-01-01,BYSP,0.00000000,0.00000000,0.0000,0,0,0.0000,0.0000,0.0000,0.0000,no_obs,5.8
2025-01-01,BZRG,0.00000000,0.00000000,0.0000,0,0,0.0000,0.0000,0.0000,0.0000,no_obs,5.9
2025-01-01,CABL,0.00000000,0.00000000,0.0000,0,0,0.0000,0.0000,0.0000,0.0000,no_obs,5.9
2025-01-01,BOR1,52.27695933,17.07346232,124.3537,1,23,-0.0015,0.0044,-0.0049,0.0068,ok,211.5
2025-01-01,CACC,0.00000000,0.00000000,0.0000,0,0,0.0000,0.0000,0.0000,0.0000,no_obs,5.9
2025-01-01,CAEN,0.00000000,0.00000000,0.0000,0,0,0.0000,0.0000,0.0000,0.0000,no_obs,6.3
2025-01-01,CAGL,0.00000000,0.00000000,0.0000,0,0,0.0000,0.0000,0.0000,0.0000,no_obs,6.0
2025-01-01,BRAZ,-15.94747253,-47.87786981,1106.0184,1,24,0.0003,0.0070,0.0041,0.0081,ok,204.0
2025-01-01,CAGS,0.00000000,0.00000000,0.0000,0,0,0.0000,0.0000,0.0000,0.0000,no_obs,5.9
2025-01-01,CAGZ,0.00000000,0.00000000,0.0000,0,0,0.0000,0.0000,0.0000,0.0000,no_obs,5.6
2025-01-01,CALL,0.00000000,0.00000000,0.0000,0,0,0.0000,0.0000,0.0000,0.0000,no_obs,5.4
2025-01-01,BSHM,32.77898859,35.02298852,225.0447,1,21,0.0010,0.0099,-0.0224,0.0245,ok,184.3
2025-01-01,BUCU,44.46394714,26.12574655,143.2100,1,22,0.0020,0.0047,-0.0203,0.0210,ok,161.1
2025-01-01,CAM2,0.00000000,0.00000000,0.0000,0,0,0.0000,0.0000,0.0000,0.0000,no_obs,5.3
2025-01-01,BREW,48.13152215,-119.68263712,238.5900,1,25,-0.0017,0.0011,-0.0017,0.0027,ok,212.2
2025-01-01,CAMP,0.00000000,0.00000000,0.0000,0,0,0.0000,0.0000,0.0000,0.0000,no_obs,5.3
2025-01-01,CANE,0.00000000,0.00000000,0.0000,0,0,0.0000,0.0000,0.0000,0.0000,no_obs,5.3
2025-01-01,CARF,0.00000000,0.00000000,0.0000,0,0,0.0000,0.0000,0.0000,0.0000,no_obs,5.9
2025-01-01,CARI,0.00000000,0.00000000,0.0000,0,0,0.0000,0.0000,0.0000,0.0000,no_obs,5.3
2025-01-01,CARR,0.00000000,0.00000000,0.0000,0,0,0.0000,0.0000,0.0000,0.0000,no_obs,5.7
2025-01-01,CART,0.00000000,0.00000000,0.0000,0,0,0.0000,0.0000,0.0000,0.0000,no_obs,5.3
2025-01-01,CASA,0.00000000,0.00000000,0.0000,0,0,0.0000,0.0000,0.0000,0.0000,no_obs,5.4
2025-01-01,CASC,0.00000000,0.00000000,0.0000,0,0,0.0000,0.0000,0.0000,0.0000,no_obs,5.6
2025-01-01,CAT1,0.00000000,0.00000000,0.0000,0,0,0.0000,0.0000,0.0000,0.0000,no_obs,5.4
2025-01-01,CATA,0.00000000,0.00000000,0.0000,0,0,0.0000,0.0000,0.0000,0.0000,no_obs,5.3
2025-01-01,CAYA,0.00000000,0.00000000,0.0000,0,0,0.0000,0.0000,0.0000,0.0000,no_obs,5.4
2025-01-01,BRST,48.38049661,-4.49659004,65.8048,1,26,0.0035,0.0018,-0.0089,0.0097,ok,213.1
2025-01-01,CAYN,0.00000000,0.00000000,0.0000,0,0,0.0000,0.0000,0.0000,0.0000,no_obs,5.3
2025-01-01,CBRG,0.00000000,0.00000000,0.0000,0,0,0.0000,0.0000,0.0000,0.0000,no_obs,5.3
2025-01-01,CCJM,0.00000000,0.00000000,0.0000,0,0,0.0000,0.0000,0.0000,0.0000,no_obs,5.4
2025-01-01,CCV6,0.00000000,0.00000000,0.0000,0,0,0.0000,0.0000,0.0000,0.0000,no_obs,5.4
2025-01-01,CEEU,0.00000000,0.00000000,0.0000,0,0,0.0000,0.0000,0.0000,0.0000,no_obs,5.4
2025-01-01,BRUX,50.79806542,4.35856807,158.1339,1,26,0.0066,0.0051,-0.0041,0.0093,ok,218.6
2025-01-01,CEFE,0.00000000,0.00000000,0.0000,0,0,0.0000,0.0000,0.0000,0.0000,no_obs,5.6
2025-01-01,CEFT,0.00000000,0.00000000,0.0000,0,0,0.0000,0.0000,0.0000,0.0000,no_obs,5.3
2025-01-01,CEU1,0.00000000,0.00000000,0.0000,0,0,0.0000,0.0000,0.0000,0.0000,no_obs,5.4
2025-01-01,CFAG,0.00000000,0.00000000,0.0000,0,0,0.0000,0.0000,0.0000,0.0000,no_obs,5.3
2025-01-01,CHAC,0.00000000,0.00000000,0.0000,0,0,0.0000,0.0000,0.0000,0.0000,no_obs,5.4
2025-01-01,CHAN,0.00000000,0.00000000,0.0000,0,0,0.0000,0.0000,0.0000,0.0000,no_obs,5.3
2025-01-01,CHAT,0.00000000,0.00000000,0.0000,0,0,0.0000,0.0000,0.0000,0.0000,no_obs,5.4
2025-01-01,CHCM,0.00000000,0.00000000,0.0000,0,0,0.0000,0.0000,0.0000,0.0000,no_obs,5.3
2025-01-01,CHIL,0.00000000,0.00000000,0.0000,0,0,0.0000,0.0000,0.0000,0.0000,no_obs,5.3
2025-01-01,CHOF,0.00000000,0.00000000,0.0000,0,0,0.0000,0.0000,0.0000,0.0000,no_obs,5.3
2025-01-01,CACE,39.47886683,-6.34177880,436.5177,1,21,0.0323,-0.0769,0.0164,0.0850,ok,93.0
2025-01-01,CHTG,0.00000000,0.00000000,0.0000,0,0,0.0000,0.0000,0.0000,0.0000,no_obs,6.1
2025-01-01,CHTI,0.00000000,0.00000000,0.0000,0,0,0.0000,0.0000,0.0000,0.0000,no_obs,5.8
2025-01-01,CHUM,0.00000000,0.00000000,0.0000,0,0,0.0000,0.0000,0.0000,0.0000,no_obs,5.8
2025-01-01,CCJ2,27.06753336,142.19502267,104.1960,1,21,0.0118,0.0016,-0.0233,0.0262,ok,93.3
2025-01-01,CANT,43.47198310,-3.79805874,99.2606,1,19,0.0006,0.0030,0.0090,0.0095,ok,113.8
2025-01-01,CHZZ,0.00000000,0.00000000,0.0000,0,0,0.0000,0.0000,0.0000,0.0000,no_obs,5.7
2025-01-01,CAS1,-66.28336115,110.51970662,22.4889,1,26,0.0029,-0.0059,-0.0210,0.0220,ok,208.0
2025-01-01,CHPG,-22.68227167,-45.00237605,566.2556,1,19,-0.0026,0.0034,-0.0132,0.0139,ok,158.0
2025-01-01,CEBR,40.45343136,-4.36784916,775.7800,1,25,0.0026,0.0097,-0.0164,0.0193,ok,192.6
2025-01-01,CIC1,0.00000000,0.00000000,0.0000,0,0,0.0000,0.0000,0.0000,0.0000,no_obs,6.6
2025-01-01,CIT1,0.00000000,0.00000000,0.0000,0,0,0.0000,0.0000,0.0000,0.0000,no_obs,6.1
2025-01-01,CICE,0.00000000,0.00000000,0.0000,0,0,0.0000,0.0000,0.0000,0.0000,no_obs,6.5
2025-01-01,CEDU,-31.86665489,133.80983619,144.7148,1,26,0.0033,-0.0036,-0.0033,0.0059,ok,200.2
2025-01-01,CKSV,0.00000000,0.00000000,0.0000,0,0,0.0000,0.0000,0.0000,0.0000,no_obs,5.9
2025-01-01,CLAR,0.00000000,0.00000000,0.0000,0,0,0.0000,0.0000,0.0000,0.0000,no_obs,6.2
2025-01-01,CLGO,0.00000000,0.00000000,0.0000,0,0,0.0000,0.0000,0.0000,0.0000,no_obs,5.8
2025-01-01,CLRK,0.00000000,0.00000000,0.0000,0,0,0.0000,0.0000,0.0000,0.0000,no_obs,5.4
2025-01-01,CMBL,0.00000000,0.00000000,0.0000,0,0,0.0000,0.0000,0.0000,0.0000,no_obs,5.3
2025-01-01,CMP9,0.00000000,0.00000000,0.0000,0,0,0.0000,0.0000,0.0000,0.0000,no_obs,5.4
2025-01-01,CN00,0.00000000,0.00000000,0.0000,0,0,0.0000,0.0000,0.0000,0.0000,no_obs,5.4
2025-01-01,CN04,0.00000000,0.00000000,0.0000,0,0,0.0000,0.0000,0.0000,0.0000,no_obs,5.5
2025-01-01,CN12,0.00000000,0.00000000,0.0000,0,0,0.0000,0.0000,0.0000,0.0000,no_obs,5.3
2025-01-01,CN35,0.00000000,0.00000000,0.0000,0,0,0.0000,0.0000,0.0000,0.0000,no_obs,5.5
2025-01-01,CN40,0.00000000,0.00000000,0.0000,0,0,0.0000,0.0000,0.0000,0.0000,no_obs,5.4
2025-01-01,CIBG,-6.49036591,106.84917648,169.1305,1,25,-0.0061,-0.0023,-0.0099,0.0119,ok,129.8
2025-01-01,CNBN,0.00000000,0.00000000,0.0000,0,0,0.0000,0.0000,0.0000,0.0000,no_obs,5.3
2025-01-01,CHPI,-22.68714350,-44.98515916,617.4137,1,26,-0.0021,-0.0013,-0.0136,0.0138,ok,195.9
2025-01-01,CNCL,0.00000000,0.00000000,0.0000,0,0,0.0000,0.0000,0.0000,0.0000,no_obs,5.4
2025-01-01,CNMR,0.00000000,0.00000000,0.0000,0,0,0.0000,0.0000,0.0000,0.0000,no_obs,5.4
2025-01-01,CNNS,0.00000000,0.00000000,0.0000,0,0,0.0000,0.0000,0.0000,0.0000,no_obs,5.4
2025-01-01,COEN,0.00000000,0.00000000,0.0000,0,0,0.0000,0.0000,0.0000,0.0000,no_obs,6.1
2025-01-01,CONT,0.00000000,0.00000000,0.0000,0,0,0.0000,0.0000,0.0000,0.0000,no_obs,5.7
2025-01-01,CONZ,0.00000000,0.00000000,0.0000,0,0,0.0000,0.0000,0.0000,0.0000,no_obs,5.3
2025-01-01,COOB,0.00000000,0.00000000,0.0000,0,0,0.0000,0.0000,0.0000,0.0000,no_obs,5.4
2025-01-01,COOL,0.00000000,0.00000000,0.0000,0,0,0.0000,0.0000,0.0000,0.0000,no_obs,5.5
2025-01-01,CHWK,49.15660638,-122.00842988,174.0311,1,22,-0.0013,-0.0001,0.0048,0.0049,ok,154.8
2025-01-01,COPO,0.00000000,0.00000000,0.0000,0,0,0.0000,0.0000,0.0000,0.0000,no_obs,5.4
2025-01-01,CORC,0.00000000,0.00000000,0.0000,0,0,0.0000,0.0000,0.0000,0.0000,no_obs,5.3
2025-01-01,CORM,0.00000000,0.00000000,0.0000,0,0,0.0000,0.0000,0.0000,0.0000,no_obs,5.8
2025-01-01,CORV,0.00000000,0.00000000,0.0000,0,0,0.0000,0.0000,0.0000,0.0000,no_obs,5.4
2025-01-01,COSO,0.00000000,0.00000000,0.0000,0,0,0.0000,0.0000,0.0000,0.0000,no_obs,5.4
2025-01-01,COST,0.00000000,0.00000000,0.0000,0,0,0.0000,0.0000,0.0000,0.0000,no_obs,5.4
2025-01-01,COTE,0.00000000,0.00000000,0.0000,0,0,0.0000,0.0000,0.0000,0.0000,no_obs,5.3
2025-01-01,COUD,0.00000000,0.00000000,0.0000,0,0,0.0000,0.0000,0.0000,0.0000,no_obs,5.4
2025-01-01,COYQ,0.00000000,0.00000000,0.0000,0,0,0.0000,0.0000,0.0000,0.0000,no_obs,5.7
2025-01-01,CPNM,0.00000000,0.00000000,0.0000,0,0,0.0000,0.0000,0.0000,0.0000,no_obs,5.8
2025-01-01,CRAO,0.00000000,0.00000000,0.0000,0,0,0.0000,0.0000,0.0000,0.0000,no_obs,5.9
2025-01-01,CRAR,0.00000000,0.00000000,0.0000,0,0,0.0000,0.0000,0.0000,0.0000,no_obs,5.4
2025-01-01,CHUR,58.75907706,-94.08873421,-19.1477,1,27,-0.0014,0.0038,-0.0088,0.0097,ok,214.7
2025-01-01,CRAT,0.00000000,0.00000000,0.0000,0,0,0.0000,0.0000,0.0000,0.0000,no_obs,5.4
2025-01-01,CRAU,0.00000000,0.00000000,0.0000,0,0,0.0000,0.0000,0.0000,0.0000,no_obs,5.3
2025-01-01,CRFP,0.00000000,0.00000000,0.0000,0,0,0.0000,0.0000,0.0000,0.0000,no_obs,5.5
2025-01-01,CRLV,0.00000000,0.00000000,0.0000,0,0,0.0000,0.0000,0.0000,0.0000,no_obs,5.4
2025-01-01,CRU1,0.00000000,0.00000000,0.0000,0,0,0.0000,0.0000,0.0000,0.0000,no_obs,5.4
2025-01-01,CSAR,0.00000000,0.00000000,0.0000,0,0,0.0000,0.0000,0.0000,0.0000,no_obs,5.4
2025-01-01,CSN1,0.00000000,0.00000000,0.0000,0,0,0.0000,0.0000,0.0000,0.0000,no_obs,5.4
2025-01-01,CT3F,0.00000000,0.00000000,0.0000,0,0,0.0000,0.0000,0.0000,0.0000,no_obs,5.4
2025-01-01,CTGR,0.00000000,0.00000000,0.0000,0,0,0.0000,0.0000,0.0000,0.0000,no_obs,6.1
2025-01-01,CTZ3,0.00000000,0.00000000,0.0000,0,0,0.0000,0.0000,0.0000,0.0000,no_obs,6.1
2025-01-01,CUCU,0.00000000,0.00000000,0.0000,0,0,0.0000,0.0000,0.0000,0.0000,no_obs,6.6
2025-01-01,CMUM,18.76087655,98.93238240,308.9722,1,21,0.0029,-0.0082,-0.0121,0.0149,ok,137.8
2025-01-01,CUT0,0.00000000,0.00000000,0.0000,0,0,0.0000,0.0000,0.0000,0.0000,no_obs,6.0
2025-01-01,CUUT,0.00000000,0.00000000,0.0000,0,0,0.0000,0.0000,0.0000,0.0000,no_obs,5.9
2025-01-01,CPVG,16.73206390,-22.93493069,94.0641,1,24,0.0006,0.0016,-0.0029,0.0034,ok,120.4
2025-01-01,CKIS,-21.20102083,-159.80062233,18.4134,1,26,-0.0010,-0.0036,0.0098,0.0105,ok,186.3
2025-01-01,CZTG,0.00000000,0.00000000,0.0000,0,0,0.0000,0.0000,0.0000,0.0000,no_obs,5.9
2025-01-01,CORD,-31.52843306,-64.47004897,746.8339,1,26,-0.0074,-0.0221,-0.0094,0.0251,ok,206.2
2025-01-01,DAKA,0.00000000,0.00000000,0.0000,0,0,0.0000,0.0000,0.0000,0.0000,no_obs,5.8
2025-01-01,CRO1,17.75690059,-64.58431774,-31.9601,1,22,0.0084,0.0006,0.0108,0.0137,ok,186.6
2025-01-01,DAKR,0.00000000,0.00000000,0.0000,0,0,0.0000,0.0000,0.0000,0.0000,no_obs,5.8
2025-01-01,DAM1,0.00000000,0.00000000,0.0000,0,0,0.0000,0.0000,0.0000,0.0000,no_obs,5.3
2025-01-01,DAM2,0.00000000,0.00000000,0.0000,0,0,0.0000,0.0000,0.0000,0.0000,no_obs,5.3
2025-01-01,COCO,-12.18833776,96.83397734,-35.2960,1,24,0.0130,0.0178,0.0223,0.0313,ok,237.7
2025-01-01,DARE,0.00000000,0.00000000,0.0000,0,0,0.0000,0.0000,0.0000,0.0000,no_obs,5.4
2025-01-01,DATG,0.00000000,0.00000000,0.0000,0,0,0.0000,0.0000,0.0000,0.0000,no_obs,5.8
2025-01-01,DAV1,0.00000000,0.00000000,0.0000,0,0,0.0000,0.0000,0.0000,0.0000,no_obs,5.3
2025-01-01,DAVR,0.00000000,0.00000000,0.0000,0,0,0.0000,0.0000,0.0000,0.0000,no_obs,5.3
2025-01-01,DEAR,0.00000000,0.00000000,0.0000,0,0,0.0000,0.0000,0.0000,0.0000,no_obs,5.3
2025-01-01,DEGE,0.00000000,0.00000000,0.0000,0,0,0.0000,0.0000,0.0000,0.0000,no_obs,6.1
2025-01-01,DGLG,0.00000000,0.00000000,0.0000,0,0,0.0000,0.0000,0.0000,0.0000,no_obs,5.4
2025-01-01,DHAK,0.00000000,0.00000000,0.0000,0,0,0.0000,0.0000,0.0000,0.0000,no_obs,5.8
2025-01-01,CUSV,13.73591335,100.53392460,74.2254,1,21,0.0130,-0.0081,-0.0128,0.0199,ok,201.8
2025-01-01,DHLG,0.00000000,0.00000000,0.0000,0,0,0.0000,0.0000,0.0000,0.0000,no_obs,6.0
2025-01-01,CUIB,-15.55526037,-56.06986724,237.4520,1,28,-0.0049,0.0033,-0.0093,0.0111,ok,210.4
2025-01-01,DIEP,0.00000000,0.00000000,0.0000,0,0,0.0000,0.0000,0.0000,0.0000,no_obs,5.3
2025-01-01,DILL,0.00000000,0.00000000,0.0000,0,0,0.0000,0.0000,0.0000,0.0000,no_obs,5.4
2025-01-01,DIPL,0.00000000,0.00000000,0.0000,0,0,0.0000,0.0000,0.0000,0.0000,no_obs,5.4
2025-01-01,DIPP,0.00000000,0.00000000,0.0000,0,0,0.0000,0.0000,0.0000,0.0000,no_obs,5.4
2025-01-01,DAE2,36.39942674,127.37448611,116.8414,1,19,0.0041,0.0259,-0.0085,0.0275,ok,130.7
2025-01-01,DLFT,0.00000000,0.00000000,0.0000,0,0,0.0000,0.0000,0.0000,0.0000,no_obs,5.5
2025-01-01,DOBS,0.00000000,0.00000000,0.0000,0,0,0.0000,0.0000,0.0000,0.0000,no_obs,7.4
2025-01-01,DODA,0.00000000,0.00000000,0.0000,0,0,0.0000,0.0000,0.0000,0.0000,no_obs,6.4
2025-01-01,DODM,0.00000000,0.00000000,0.0000,0,0,0.0000,0.0000,0.0000,0.0000,no_obs,5.3
2025-01-01,DPRT,0.00000000,0.00000000,0.0000,0,0,0.0000,0.0000,0.0000,0.0000,no_obs,5.3
2025-01-01,DRAG,0.00000000,0.00000000,0.0000,0,0,0.0000,0.0000,0.0000,0.0000,no_obs,5.4
2025-01-01,DRBA,0.00000000,0.00000000,0.0000,0,0,0.0000,0.0000,0.0000,0.0000,no_obs,5.3
2025-01-01,DRBN,0.00000000,0.00000000,0.0000,0,0,0.0000,0.0000,0.0000,0.0000,no_obs,5.8
2025-01-01,DAEJ,36.39942673,127.37448612,116.8341,1,20,0.0039,0.0266,-0.0157,0.0312,ok,163.3
2025-01-01,DREJ,0.00000000,0.00000000,0.0000,0,0,0.0000,0.0000,0.0000,0.0000,no_obs,5.9
2025-01-01,DRNG,0.00000000,0.00000000,0.0000,0,0,0.0000,0.0000,0.0000,0.0000,no_obs,5.4
2025-01-01,DSL1,0.00000000,0.00000000,0.0000,0,0,0.0000,0.0000,0.0000,0.0000,no_obs,5.4
2025-01-01,DSMG,0.00000000,0.00000000,0.0000,0,0,0.0000,0.0000,0.0000,0.0000,no_obs,5.4
2025-01-01,DUB2,0.00000000,0.00000000,0.0000,0,0,0.0000,0.0000,0.0000,0.0000,no_obs,5.3
2025-01-01,CYNE,4.82195613,-52.36541501,-22.7344,1,24,0.0054,0.0044,0.0060,0.0093,ok,201.7
2025-01-01,DUBR,0.00000000,0.00000000,0.0000,0,0,0.0000,0.0000,0.0000,0.0000,no_obs,5.5
2025-01-01,DUM1,0.00000000,0.00000000,0.0000,0,0,0.0000,0.0000,0.0000,0.0000,no_obs,5.6
2025-01-01,DUND,0.00000000,0.00000000,0.0000,0,0,0.0000,0.0000,0.0000,0.0000,no_obs,5.5
2025-01-01,DUNQ,0.00000000,0.00000000,0.0000,0,0,0.0000,0.0000,0.0000,0.0000,no_obs,5.5
2025-01-01,DWH1,0.00000000,0.00000000,0.0000,0,0,0.0000,0.0000,0.0000,0.0000,no_obs,5.9
2025-01-01,DWI1,0.00000000,0.00000000,0.0000,0,0,0.0000,0.0000,0.0000,0.0000,no_obs,5.8
2025-01-01,DWNI,0.00000000,0.00000000,0.0000,0,0,0.0000,0.0000,0.0000,0.0000,no_obs,5.8
2025-01-01,DARW,-12.84369412,131.13274577,125.0760,1,27,-0.0005,-0.0138,-0.0289,0.0320,ok,235.7
2025-01-01,EBRE,0.00000000,0.00000000,0.0000,0,0,0.0000,0.0000,0.0000,0.0000,no_obs,6.1
2025-01-01,DGAR,-7.26967952,72.37024739,-64.9672,1,27,-0.0169,0.0127,-0.0370,0.0427,ok,233.3
2025-01-01,ECSD,0.00000000,0.00000000,0.0000,0,0,0.0000,0.0000,0.0000,0.0000,no_obs,5.8
2025-01-01,EDIN,0.00000000,0.00000000,0.0000,0,0,0.0000,0.0000,0.0000,0.0000,no_obs,6.0
2025-01-01,EDSV,0.00000000,0.00000000,0.0000,0,0,0.0000,0.0000,0.0000,0.0000,no_obs,6.0
2025-01-01,EFBG,0.00000000,0.00000000,0.0000,0,0,0.0000,0.0000,0.0000,0.0000,no_obs,5.8
2025-01-01,EGAN,0.00000000,0.00000000,0.0000,0,0,0.0000,0.0000,0.0000,0.0000,no_obs,5.6
2025-01-01,EIJS,0.00000000,0.00000000,0.0000,0,0,0.0000,0.0000,0.0000,0.0000,no_obs,5.6
2025-01-01,EIL1,0.00000000,0.00000000,0.0000,0,0,0.0000,0.0000,0.0000,0.0000,no_obs,5.6
2025-01-01,DLF1,51.98602190,4.38746561,75.8111,1,25,0.0057,0.0017,-0.0064,0.0088,ok,221.3
2025-01-01,EIL4,0.00000000,0.00000000,0.0000,0,0,0.0000,0.0000,0.0000,0.0000,no_obs,5.6
2025-01-01,EISL,0.00000000,0.00000000,0.0000,0,0,0.0000,0.0000,0.0000,0.0000,no_obs,5.6
2025-01-01,DRAO,49.32261709,-119.62498584,541.8698,1,25,-0.0014,0.0000,-0.0055,0.0057,ok,206.8
2025-01-01,ELAT,0.00000000,0.00000000,0.0000,0,0,0.0000,0.0000,0.0000,0.0000,no_obs,5.6
2025-01-01,DJIG,11.52628967,42.84706821,711.3798,1,27,0.0023,0.0035,-0.0120,0.0127,ok,231.5
2025-01-01,ELDA,0.00000000,0.00000000,0.0000,0,0,0.0000,0.0000,0.0000,0.0000,no_obs,5.7
2025-01-01,ELEN,0.00000000,0.00000000,0.0000,0,0,0.0000,0.0000,0.0000,0.0000,no_obs,5.7
2025-01-01,ENTZ,0.00000000,0.00000000,0.0000,0,0,0.0000,0.0000,0.0000,0.0000,no_obs,5.6
2025-01-01,ENNA,0.00000000,0.00000000,0.0000,0,0,0.0000,0.0000,0.0000,0.0000,no_obs,5.7
2025-01-01,EPRT,0.00000000,0.00000000,0.0000,0,0,0.0000,0.0000,0.0000,0.0000,no_obs,5.4
2025-01-01,EQHE,0.00000000,0.00000000,0.0000,0,0,0.0000,0.0000,0.0000,0.0000,no_obs,5.4
2025-01-01,ESCU,0.00000000,0.00000000,0.0000,0,0,0.0000,0.0000,0.0000,0.0000,no_obs,5.5
2025-01-01,ESPA,0.00000000,0.00000000,0.0000,0,0,0.0000,0.0000,0.0000,0.0000,no_obs,5.4
2025-01-01,ESTI,0.00000000,0.00000000,0.0000,0,0,0.0000,0.0000,0.0000,0.0000,no_obs,5.6
2025-01-01,DUBO,50.25880820,-95.86618553,245.2817,1,25,-0.0017,-0.0038,-0.0027,0.0050,ok,191.8
2025-01-01,EXMO,0.00000000,0.00000000,0.0000,0,0,0.0000,0.0000,0.0000,0.0000,no_obs,5.4
2025-01-01,EXMT,0.00000000,0.00000000,0.0000,0,0,0.0000,0.0000,0.0000,0.0000,no_obs,5.3
2025-01-01,EYAC,0.00000000,0.00000000,0.0000,0,0,0.0000,0.0000,0.0000,0.0000,no_obs,5.5
2025-01-01,EZEV,0.00000000,0.00000000,0.0000,0,0,0.0000,0.0000,0.0000,0.0000,no_obs,5.6
2025-01-01,FAIV,0.00000000,0.00000000,0.0000,0,0,0.0000,0.0000,0.0000,0.0000,no_obs,5.5
2025-01-01,FALE,0.00000000,0.00000000,0.0000,0,0,0.0000,0.0000,0.0000,0.0000,no_obs,5.6
2025-01-01,FERN,0.00000000,0.00000000,0.0000,0,0,0.0000,0.0000,0.0000,0.0000,no_obs,5.9
2025-01-01,FERR,0.00000000,0.00000000,0.0000,0,0,0.0000,0.0000,0.0000,0.0000,no_obs,5.7
2025-01-01,DUMG,-66.66518582,140.00218861,-1.6606,1,27,-0.0001,-0.0120,-0.0206,0.0238,ok,201.7
2025-01-01,DYNG,38.07855179,23.93243547,510.5565,1,22,0.0006,0.0045,-0.0141,0.0148,ok,174.7
2025-01-01,FFT2,0.00000000,0.00000000,0.0000,0,0,0.0000,0.0000,0.0000,0.0000,no_obs,5.6
2025-01-01,FLF1,0.00000000,0.00000000,0.0000,0,0,0.0000,0.0000,0.0000,0.0000,no_obs,5.5
2025-01-01,FLIU,0.00000000,0.00000000,0.0000,0,0,0.0000,0.0000,0.0000,0.0000,no_obs,6.7
2025-01-01,FLM5,0.00000000,0.00000000,0.0000,0,0,0.0000,0.0000,0.0000,0.0000,no_obs,8.3
2025-01-01,FLND,0.00000000,0.00000000,0.0000,0,0,0.0000,0.0000,0.0000,0.0000,no_obs,5.5
2025-01-01,FLRS,0.00000000,0.00000000,0.0000,0,0,0.0000,0.0000,0.0000,0.0000,no_obs,5.3
2025-01-01,FMYR,0.00000000,0.00000000,0.0000,0,0,0.0000,0.0000,0.0000,0.0000,no_obs,5.4
2025-01-01,FOMO,0.00000000,0.00000000,0.0000,0,0,0.0000,0.0000,0.0000,0.0000,no_obs,6.2
2025-01-01,FORT,0.00000000,0.00000000,0.0000,0,0,0.0000,0.0000,0.0000,0.0000,no_obs,5.8
2025-01-01,FRAN,0.00000000,0.00000000,0.0000,0,0,0.0000,0.0000,0.0000,0.0000,no_obs,6.7
2025-01-01,FRED,0.00000000,0.00000000,0.0000,0,0,0.0000,0.0000,0.0000,0.0000,no_obs,5.9
2025-01-01,FRL0,0.00000000,0.00000000,0.0000,0,0,0.0000,0.0000,0.0000,0.0000,no_obs,5.8
2025-01-01,FROY,0.00000000,0.00000000,0.0000,0,0,0.0000,0.0000,0.0000,0.0000,no_obs,5.9
2025-01-01,FALK,-51.69365038,-57.87406742,50.8251,1,26,-0.0031,-0.0067,-0.0066,0.0099,ok,162.3
2025-01-01,FTP4,0.00000000,0.00000000,0.0000,0,0,0.0000,0.0000,0.0000,0.0000,no_obs,6.8
2025-01-01,FTS5,0.00000000,0.00000000,0.0000,0,0,0.0000,0.0000,0.0000,0.0000,no_obs,5.9
2025-01-01,FTTG,0.00000000,0.00000000,0.0000,0,0,0.0000,0.0000,0.0000,0.0000,no_obs,6.2
2025-01-01,FUER,0.00000000,0.00000000,0.0000,0,0,0.0000,0.0000,0.0000,0.0000,no_obs,6.9
2025-01-01,FUNC,0.00000000,0.00000000,0.0000,0,0,0.0000,0.0000,0.0000,0.0000,no_obs,6.3
2025-01-01,FYHA,0.00000000,0.00000000,0.0000,0,0,0.0000,0.0000,0.0000,0.0000,no_obs,5.9
2025-01-01,GABO,0.00000000,0.00000000,0.0000,0,0,0.0000,0.0000,0.0000,0.0000,no_obs,6.2
2025-01-01,FAIR,64.97799490,-147.49924204,318.9449,1,25,-0.0540,0.0511,-0.0817,0.1105,ok,207.7
2025-01-01,GAL1,0.00000000,0.00000000,0.0000,0,0,0.0000,0.0000,0.0000,0.0000,no_obs,6.3
2025-01-01,FRDN,45.93350829,-66.65988426,94.8401,1,21,0.0031,-0.0046,-0.0053,0.0077,ok,173.3
2025-01-01,GACC,0.00000000,0.00000000,0.0000,0,0,0.0000,0.0000,0.0000,0.0000,no_obs,7.1
2025-01-01,GALA,0.00000000,0.00000000,0.0000,0,0,0.0000,0.0000,0.0000,0.0000,no_obs,6.8
2025-01-01,FLIN,54.72558283,-101.97803952,311.5565,1,27,-0.0081,0.0019,-0.0193,0.0210,ok,208.2
2025-01-01,GARI,0.00000000,0.00000000,0.0000,0,0,0.0000,0.0000,0.0000,0.0000,no_obs,5.4
2025-01-01,EUR2,79.98894580,-85.93761238,29.0609,1,26,0.0004,0.0005,-0.0259,0.0259,ok,238.2
2025-01-01,FFMJ,50.09058092,8.66497231,178.2048,1,25,0.0018,0.0057,-0.0096,0.0113,ok,219.8
2025-01-01,FTNA,-14.30779913,-178.12095290,84.8600,1,23,-0.0023,0.0015,0.0071,0.0077,ok,170.6
2025-01-01,FAA1,-17.55530791,-149.61431085,12.0465,1,22,0.0031,0.0002,0.0146,0.0149,ok,237.7
2025-01-01,GASC,0.00000000,0.00000000,0.0000,0,0,0.0000,0.0000,0.0000,0.0000,no_obs,6.0
2025-01-01,GAT1,0.00000000,0.00000000,0.0000,0,0,0.0000,0.0000,0.0000,0.0000,no_obs,6.1
2025-01-01,GAV4,0.00000000,0.00000000,0.0000,0,0,0.0000,0.0000,0.0000,0.0000,no_obs,5.5
2025-01-01,GAV5,0.00000000,0.00000000,0.0000,0,0,0.0000,0.0000,0.0000,0.0000,no_obs,5.7
2025-01-01,GDMA,0.00000000,0.00000000,0.0000,0,0,0.0000,0.0000,0.0000,0.0000,no_obs,5.8
2025-01-01,GCGT,0.00000000,0.00000000,0.0000,0,0,0.0000,0.0000,0.0000,0.0000,no_obs,6.0
2025-01-01,GELL,0.00000000,0.00000000,0.0000,0,0,0.0000,0.0000,0.0000,0.0000,no_obs,5.9
2025-01-01,GETI,0.00000000,0.00000000,0.0000,0,0,0.0000,0.0000,0.0000,0.0000,no_obs,5.7
2025-01-01,GENU,0.00000000,0.00000000,0.0000,0,0,0.0000,0.0000,0.0000,0.0000,no_obs,5.8
2025-01-01,GIBR,0.00000000,0.00000000,0.0000,0,0,0.0000,0.0000,0.0000,0.0000,no_obs,5.6
2025-01-01,GILB,0.00000000,0.00000000,0.0000,0,0,0.0000,0.0000,0.0000,0.0000,no_obs,5.6
2025-01-01,GIUR,0.00000000,0.00000000,0.0000,0,0,0.0000,0.0000,0.0000,0.0000,no_obs,5.7
2025-01-01,GLPT,0.00000000,0.00000000,0.0000,0,0,0.0000,0.0000,0.0000,0.0000,no_obs,5.4
2025-01-01,GMAS,0.00000000,0.00000000,0.0000,0,0,0.0000,0.0000,0.0000,0.0000,no_obs,5.4
2025-01-01,GENO,44.41939044,8.92114848,155.5077,1,19,0.0003,0.0103,-0.0122,0.0159,ok,67.9
2025-01-01,GNVL,0.00000000,0.00000000,0.0000,0,0,0.0000,0.0000,0.0000,0.0000,no_obs,6.1
2025-01-01,GOD2,0.00000000,0.00000000,0.0000,0,0,0.0000,0.0000,0.0000,0.0000,no_obs,5.9
2025-01-01,GLSV,50.36418507,30.49673866,226.3105,1,22,-0.0006,0.0038,-0.0060,0.0072,ok,87.2
2025-01-01,GAMB,-23.13035118,-134.96483199,80.6463,1,22,0.0007,0.0001,-0.0087,0.0087,ok,135.4
2025-01-01,GAMG,35.59006976,127.91966298,927.9483,1,20,0.0049,-0.0067,-0.0098,0.0128,ok,147.1
2025-01-01,GODZ,0.00000000,0.00000000,0.0000,0,0,0.0000,0.0000,0.0000,0.0000,no_obs,5.9
2025-01-01,GOJA,0.00000000,0.00000000,0.0000,0,0,0.0000,0.0000,0.0000,0.0000,no_obs,5.9
2025-01-01,GOL2,0.00000000,0.00000000,0.0000,0,0,0.0000,0.0000,0.0000,0.0000,no_obs,6.0
2025-01-01,GANP,49.03471597,20.32294135,746.0240,1,22,0.0033,0.0070,-0.0090,0.0119,ok,203.5
2025-01-01,GMSD,30.55644300,131.01556822,142.3205,1,21,0.0159,-0.0049,-0.0046,0.0173,ok,161.2
2025-01-01,GLPS,-0.74299754,-90.30366306,1.7632,1,23,0.0000,0.0047,-0.0061,0.0077,ok,180.3
2025-01-01,GOR2,0.00000000,0.00000000,0.0000,0,0,0.0000,0.0000,0.0000,0.0000,no_obs,5.7
2025-01-01,GCGO,64.97805652,-147.49943284,319.3571,1,26,-0.0500,0.0377,-0.0115,0.0637,ok,199.6
2025-01-01,GOUG,0.00000000,0.00000000,0.0000,0,0,0.0000,0.0000,0.0000,0.0000,no_obs,5.9
2025-01-01,GRAF,0.00000000,0.00000000,0.0000,0,0,0.0000,0.0000,0.0000,0.0000,no_obs,5.7
2025-01-01,GOLD,35.42515532,-116.88925325,986.6273,1,21,0.0033,-0.0106,-0.0079,0.0137,ok,150.2
2025-01-01,GODE,39.02172834,-76.82683360,14.4664,1,22,0.0065,-0.0067,-0.0104,0.0140,ok,218.9
2025-01-01,GODN,39.02117900,-76.82709589,17.8301,1,22,0.0036,-0.0069,-0.0073,0.0107,ok,203.7
2025-01-01,GRIS,0.00000000,0.00000000,0.0000,0,0,0.0000,0.0000,0.0000,0.0000,no_obs,6.3
2025-01-01,GODS,39.02051809,-76.82732489,19.0513,1,21,0.0073,-0.0053,-0.0080,0.0121,ok,197.9
2025-01-01,GROI,0.00000000,0.00000000,0.0000,0,0,0.0000,0.0000,0.0000,0.0000,no_obs,5.4
2025-01-01,GSR1,0.00000000,0.00000000,0.0000,0,0,0.0000,0.0000,0.0000,0.0000,no_obs,5.4
2025-01-01,GUAO,0.00000000,0.00000000,0.0000,0,0,0.0000,0.0000,0.0000,0.0000,no_obs,5.8
2025-01-01,GUAT,0.00000000,0.00000000,0.0000,0,0,0.0000,0.0000,0.0000,0.0000,no_obs,5.5
2025-01-01,GUIP,0.00000000,0.00000000,0.0000,0,0,0.0000,0.0000,0.0000,0.0000,no_obs,5.4
2025-01-01,GUST,0.00000000,0.00000000,0.0000,0,0,0.0000,0.0000,0.0000,0.0000,no_obs,5.4
2025-01-01,GUUG,0.00000000,0.00000000,0.0000,0,0,0.0000,0.0000,0.0000,0.0000,no_obs,5.4
2025-01-01,HAAS,0.00000000,0.00000000,0.0000,0,0,0.0000,0.0000,0.0000,0.0000,no_obs,5.4
2025-01-01,HALY,0.00000000,0.00000000,0.0000,0,0,0.0000,0.0000,0.0000,0.0000,no_obs,5.6
2025-01-01,GRAC,43.75449266,6.92077163,1319.8577,1,22,0.0001,0.0057,-0.0058,0.0081,ok,138.8
2025-01-01,HAMD,0.00000000,0.00000000,0.0000,0,0,0.0000,0.0000,0.0000,0.0000,no_obs,6.0
2025-01-01,HARV,0.00000000,0.00000000,0.0000,0,0,0.0000,0.0000,0.0000,0.0000,no_obs,5.6
2025-01-01,HDG0,0.00000000,0.00000000,0.0000,0,0,0.0000,0.0000,0.0000,0.0000,no_obs,5.9
2025-01-01,HEAU,0.00000000,0.00000000,0.0000,0,0,0.0000,0.0000,0.0000,0.0000,no_obs,6.0
2025-01-01,HELG,0.00000000,0.00000000,0.0000,0,0,0.0000,0.0000,0.0000,0.0000,no_obs,5.8
2025-01-01,GRAS,43.75474071,6.92057838,1319.2946,1,23,0.0021,0.0042,-0.0172,0.0178,ok,161.9
2025-01-01,HER2,0.00000000,0.00000000,0.0000,0,0,0.0000,0.0000,0.0000,0.0000,no_obs,5.9
2025-01-01,HERA,0.00000000,0.00000000,0.0000,0,0,0.0000,0.0000,0.0000,0.0000,no_obs,5.3
2025-01-01,HERN,0.00000000,0.00000000,0.0000,0,0,0.0000,0.0000,0.0000,0.0000,no_obs,5.4
2025-01-01,GOP6,49.91367205,14.78561223,592.5901,1,25,0.0024,0.0062,-0.0134,0.0150,ok,217.4
2025-01-01,GOPE,49.91370740,14.78562810,592.5973,1,24,0.0031,0.0077,-0.0079,0.0115,ok,221.1
2025-01-01,HFLK,0.00000000,0.00000000,0.0000,0,0,0.0000,0.0000,0.0000,0.0000,no_obs,5.9
2025-01-01,HGHN,0.00000000,0.00000000,0.0000,0,0,0.0000,0.0000,0.0000,0.0000,no_obs,6.3
2025-01-01,HIKB,0.00000000,0.00000000,0.0000,0,0,0.0000,0.0000,0.0000,0.0000,no_obs,6.2
2025-01-01,GRAZ,47.06713276,15.49348606,538.2737,1,21,0.0003,0.0057,-0.0146,0.0157,ok,124.1
2025-01-01,HIL1,0.00000000,0.00000000,0.0000,0,0,0.0000,0.0000,0.0000,0.0000,no_obs,5.9
2025-01-01,HILO,0.00000000,0.00000000,0.0000,0,0,0.0000,0.0000,0.0000,0.0000,no_obs,5.9
2025-01-01,HKCL,0.00000000,0.00000000,0.0000,0,0,0.0000,0.0000,0.0000,0.0000,no_obs,6.1
2025-01-01,HKKT,0.00000000,0.00000000,0.0000,0,0,0.0000,0.0000,0.0000,0.0000,no_obs,5.6
2025-01-01,HKNP,0.00000000,0.00000000,0.0000,0,0,0.0000,0.0000,0.0000,0.0000,no_obs,5.7
2025-01-01,HKOH,0.00000000,0.00000000,0.0000,0,0,0.0000,0.0000,0.0000,0.0000,no_obs,5.6
2025-01-01,HKQT,0.00000000,0.00000000,0.0000,0,0,0.0000,0.0000,0.0000,0.0000,no_obs,6.8
2025-01-01,HKSC,0.00000000,0.00000000,0.0000,0,0,0.0000,0.0000,0.0000,0.0000,no_obs,6.7
2025-01-01,HKST,0.00000000,0.00000000,0.0000,0,0,0.0000,0.0000,0.0000,0.0000,no_obs,5.8
2025-01-01,HERT,50.86748240,0.33435817,83.3267,1,16,0.0009,-0.0015,0.0003,0.0018,ok,86.1
2025-01-01,HNA0,0.00000000,0.00000000,0.0000,0,0,0.0000,0.0000,0.0000,0.0000,no_obs,6.0
2025-01-01,HNIS,0.00000000,0.00000000,0.0000,0,0,0.0000,0.0000,0.0000,0.0000,no_obs,5.8
2025-01-01,HNLC,0.00000000,0.00000000,0.0000,0,0,0.0000,0.0000,0.0000,0.0000,no_obs,5.8
2025-01-01,HNPT,0.00000000,0.00000000,0.0000,0,0,0.0000,0.0000,0.0000,0.0000,no_obs,5.9
2025-01-01,HNUS,0.00000000,0.00000000,0.0000,0,0,0.0000,0.0000,0.0000,0.0000,no_obs,5.8
2025-01-01,HARB,-25.88695965,27.70724807,1558.0897,1,28,-0.0011,0.0012,-0.0003,0.0017,ok,171.1
2025-01-01,GUAM,13.58933005,144.86835975,201.9400,1,25,-0.0077,-0.0000,0.0179,0.0194,ok,200.2
2025-01-01,HOBU,0.00000000,0.00000000,0.0000,0,0,0.0000,0.0000,0.0000,0.0000,no_obs,5.9
2025-01-01,HOFJ,0.00000000,0.00000000,0.0000,0,0,0.0000,0.0000,0.0000,0.0000,no_obs,5.7
2025-01-01,HOKI,0.00000000,0.00000000,0.0000,0,0,0.0000,0.0000,0.0000,0.0000,no_obs,5.9
2025-01-01,HOL2,0.00000000,0.00000000,0.0000,0,0,0.0000,0.0000,0.0000,0.0000,no_obs,5.8
2025-01-01,HAL1,20.70741915,-156.25624666,3072.8535,1,27,-0.0016,0.0016,0.0032,0.0039,ok,201.0
2025-01-01,HOLC,0.00000000,0.00000000,0.0000,0,0,0.0000,0.0000,0.0000,0.0000,no_obs,5.3
2025-01-01,HOLM,0.00000000,0.00000000,0.0000,0,0,0.0000,0.0000,0.0000,0.0000,no_obs,5.8
2025-01-01,HOLP,0.00000000,0.00000000,0.0000,0,0,0.0000,0.0000,0.0000,0.0000,no_obs,5.8
2025-01-01,HOLY,0.00000000,0.00000000,0.0000,0,0,0.0000,0.0000,0.0000,0.0000,no_obs,5.8
2025-01-01,HKSL,22.37200228,113.92798975,95.2587,1,23,0.0146,0.0024,-0.0124,0.0193,ok,126.4
2025-01-01,HONS,0.00000000,0.00000000,0.0000,0,0,0.0000,0.0000,0.0000,0.0000,no_obs,5.8
2025-01-01,HORN,0.00000000,0.00000000,0.0000,0,0,0.0000,0.0000,0.0000,0.0000,no_obs,5.4
2025-01-01,HOWN,0.00000000,0.00000000,0.0000,0,0,0.0000,0.0000,0.0000,0.0000,no_obs,5.3
2025-01-01,HRAG,0.00000000,0.00000000,0.0000,0,0,0.0000,0.0000,0.0000,0.0000,no_obs,5.5
2025-01-01,HRM1,0.00000000,0.00000000,0.0000,0,0,0.0000,0.0000,0.0000,0.0000,no_obs,5.9
2025-01-01,HUEG,0.00000000,0.00000000,0.0000,0,0,0.0000,0.0000,0.0000,0.0000,no_obs,6.2
2025-01-01,HUEL,0.00000000,0.00000000,0.0000,0,0,0.0000,0.0000,0.0000,0.0000,no_obs,6.2
2025-01-01,HKWS,22.43427984,114.33538557,63.7739,1,23,0.0210,-0.0081,0.0069,0.0235,ok,150.0
2025-01-01,HLFX,44.68355108,-63.61128348,3.0818,1,22,0.0042,0.0033,-0.0059,0.0080,ok,148.4
2025-01-01,HUGH,0.00000000,0.00000000,0.0000,0,0,0.0000,0.0000,0.0000,0.0000,no_obs,6.0
2025-01-01,HYDE,0.00000000,0.00000000,0.0000,0,0,0.0000,0.0000,0.0000,0.0000,no_obs,5.3
2025-01-01,HYDN,0.00000000,0.00000000,0.0000,0,0,0.0000,0.0000,0.0000,0.0000,no_obs,5.4
2025-01-01,IAAI,0.00000000,0.00000000,0.0000,0,0,0.0000,0.0000,0.0000,0.0000,no_obs,5.4
2025-01-01,IBIZ,0.00000000,0.00000000,0.0000,0,0,0.0000,0.0000,0.0000,0.0000,no_obs,5.3
2025-01-01,ICAM,0.00000000,0.00000000,0.0000,0,0,0.0000,0.0000,0.0000,0.0000,no_obs,5.5
2025-01-01,ICT1,0.00000000,0.00000000,0.0000,0,0,0.0000,0.0000,0.0000,0.0000,no_obs,5.5
2025-01-01,IDDR,0.00000000,0.00000000,0.0000,0,0,0.0000,0.0000,0.0000,0.0000,no_obs,5.5
2025-01-01,IHOE,0.00000000,0.00000000,0.0000,0,0,0.0000,0.0000,0.0000,0.0000,no_obs,5.4
2025-01-01,HERS,50.86731678,0.33627632,76.4603,1,26,0.0030,0.0031,-0.0123,0.0130,ok,233.0
2025-01-01,IJMU,0.00000000,0.00000000,0.0000,0,0,0.0000,0.0000,0.0000,0.0000,no_obs,5.5
2025-01-01,ILDX,0.00000000,0.00000000,0.0000,0,0,0.0000,0.0000,0.0000,0.0000,no_obs,5.3
2025-01-01,ILHA,0.00000000,0.00000000,0.0000,0,0,0.0000,0.0000,0.0000,0.0000,no_obs,5.3
2025-01-01,IMBT,0.00000000,0.00000000,0.0000,0,0,0.0000,0.0000,0.0000,0.0000,no_obs,5.4
2025-01-01,INEG,0.00000000,0.00000000,0.0000,0,0,0.0000,0.0000,0.0000,0.0000,no_obs,5.3
2025-01-01,INRI,0.00000000,0.00000000,0.0000,0,0,0.0000,0.0000,0.0000,0.0000,no_obs,5.9
2025-01-01,INVK,0.00000000,0.00000000,0.0000,0,0,0.0000,0.0000,0.0000,0.0000,no_obs,5.9
2025-01-01,IPAZ,0.00000000,0.00000000,0.0000,0,0,0.0000,0.0000,0.0000,0.0000,no_obs,5.9
2025-01-01,HOFN,64.26729453,-15.19791452,82.9257,1,22,0.0022,0.0064,-0.0206,0.0216,ok,167.8
2025-01-01,IQQE,0.00000000,0.00000000,0.0000,0,0,0.0000,0.0000,0.0000,0.0000,no_obs,6.0
2025-01-01,IQUI,0.00000000,0.00000000,0.0000,0,0,0.0000,0.0000,0.0000,0.0000,no_obs,5.9
2025-01-01,HRAO,-25.89010166,27.68698265,1414.1341,1,23,-0.0023,-0.1491,-0.0243,0.1511,ok,133.6
2025-01-01,IRKJ,0.00000000,0.00000000,0.0000,0,0,0.0000,0.0000,0.0000,0.0000,no_obs,5.9
2025-01-01,IRKM,0.00000000,0.00000000,0.0000,0,0,0.0000,0.0000,0.0000,0.0000,no_obs,5.5
2025-01-01,IRKT,0.00000000,0.00000000,0.0000,0,0,0.0000,0.0000,0.0000,0.0000,no_obs,5.3
2025-01-01,IRYL,0.00000000,0.00000000,0.0000,0,0,0.0000,0.0000,0.0000,0.0000,no_obs,5.7
2025-01-01,ISBA,0.00000000,0.00000000,0.0000,0,0,0.0000,0.0000,0.0000,0.0000,no_obs,5.4
2025-01-01,ISCO,0.00000000,0.00000000,0.0000,0,0,0.0000,0.0000,0.0000,0.0000,no_obs,5.5
2025-01-01,ISPA,0.00000000,0.00000000,0.0000,0,0,0.0000,0.0000,0.0000,0.0000,no_obs,5.4
2025-01-01,HOB2,-42.80470279,147.43873785,41.0285,1,30,-0.0063,-0.0041,-0.0124,0.0146,ok,229.3
2025-01-01,IUCO,0.00000000,0.00000000,0.0000,0,0,0.0000,0.0000,0.0000,0.0000,no_obs,6.1
2025-01-01,HOLB,50.64035138,-128.13500088,559.6301,1,25,-0.0039,0.0022,-0.0023,0.0050,ok,201.0
2025-01-01,IZAN,0.00000000,0.00000000,0.0000,0,0,0.0000,0.0000,0.0000,0.0000,no_obs,5.9
2025-01-01,IZMI,0.00000000,0.00000000,0.0000,0,0,0.0000,0.0000,0.0000,0.0000,no_obs,5.4
2025-01-01,JAB1,0.00000000,0.00000000,0.0000,0,0,0.0000,0.0000,0.0000,0.0000,no_obs,5.5
2025-01-01,JAB2,0.00000000,0.00000000,0.0000,0,0,0.0000,0.0000,0.0000,0.0000,no_obs,5.3
2025-01-01,JAMA,0.00000000,0.00000000,0.0000,0,0,0.0000,0.0000,0.0000,0.0000,no_obs,5.3
2025-01-01,JERV,0.00000000,0.00000000,0.0000,0,0,0.0000,0.0000,0.0000,0.0000,no_obs,5.5
2025-01-01,IISC,13.02117221,77.57038375,843.6621,1,20,-0.0007,0.0013,-0.0246,0.0246,ok,149.4
2025-01-01,JFNG,0.00000000,0.00000000,0.0000,0,0,0.0000,0.0000,0.0000,0.0000,no_obs,5.8
2025-01-01,JLCK,0.00000000,0.00000000,0.0000,0,0,0.0000,0.0000,0.0000,0.0000,no_obs,5.6
2025-01-01,JNU1,0.00000000,0.00000000,0.0000,0,0,0.0000,0.0000,0.0000,0.0000,no_obs,5.6
2025-01-01,JOEN,0.00000000,0.00000000,0.0000,0,0,0.0000,0.0000,0.0000,0.0000,no_obs,5.7
2025-01-01,IENG,45.01513518,7.63941015,316.6210,1,22,0.0023,0.0061,-0.0171,0.0183,ok,173.0
2025-01-01,IMPZ,-5.49176331,-47.49723540,104.9673,1,24,0.0041,0.0076,0.0041,0.0096,ok,174.3
2025-01-01,ISTA,41.10444973,29.01934595,147.2215,1,20,-0.0325,0.0550,-0.0253,0.0687,ok,115.4
2025-01-01,ISHI,36.20883041,140.21895618,155.9152,1,19,-0.1185,0.5653,0.0603,0.5808,ok,136.6
2025-01-01,KA14,0.00000000,0.00000000,0.0000,0,0,0.0000,0.0000,0.0000,0.0000,no_obs,5.9
2025-01-01,JCTW,-33.95143190,18.46855371,83.6158,1,15,0.0045,0.0003,0.0133,0.0140,ok,116.5
2025-01-01,IQAL,63.75596491,-68.51050342,91.7473,1,27,0.0024,-0.0056,-0.0070,0.0093,ok,213.5
2025-01-01,KABR,0.00000000,0.00000000,0.0000,0,0,0.0000,0.0000,0.0000,0.0000,no_obs,5.9
2025-01-01,KALG,0.00000000,0.00000000,0.0000,0,0,0.0000,0.0000,0.0000,0.0000,no_obs,5.7
2025-01-01,KALM,0.00000000,0.00000000,0.0000,0,0,0.0000,0.0000,0.0000,0.0000,no_obs,5.7
2025-01-01,KARA,0.00000000,0.00000000,0.0000,0,0,0.0000,0.0000,0.0000,0.0000,no_obs,5.3
2025-01-01,KARL,0.00000000,0.00000000,0.0000,0,0,0.0000,0.0000,0.0000,0.0000,no_obs,5.3
2025-01-01,KASI,0.00000000,0.00000000,0.0000,0,0,0.0000,0.0000,0.0000,0.0000,no_obs,5.7
2025-01-01,KATC,0.00000000,0.00000000,0.0000,0,0,0.0000,0.0000,0.0000,0.0000,no_obs,6.0
2025-01-01,KAYT,0.00000000,0.00000000,0.0000,0,0,0.0000,0.0000,0.0000,0.0000,no_obs,5.8
2025-01-01,KBRC,0.00000000,0.00000000,0.0000,0,0,0.0000,0.0000,0.0000,0.0000,no_obs,6.3
2025-01-01,KELN,0.00000000,0.00000000,0.0000,0,0,0.0000,0.0000,0.0000,0.0000,no_obs,5.8
2025-01-01,KELY,0.00000000,0.00000000,0.0000,0,0,0.0000,0.0000,0.0000,0.0000,no_obs,5.9
2025-01-01,KEN1,0.00000000,0.00000000,0.0000,0,0,0.0000,0.0000,0.0000,0.0000,no_obs,5.9
2025-01-01,KEN5,0.00000000,0.00000000,0.0000,0,0,0.0000,0.0000,0.0000,0.0000,no_obs,5.8
2025-01-01,KEPA,0.00000000,0.00000000,0.0000,0,0,0.0000,0.0000,0.0000,0.0000,no_obs,5.8
2025-01-01,JOZE,52.09727748,21.03154499,141.4241,1,23,0.0023,0.0065,0.0010,0.0070,ok,182.0
2025-01-01,KETG,0.00000000,0.00000000,0.0000,0,0,0.0000,0.0000,0.0000,0.0000,no_obs,6.0
2025-01-01,KGIS,0.00000000,0.00000000,0.0000,0,0,0.0000,0.0000,0.0000,0.0000,no_obs,6.0
2025-01-01,KGLK,0.00000000,0.00000000,0.0000,0,0,0.0000,0.0000,0.0000,0.0000,no_obs,5.8
2025-01-01,JPRE,-25.73202426,28.28263730,1387.3608,1,25,0.0015,0.0020,0.0236,0.0237,ok,141.1
2025-01-01,KGNI,0.00000000,0.00000000,0.0000,0,0,0.0000,0.0000,0.0000,0.0000,no_obs,5.8
2025-01-01,JOZ2,52.09783837,21.03235730,152.5104,1,23,-0.0000,0.0031,-0.0056,0.0064,ok,219.9
2025-01-01,KHAJ,0.00000000,0.00000000,0.0000,0,0,0.0000,0.0000,0.0000,0.0000,no_obs,5.3
2025-01-01,JOG2,-7.76381463,110.37246489,174.2493,1,25,0.0036,0.0056,-0.0078,0.0102,ok,221.8
2025-01-01,KHAR,0.00000000,0.00000000,0.0000,0,0,0.0000,0.0000,0.0000,0.0000,no_obs,5.3
2025-01-01,KILK,0.00000000,0.00000000,0.0000,0,0,0.0000,0.0000,0.0000,0.0000,no_obs,5.3
2025-01-01,KINL,0.00000000,0.00000000,0.0000,0,0,0.0000,0.0000,0.0000,0.0000,no_obs,5.4
2025-01-01,JPLM,34.20482228,-118.17323391,423.9867,1,25,-0.0001,-0.0010,0.0117,0.0117,ok,208.5
2025-01-01,KAT1,-14.37599280,132.15327830,184.2861,1,28,0.0016,-0.0077,-0.0123,0.0146,ok,215.5
2025-01-01,KARR,-20.98141988,117.09719857,109.1357,1,26,0.0039,-0.0013,0.0016,0.0044,ok,223.8
2025-01-01,KERG,-49.35146746,70.25552355,73.0125,1,24,-0.0053,-0.0050,-0.0067,0.0098,ok,171.8
2025-01-01,KMAN,0.00000000,0.00000000,0.0000,0,0,0.0000,0.0000,0.0000,0.0000,no_obs,6.4
2025-01-01,KMNM,0.00000000,0.00000000,0.0000,0,0,0.0000,0.0000,0.0000,0.0000,no_obs,5.4
2025-01-01,KNGS,0.00000000,0.00000000,0.0000,0,0,0.0000,0.0000,0.0000,0.0000,no_obs,5.6
2025-01-01,KNGV,0.00000000,0.00000000,0.0000,0,0,0.0000,0.0000,0.0000,0.0000,no_obs,5.3
2025-01-01,KODK,0.00000000,0.00000000,0.0000,0,0,0.0000,0.0000,0.0000,0.0000,no_obs,5.4
2025-01-01,KOK1,0.00000000,0.00000000,0.0000,0,0,0.0000,0.0000,0.0000,0.0000,no_obs,5.3
2025-01-01,KIT3,39.13476780,66.88545172,622.4654,1,19,-0.0011,-0.0016,-0.0122,0.0124,ok,175.4
2025-01-01,KONE,0.00000000,0.00000000,0.0000,0,0,0.0000,0.0000,0.0000,0.0000,no_obs,6.2
2025-01-01,KIRI,1.35458743,172.92288398,36.1694,1,24,0.0011,0.0075,0.0026,0.0080,ok,199.2
2025-01-01,KOSG,0.00000000,0.00000000,0.0000,0,0,0.0000,0.0000,0.0000,0.0000,no_obs,5.4
2025-01-01,KOU1,0.00000000,0.00000000,0.0000,0,0,0.0000,0.0000,0.0000,0.0000,no_obs,5.8
2025-01-01,KOUC,0.00000000,0.00000000,0.0000,0,0,0.0000,0.0000,0.0000,0.0000,no_obs,6.2
2025-01-01,KIR8,67.87754738,21.06019123,498.1817,1,22,0.0049,0.0011,-0.0242,0.0247,ok,224.7
2025-01-01,KIR0,67.87757857,21.06024807,498.1651,1,22,0.0044,0.0021,-0.0213,0.0218,ok,236.3
2025-01-01,KIRU,67.85735419,20.96845512,391.0759,1,25,0.0029,0.0013,-0.0212,0.0214,ok,236.8
2025-01-01,KRO0,0.00000000,0.00000000,0.0000,0,0,0.0000,0.0000,0.0000,0.0000,no_obs,5.5
2025-01-01,KRS1,0.00000000,0.00000000,0.0000,0,0,0.0000,0.0000,0.0000,0.0000,no_obs,6.0
2025-01-01,KRTM,0.00000000,0.00000000,0.0000,0,0,0.0000,0.0000,0.0000,0.0000,no_obs,5.9
2025-01-01,KRTV,0.00000000,0.00000000,0.0000,0,0,0.0000,0.0000,0.0000,0.0000,no_obs,5.9
2025-01-01,KSMV,0.00000000,0.00000000,0.0000,0,0,0.0000,0.0000,0.0000,0.0000,no_obs,5.9
2025-01-01,KSNB,0.00000000,0.00000000,0.0000,0,0,0.0000,0.0000,0.0000,0.0000,no_obs,6.9
2025-01-01,KOKB,22.12626824,-159.66494042,1167.2293,1,24,-0.0874,-0.0445,-0.1291,0.1621,ok,159.2
2025-01-01,KSTU,0.00000000,0.00000000,0.0000,0,0,0.0000,0.0000,0.0000,0.0000,no_obs,5.9
2025-01-01,KSU1,0.00000000,0.00000000,0.0000,0,0,0.0000,0.0000,0.0000,0.0000,no_obs,5.4
2025-01-01,KTH0,0.00000000,0.00000000,0.0000,0,0,0.0000,0.0000,0.0000,0.0000,no_obs,5.5
2025-01-01,KTIA,0.00000000,0.00000000,0.0000,0,0,0.0000,0.0000,0.0000,0.0000,no_obs,5.4
2025-01-01,KTVL,0.00000000,0.00000000,0.0000,0,0,0.0000,0.0000,0.0000,0.0000,no_obs,5.5
2025-01-01,KUN0,0.00000000,0.00000000,0.0000,0,0,0.0000,0.0000,0.0000,0.0000,no_obs,5.4
2025-01-01,KUNM,0.00000000,0.00000000,0.0000,0,0,0.0000,0.0000,0.0000,0.0000,no_obs,5.6
2025-01-01,KURE,0.00000000,0.00000000,0.0000,0,0,0.0000,0.0000,0.0000,0.0000,no_obs,5.5
2025-01-01,KUUJ,0.00000000,0.00000000,0.0000,0,0,0.0000,0.0000,0.0000,0.0000,no_obs,5.5
2025-01-01,KWJ1,0.00000000,0.00000000,0.0000,0,0,0.0000,0.0000,0.0000,0.0000,no_obs,5.5
2025-01-01,KYW1,0.00000000,0.00000000,0.0000,0,0,0.0000,0.0000,0.0000,0.0000,no_obs,5.4
2025-01-01,KZN2,0.00000000,0.00000000,0.0000,0,0,0.0000,0.0000,0.0000,0.0000,no_obs,5.5
2025-01-01,KOKV,22.12626906,-159.66493992,1167.3625,1,23,0.0028,0.0071,0.0032,0.0083,ok,193.3
2025-01-01,KITG,39.13338672,66.88674079,620.6124,1,20,0.0003,-0.0075,-0.0194,0.0208,ok,216.1
2025-01-01,LAE1,0.00000000,0.00000000,0.0000,0,0,0.0000,0.0000,0.0000,0.0000,no_obs,5.6
2025-01-01,LAGO,0.00000000,0.00000000,0.0000,0,0,0.0000,0.0000,0.0000,0.0000,no_obs,5.5
2025-01-01,LAMB,0.00000000,0.00000000,0.0000,0,0,0.0000,0.0000,0.0000,0.0000,no_obs,5.5
2025-01-01,LAMP,0.00000000,0.00000000,0.0000,0,0,0.0000,0.0000,0.0000,0.0000,no_obs,6.1
2025-01-01,LARR,0.00000000,0.00000000,0.0000,0,0,0.0000,0.0000,0.0000,0.0000,no_obs,5.5
2025-01-01,LBCH,0.00000000,0.00000000,0.0000,0,0,0.0000,0.0000,0.0000,0.0000,no_obs,5.8
2025-01-01,LCDT,0.00000000,0.00000000,0.0000,0,0,0.0000,0.0000,0.0000,0.0000,no_obs,5.3
2025-01-01,LCK2,0.00000000,0.00000000,0.0000,0,0,0.0000,0.0000,0.0000,0.0000,no_obs,5.6
2025-01-01,LCK3,0.00000000,0.00000000,0.0000,0,0,0.0000,0.0000,0.0000,0.0000,no_obs,5.6
2025-01-01,LCKI,0.00000000,0.00000000,0.0000,0,0,0.0000,0.0000,0.0000,0.0000,no_obs,5.5
2025-01-01,LCUR,0.00000000,0.00000000,0.0000,0,0,0.0000,0.0000,0.0000,0.0000,no_obs,5.4
2025-01-01,LDB2,0.00000000,0.00000000,0.0000,0,0,0.0000,0.0000,0.0000,0.0000,no_obs,5.8
2025-01-01,LDK0,0.00000000,0.00000000,0.0000,0,0,0.0000,0.0000,0.0000,0.0000,no_obs,6.0
2025-01-01,LEBA,0.00000000,0.00000000,0.0000,0,0,0.0000,0.0000,0.0000,0.0000,no_obs,6.7
2025-01-01,LEEP,0.00000000,0.00000000,0.0000,0,0,0.0000,0.0000,0.0000,0.0000,no_obs,5.9
2025-01-01,LEFN,0.00000000,0.00000000,0.0000,0,0,0.0000,0.0000,0.0000,0.0000,no_obs,5.8
2025-01-01,KOS1,52.17336110,5.81823441,104.7937,1,25,0.0050,0.0059,-0.0043,0.0088,ok,232.7
2025-01-01,LAMA,53.89240276,20.66994804,187.0198,1,22,0.0045,-0.0003,-0.0082,0.0094,ok,119.2
2025-01-01,LEPO,0.00000000,0.00000000,0.0000,0,0,0.0000,0.0000,0.0000,0.0000,no_obs,5.8
2025-01-01,LEXA,0.00000000,0.00000000,0.0000,0,0,0.0000,0.0000,0.0000,0.0000,no_obs,5.5
2025-01-01,LG1G,0.00000000,0.00000000,0.0000,0,0,0.0000,0.0000,0.0000,0.0000,no_obs,5.4
2025-01-01,KOUR,5.25218355,-52.80596039,-25.7586,1,29,0.0061,0.0053,0.0033,0.0087,ok,218.4
2025-01-01,KRGG,-49.35154368,70.25550658,72.9866,1,27,-0.0050,0.0032,0.0046,0.0075,ok,208.9
2025-01-01,LG4G,0.00000000,0.00000000,0.0000,0,0,0.0000,0.0000,0.0000,0.0000,no_obs,5.4
2025-01-01,LHAS,0.00000000,0.00000000,0.0000,0,0,0.0000,0.0000,0.0000,0.0000,no_obs,5.4
2025-01-01,KOUG,5.09847242,-52.63975068,107.2538,1,29,0.0074,0.0063,0.0082,0.0127,ok,227.4
2025-01-01,LHAZ,0.00000000,0.00000000,0.0000,0,0,0.0000,0.0000,0.0000,0.0000,no_obs,5.3
2025-01-01,LHCL,0.00000000,0.00000000,0.0000,0,0,0.0000,0.0000,0.0000,0.0000,no_obs,5.4
2025-01-01,LHUE,0.00000000,0.00000000,0.0000,0,0,0.0000,0.0000,0.0000,0.0000,no_obs,5.5
2025-01-01,LINH,0.00000000,0.00000000,0.0000,0,0,0.0000,0.0000,0.0000,0.0000,no_obs,5.6
2025-01-01,LKHU,0.00000000,0.00000000,0.0000,0,0,0.0000,0.0000,0.0000,0.0000,no_obs,5.3
2025-01-01,LIAW,0.00000000,0.00000000,0.0000,0,0,0.0000,0.0000,0.0000,0.0000,no_obs,7.4
2025-01-01,LKTH,0.00000000,0.00000000,0.0000,0,0,0.0000,0.0000,0.0000,0.0000,no_obs,5.3
2025-01-01,LKTA,0.00000000,0.00000000,0.0000,0,0,0.0000,0.0000,0.0000,0.0000,no_obs,6.0
2025-01-01,LKYA,0.00000000,0.00000000,0.0000,0,0,0.0000,0.0000,0.0000,0.0000,no_obs,5.6
2025-01-01,LLIV,0.00000000,0.00000000,0.0000,0,0,0.0000,0.0000,0.0000,0.0000,no_obs,5.8
2025-01-01,LONA,0.00000000,0.00000000,0.0000,0,0,0.0000,0.0000,0.0000,0.0000,no_obs,5.9
2025-01-01,LONG,0.00000000,0.00000000,0.0000,0,0,0.0000,0.0000,0.0000,0.0000,no_obs,5.7
2025-01-01,LORD,0.00000000,0.00000000,0.0000,0,0,0.0000,0.0000,0.0000,0.0000,no_obs,5.4
2025-01-01,LCK4,26.91214569,80.95562039,64.1325,1,27,0.0000,-0.0026,0.0146,0.0148,ok,130.9
2025-01-01,LOV0,0.00000000,0.00000000,0.0000,0,0,0.0000,0.0000,0.0000,0.0000,no_obs,5.4
2025-01-01,LOYF,0.00000000,0.00000000,0.0000,0,0,0.0000,0.0000,0.0000,0.0000,no_obs,5.3
2025-01-01,LPAZ,0.00000000,0.00000000,0.0000,0,0,0.0000,0.0000,0.0000,0.0000,no_obs,5.3
2025-01-01,LPIL,0.00000000,0.00000000,0.0000,0,0,0.0000,0.0000,0.0000,0.0000,no_obs,5.4
2025-01-01,LPOC,0.00000000,0.00000000,0.0000,0,0,0.0000,0.0000,0.0000,0.0000,no_obs,5.4
2025-01-01,LPPZ,0.00000000,0.00000000,0.0000,0,0,0.0000,0.0000,0.0000,0.0000,no_obs,5.3
2025-01-01,LURA,0.00000000,0.00000000,0.0000,0,0,0.0000,0.0000,0.0000,0.0000,no_obs,5.4
2025-01-01,LURI,0.00000000,0.00000000,0.0000,0,0,0.0000,0.0000,0.0000,0.0000,no_obs,5.3
2025-01-01,LWTG,0.00000000,0.00000000,0.0000,0,0,0.0000,0.0000,0.0000,0.0000,no_obs,5.4
2025-01-01,MA02,0.00000000,0.00000000,0.0000,0,0,0.0000,0.0000,0.0000,0.0000,no_obs,5.4
2025-01-01,MAC1,0.00000000,0.00000000,0.0000,0,0,0.0000,0.0000,0.0000,0.0000,no_obs,6.0
2025-01-01,LAUT,-17.60880800,177.44658299,89.6583,1,23,-0.0010,0.0065,-0.0082,0.0105,ok,188.1
2025-01-01,MAG0,0.00000000,0.00000000,0.0000,0,0,0.0000,0.0000,0.0000,0.0000,no_obs,5.9
2025-01-01,MAHO,0.00000000,0.00000000,0.0000,0,0,0.0000,0.0000,0.0000,0.0000,no_obs,6.0
2025-01-01,MAIN,0.00000000,0.00000000,0.0000,0,0,0.0000,0.0000,0.0000,0.0000,no_obs,5.9
2025-01-01,LEIJ,51.35398305,12.37410376,178.3942,1,24,0.0024,0.0057,-0.0012,0.0063,ok,231.8
2025-01-01,LROC,46.15894525,-1.21931192,57.8349,1,22,0.0029,0.0066,-0.0128,0.0147,ok,139.9
2025-01-01,MAL1,0.00000000,0.00000000,0.0000,0,0,0.0000,0.0000,0.0000,0.0000,no_obs,6.0
2025-01-01,MALA,0.00000000,0.00000000,0.0000,0,0,0.0000,0.0000,0.0000,0.0000,no_obs,6.0
2025-01-01,LMMF,14.59481849,-60.99617501,-27.1213,1,23,0.0026,-0.0047,0.0023,0.0058,ok,165.1
2025-01-01,MALI,0.00000000,0.00000000,0.0000,0,0,0.0000,0.0000,0.0000,0.0000,no_obs,6.9
2025-01-01,MALD,0.00000000,0.00000000,0.0000,0,0,0.0000,0.0000,0.0000,0.0000,no_obs,7.9
2025-01-01,LPAL,28.76387461,-17.89382482,2199.1807,1,24,0.0068,0.0056,-0.0119,0.0148,ok,165.4
2025-01-01,MANA,0.00000000,0.00000000,0.0000,0,0,0.0000,0.0000,0.0000,0.0000,no_obs,6.1
2025-01-01,MAPA,0.00000000,0.00000000,0.0000,0,0,0.0000,0.0000,0.0000,0.0000,no_obs,5.9
2025-01-01,LPGS,-34.90674327,-57.93230032,29.8651,1,21,-0.0082,-0.0215,-0.0061,0.0238,ok,179.7
2025-01-01,MARA,0.00000000,0.00000000,0.0000,0,0,0.0000,0.0000,0.0000,0.0000,no_obs,6.0
2025-01-01,M0SE,41.89311648,12.49326353,120.5544,1,23,0.0031,0.0066,-0.0160,0.0176,ok,175.9
2025-01-01,MADR,40.42916493,-4.24965454,829.4148,1,25,0.0013,0.0060,-0.0196,0.0205,ok,168.3
2025-01-01,MAST,0.00000000,0.00000000,0.0000,0,0,0.0000,0.0000,0.0000,0.0000,no_obs,5.9
2025-01-01,MAJU,7.11915303,171.36451041,33.6898,1,25,0.0027,-0.0029,-0.0034,0.0052,ok,189.0
2025-01-01,MALL,39.55262957,2.62455919,62.0192,1,21,0.0008,0.0078,-0.0221,0.0235,ok,156.4
2025-01-01,MARS,43.27877272,5.35379231,61.7519,1,21,0.0028,0.0028,-0.0300,0.0302,ok,138.3
2025-01-01,MATZ,0.00000000,0.00000000,0.0000,0,0,0.0000,0.0000,0.0000,0.0000,no_obs,5.8
2025-01-01,MAUA,0.00000000,0.00000000,0.0000,0,0,0.0000,0.0000,0.0000,0.0000,no_obs,6.7
2025-01-01,MAS1,27.76374448,-15.63327230,197.1140,1,28,0.0048,0.0054,-0.0160,0.0175,ok,148.0
2025-01-01,MAUI,0.00000000,0.00000000,0.0000,0,0,0.0000,0.0000,0.0000,0.0000,no_obs,6.7
2025-01-01,MAW1,0.00000000,0.00000000,0.0000,0,0,0.0000,0.0000,0.0000,0.0000,no_obs,6.8
2025-01-01,MAYG,0.00000000,0.00000000,0.0000,0,0,0.0000,0.0000,0.0000,0.0000,no_obs,5.4
2025-01-01,MAZO,0.00000000,0.00000000,0.0000,0,0,0.0000,0.0000,0.0000,0.0000,no_obs,5.3
2025-01-01,MAR6,60.59514643,17.25853311,75.5834,1,21,0.0089,0.0038,-0.0194,0.0217,ok,183.7
2025-01-01,MCD5,0.00000000,0.00000000,0.0000,0,0,0.0000,0.0000,0.0000,0.0000,no_obs,5.3
2025-01-01,MCD6,0.00000000,0.00000000,0.0000,0,0,0.0000,0.0000,0.0000,0.0000,no_obs,5.4
2025-01-01,MAL2,-2.99605234,40.19414755,-20.9161,1,26,0.0044,0.0050,-0.0008,0.0067,ok,217.4
2025-01-01,MCHN,0.00000000,0.00000000,0.0000,0,0,0.0000,0.0000,0.0000,0.0000,no_obs,5.9
2025-01-01,MAR7,60.59505754,17.25845136,74.4632,1,21,0.0079,0.0027,-0.0138,0.0161,ok,197.6
2025-01-01,MCIL,0.00000000,0.00000000,0.0000,0,0,0.0000,0.0000,0.0000,0.0000,no_obs,6.0
2025-01-01,MAT1,40.64906550,16.70455183,534.5083,1,17,0.0029,0.0057,-0.0187,0.0198,ok,165.8
2025-01-01,MDVJ,0.00000000,0.00000000,0.0000,0,0,0.0000,0.0000,0.0000,0.0000,no_obs,5.3
2025-01-01,MDVO,0.00000000,0.00000000,0.0000,0,0,0.0000,0.0000,0.0000,0.0000,no_obs,5.4
2025-01-01,MEDO,0.00000000,0.00000000,0.0000,0,0,0.0000,0.0000,0.0000,0.0000,no_obs,5.3
2025-01-01,MATE,40.64913511,16.70446500,535.6403,1,20,0.0022,0.0033,-0.0138,0.0143,ok,158.1
2025-01-01,MEMA,0.00000000,0.00000000,0.0000,0,0,0.0000,0.0000,0.0000,0.0000,no_obs,6.6
2025-01-01,MATG,40.64902341,16.70464994,535.6971,1,20,0.0030,0.0045,-0.0178,0.0186,ok,124.2
2025-01-01,MELI,35.28119144,-2.95164874,88.7954,1,21,-0.0039,0.0066,-0.0109,0.0134,ok,102.7
2025-01-01,MEDI,44.51996047,11.64682047,49.9689,1,17,0.0003,0.0006,-0.0202,0.0202,ok,117.3
2025-01-01,METS,0.00000000,0.00000000,0.0000,0,0,0.0000,0.0000,0.0000,0.0000,no_obs,5.9
2025-01-01,METZ,0.00000000,0.00000000,0.0000,0,0,0.0000,0.0000,0.0000,0.0000,no_obs,5.8
2025-01-01,MFKG,0.00000000,0.00000000,0.0000,0,0,0.0000,0.0000,0.0000,0.0000,no_obs,6.2
2025-01-01,MGBH,0.00000000,0.00000000,0.0000,0,0,0.0000,0.0000,0.0000,0.0000,no_obs,6.0
2025-01-01,MGIN,0.00000000,0.00000000,0.0000,0,0,0.0000,0.0000,0.0000,0.0000,no_obs,6.0
2025-01-01,MGMC,0.00000000,0.00000000,0.0000,0,0,0.0000,0.0000,0.0000,0.0000,no_obs,6.0
2025-01-01,MGUB,0.00000000,0.00000000,0.0000,0,0,0.0000,0.0000,0.0000,0.0000,no_obs,5.9
2025-01-01,MERS,36.56639139,34.25585529,38.4481,1,21,0.0018,-0.0075,-0.0181,0.0196,ok,144.8
2025-01-01,MIA3,0.00000000,0.00000000,0.0000,0,0,0.0000,0.0000,0.0000,0.0000,no_obs,5.8
2025-01-01,MCM4,-77.83835147,166.66933658,97.9329,1,31,-0.0081,-0.0012,-0.0446,0.0453,ok,205.0
2025-01-01,MIBX,0.00000000,0.00000000,0.0000,0,0,0.0000,0.0000,0.0000,0.0000,no_obs,6.1
2025-01-01,MDO1,30.68051017,-104.01499569,2004.4792,1,23,0.0043,-0.0026,0.0008,0.0051,ok,207.4
2025-01-01,MIG1,0.00000000,0.00000000,0.0000,0,0,0.0000,0.0000,0.0000,0.0000,no_obs,5.6
2025-01-01,MBAR,-0.60146613,30.73788029,1337.5152,1,26,0.0046,0.0003,-0.0137,0.0144,ok,228.8
2025-01-01,MCHL,-26.35889939,148.14496307,534.5972,1,25,-0.0047,-0.0073,-0.0060,0.0106,ok,221.1
2025-01-01,MIMQ,0.00000000,0.00000000,0.0000,0,0,0.0000,0.0000,0.0000,0.0000,no_obs,5.9
2025-01-01,MIMZ,0.00000000,0.00000000,0.0000,0,0,0.0000,0.0000,0.0000,0.0000,no_obs,5.6
2025-01-01,MNBE,0.00000000,0.00000000,0.0000,0,0,0.0000,0.0000,0.0000,0.0000,no_obs,6.7
2025-01-01,MKTG,0.00000000,0.00000000,0.0000,0,0,0.0000,0.0000,0.0000,0.0000,no_obs,7.1
2025-01-01,MNCA,0.00000000,0.00000000,0.0000,0,0,0.0000,0.0000,0.0000,0.0000,no_obs,5.7
2025-01-01,MNRT,0.00000000,0.00000000,0.0000,0,0,0.0000,0.0000,0.0000,0.0000,no_obs,5.7
2025-01-01,MNTF,0.00000000,0.00000000,0.0000,0,0,0.0000,0.0000,0.0000,0.0000,no_obs,5.8
2025-01-01,MOB1,0.00000000,0.00000000,0.0000,0,0,0.0000,0.0000,0.0000,0.0000,no_obs,5.6
2025-01-01,MOBJ,0.00000000,0.00000000,0.0000,0,0,0.0000,0.0000,0.0000,0.0000,no_obs,5.8
2025-01-01,MOBK,0.00000000,0.00000000,0.0000,0,0,0.0000,0.0000,0.0000,0.0000,no_obs,5.8
2025-01-01,MOBN,0.00000000,0.00000000,0.0000,0,0,0.0000,0.0000,0.0000,0.0000,no_obs,6.2
2025-01-01,MOIU,0.00000000,0.00000000,0.0000,0,0,0.0000,0.0000,0.0000,0.0000,no_obs,5.5
2025-01-01,MONE,0.00000000,0.00000000,0.0000,0,0,0.0000,0.0000,0.0000,0.0000,no_obs,5.8
2025-01-01,MONG,0.00000000,0.00000000,0.0000,0,0,0.0000,0.0000,0.0000,0.0000,no_obs,5.9
2025-01-01,MONP,0.00000000,0.00000000,0.0000,0,0,0.0000,0.0000,0.0000,0.0000,no_obs,6.1
2025-01-01,MORP,0.00000000,0.00000000,0.0000,0,0,0.0000,0.0000,0.0000,0.0000,no_obs,5.9
2025-01-01,MOS0,0.00000000,0.00000000,0.0000,0,0,0.0000,0.0000,0.0000,0.0000,no_obs,5.8
2025-01-01,MOWR,0.00000000,0.00000000,0.0000,0,0,0.0000,0.0000,0.0000,0.0000,no_obs,5.8
2025-01-01,MPL2,0.00000000,0.00000000,0.0000,0,0,0.0000,0.0000,0.0000,0.0000,no_obs,5.9
2025-01-01,MPLA,0.00000000,0.00000000,0.0000,0,0,0.0000,0.0000,0.0000,0.0000,no_obs,5.9
2025-01-01,MET3,60.21745709,24.39450405,79.2197,1,25,0.0075,-0.0011,-0.0075,0.0107,ok,221.4
2025-01-01,MQZG,0.00000000,0.00000000,0.0000,0,0,0.0000,0.0000,0.0000,0.0000,no_obs,5.9
2025-01-01,MRL1,0.00000000,0.00000000,0.0000,0,0,0.0000,0.0000,0.0000,0.0000,no_obs,5.4
2025-01-01,MGUE,-35.77734933,-69.39792889,1553.7115,1,28,-0.0112,-0.4390,-0.0176,0.4395,ok,161.4
2025-01-01,MRTG,0.00000000,0.00000000,0.0000,0,0,0.0000,0.0000,0.0000,0.0000,no_obs,6.1
2025-01-01,MSCG,0.00000000,0.00000000,0.0000,0,0,0.0000,0.0000,0.0000,0.0000,no_obs,6.0
2025-01-01,MSOL,0.00000000,0.00000000,0.0000,0,0,0.0000,0.0000,0.0000,0.0000,no_obs,6.0
2025-01-01,MTBG,0.00000000,0.00000000,0.0000,0,0,0.0000,0.0000,0.0000,0.0000,no_obs,6.2
2025-01-01,METG,60.24196837,24.38417941,59.7057,1,25,0.0079,0.0005,-0.0113,0.0138,ok,239.8
2025-01-01,MIKL,46.97278679,31.97284682,93.9136,1,18,-0.0001,0.0073,-0.0168,0.0183,ok,152.0
2025-01-01,MTCO,0.00000000,0.00000000,0.0000,0,0,0.0000,0.0000,0.0000,0.0000,no_obs,5.8
2025-01-01,MTCV,0.00000000,0.00000000,0.0000,0,0,0.0000,0.0000,0.0000,0.0000,no_obs,8.3
2025-01-01,MTEM,0.00000000,0.00000000,0.0000,0,0,0.0000,0.0000,0.0000,0.0000,no_obs,7.5
2025-01-01,MTDN,0.00000000,0.00000000,0.0000,0,0,0.0000,0.0000,0.0000,0.0000,no_obs,9.1
2025-01-01,MTFV,0.00000000,0.00000000,0.0000,0,0,0.0000,0.0000,0.0000,0.0000,no_obs,5.7
2025-01-01,MTJO,0.00000000,0.00000000,0.0000,0,0,0.0000,0.0000,0.0000,0.0000,no_obs,5.7
2025-01-01,MTKA,0.00000000,0.00000000,0.0000,0,0,0.0000,0.0000,0.0000,0.0000,no_obs,5.3
2025-01-01,MTMA,0.00000000,0.00000000,0.0000,0,0,0.0000,0.0000,0.0000,0.0000,no_obs,5.7
2025-01-01,MTSR,0.00000000,0.00000000,0.0000,0,0,0.0000,0.0000,0.0000,0.0000,no_obs,5.6
2025-01-01,MTV2,0.00000000,0.00000000,0.0000,0,0,0.0000,0.0000,0.0000,0.0000,no_obs,6.4
2025-01-01,MTVE,0.00000000,0.00000000,0.0000,0,0,0.0000,0.0000,0.0000,0.0000,no_obs,6.5
2025-01-01,MKEA,19.80136008,-155.45635211,3754.6425,1,27,-0.0033,0.0021,0.0022,0.0045,ok,172.6
2025-01-01,MTY2,0.00000000,0.00000000,0.0000,0,0,0.0000,0.0000,0.0000,0.0000,no_obs,7.0
2025-01-01,MULG,0.00000000,0.00000000,0.0000,0,0,0.0000,0.0000,0.0000,0.0000,no_obs,7.5
2025-01-01,MIZU,39.13515079,141.13287201,117.1325,1,21,-0.6650,1.5481,-0.0163,1.6849,ok,176.6
2025-01-01,MZAN,0.00000000,0.00000000,0.0000,0,0,0.0000,0.0000,0.0000,0.0000,no_obs,5.9
2025-01-01,NAMA,0.00000000,0.00000000,0.0000,0,0,0.0000,0.0000,0.0000,0.0000,no_obs,5.6
2025-01-01,NAPL,0.00000000,0.00000000,0.0000,0,0,0.0000,0.0000,0.0000,0.0000,no_obs,10.8
2025-01-01,NAS0,0.00000000,0.00000000,0.0000,0,0,0.0000,0.0000,0.0000,0.0000,no_obs,10.7
2025-01-01,NBRK,0.00000000,0.00000000,0.0000,0,0,0.0000,0.0000,0.0000,0.0000,no_obs,17.2
2025-01-01,NBTG,0.00000000,0.00000000,0.0000,0,0,0.0000,0.0000,0.0000,0.0000,no_obs,20.1
2025-01-01,NCBE,0.00000000,0.00000000,0.0000,0,0,0.0000,0.0000,0.0000,0.0000,no_obs,10.5
2025-01-01,NCKN,0.00000000,0.00000000,0.0000,0,0,0.0000,0.0000,0.0000,0.0000,no_obs,8.6
2025-01-01,NCKU,0.00000000,0.00000000,0.0000,0,0,0.0000,0.0000,0.0000,0.0000,no_obs,6.6
2025-01-01,NCLF,0.00000000,0.00000000,0.0000,0,0,0.0000,0.0000,0.0000,0.0000,no_obs,6.0
2025-01-01,NCSH,0.00000000,0.00000000,0.0000,0,0,0.0000,0.0000,0.0000,0.0000,no_obs,5.5
2025-01-01,NDMB,0.00000000,0.00000000,0.0000,0,0,0.0000,0.0000,0.0000,0.0000,no_obs,5.4
2025-01-01,NEAH,0.00000000,0.00000000,0.0000,0,0,0.0000,0.0000,0.0000,0.0000,no_obs,5.9
2025-01-01,NEBO,0.00000000,0.00000000,0.0000,0,0,0.0000,0.0000,0.0000,0.0000,no_obs,6.2
2025-01-01,NEIA,0.00000000,0.00000000,0.0000,0,0,0.0000,0.0000,0.0000,0.0000,no_obs,7.2
2025-01-01,NESA,0.00000000,0.00000000,0.0000,0,0,0.0000,0.0000,0.0000,0.0000,no_obs,6.2
2025-01-01,MOBS,-37.82940058,144.97534211,40.5753,1,27,-0.0033,-0.0065,0.0020,0.0076,ok,214.4
2025-01-01,NETT,0.00000000,0.00000000,0.0000,0,0,0.0000,0.0000,0.0000,0.0000,no_obs,5.7
2025-01-01,NEWL,0.00000000,0.00000000,0.0000,0,0,0.0000,0.0000,0.0000,0.0000,no_obs,6.1
2025-01-01,NHIL,0.00000000,0.00000000,0.0000,0,0,0.0000,0.0000,0.0000,0.0000,no_obs,6.0
2025-01-01,NICA,0.00000000,0.00000000,0.0000,0,0,0.0000,0.0000,0.0000,0.0000,no_obs,5.8
2025-01-01,NICE,0.00000000,0.00000000,0.0000,0,0,0.0000,0.0000,0.0000,0.0000,no_obs,6.0
2025-01-01,NIEB,0.00000000,0.00000000,0.0000,0,0,0.0000,0.0000,0.0000,0.0000,no_obs,8.0
2025-01-01,NISU,0.00000000,0.00000000,0.0000,0,0,0.0000,0.0000,0.0000,0.0000,no_obs,7.1
2025-01-01,MRC1,38.49909992,-77.37065086,27.1861,1,21,0.0064,-0.0057,-0.0108,0.0137,ok,192.9
2025-01-01,MRO1,-26.69663206,116.63749585,354.0700,1,26,0.0003,-0.0013,0.0033,0.0035,ok,193.2
2025-01-01,NANO,49.29480900,-124.08648126,6.5981,1,25,-0.0029,0.0041,-0.0016,0.0052,ok,174.1
2025-01-01,NMGR,0.00000000,0.00000000,0.0000,0,0,0.0000,0.0000,0.0000,0.0000,no_obs,6.9
2025-01-01,NICO,35.14098921,33.39645018,189.9980,1,21,0.0016,0.0061,-0.0178,0.0189,ok,112.6
2025-01-01,NMTN,0.00000000,0.00000000,0.0000,0,0,0.0000,0.0000,0.0000,0.0000,no_obs,6.5
2025-01-01,NOR1,0.00000000,0.00000000,0.0000,0,0,0.0000,0.0000,0.0000,0.0000,no_obs,6.1
2025-01-01,NORF,0.00000000,0.00000000,0.0000,0,0,0.0000,0.0000,0.0000,0.0000,no_obs,6.0
2025-01-01,NORS,0.00000000,0.00000000,0.0000,0,0,0.0000,0.0000,0.0000,0.0000,no_obs,5.9
2025-01-01,NAUS,-3.02291689,-60.05501736,93.9162,1,26,0.0095,0.0017,0.0150,0.0178,ok,224.8
2025-01-01,NOTO,0.00000000,0.00000000,0.0000,0,0,0.0000,0.0000,0.0000,0.0000,no_obs,5.8
2025-01-01,NOUM,0.00000000,0.00000000,0.0000,0,0,0.0000,0.0000,0.0000,0.0000,no_obs,6.9
2025-01-01,NAUR,-0.55172550,166.92553865,46.2317,1,27,0.0047,-0.0001,-0.0112,0.0121,ok,238.9
2025-01-01,NOVJ,0.00000000,0.00000000,0.0000,0,0,0.0000,0.0000,0.0000,0.0000,no_obs,5.9
2025-01-01,NOVM,0.00000000,0.00000000,0.0000,0,0,0.0000,0.0000,0.0000,0.0000,no_obs,5.7
2025-01-01,NLIB,41.77159080,-91.57489911,206.9768,1,18,0.0011,-0.0042,-0.0011,0.0045,ok,135.3
2025-01-01,NPLD,0.00000000,0.00000000,0.0000,0,0,0.0000,0.0000,0.0000,0.0000,no_obs,5.5
2025-01-01,NPLY,0.00000000,0.00000000,0.0000,0,0,0.0000,0.0000,0.0000,0.0000,no_obs,5.5
2025-01-01,NRIL,0.00000000,0.00000000,0.0000,0,0,0.0000,0.0000,0.0000,0.0000,no_obs,6.4
2025-01-01,NRL1,0.00000000,0.00000000,0.0000,0,0,0.0000,0.0000,0.0000,0.0000,no_obs,6.5
2025-01-01,NRMD,0.00000000,0.00000000,0.0000,0,0,0.0000,0.0000,0.0000,0.0000,no_obs,5.4
2025-01-01,NIST,39.99506624,-105.26260753,1648.3477,1,19,0.0034,-0.0007,0.0006,0.0035,ok,196.0
2025-01-01,NSSP,0.00000000,0.00000000,0.0000,0,0,0.0000,0.0000,0.0000,0.0000,no_obs,11.6
2025-01-01,NSSS,0.00000000,0.00000000,0.0000,0,0,0.0000,0.0000,0.0000,0.0000,no_obs,5.5
2025-01-01,NSTA,0.00000000,0.00000000,0.0000,0,0,0.0000,0.0000,0.0000,0.0000,no_obs,5.5
2025-01-01,NTJN,0.00000000,0.00000000,0.0000,0,0,0.0000,0.0000,0.0000,0.0000,no_obs,5.4
2025-01-01,NTUS,0.00000000,0.00000000,0.0000,0,0,0.0000,0.0000,0.0000,0.0000,no_obs,5.5
2025-01-01,NURK,0.00000000,0.00000000,0.0000,0,0,0.0000,0.0000,0.0000,0.0000,no_obs,5.4
2025-01-01,NYA1,0.00000000,0.00000000,0.0000,0,0,0.0000,0.0000,0.0000,0.0000,no_obs,5.5
2025-01-01,NIUM,-19.07652170,-169.92707693,89.7042,1,25,0.0084,-0.0178,0.0030,0.0199,ok,210.6
2025-01-01,NYAL,0.00000000,0.00000000,0.0000,0,0,0.0000,0.0000,0.0000,0.0000,no_obs,8.4
2025-01-01,NYB0,0.00000000,0.00000000,0.0000,0,0,0.0000,0.0000,0.0000,0.0000,no_obs,6.3
2025-01-01,NYBP,0.00000000,0.00000000,0.0000,0,0,0.0000,0.0000,0.0000,0.0000,no_obs,6.2
2025-01-01,NYBR,0.00000000,0.00000000,0.0000,0,0,0.0000,0.0000,0.0000,0.0000,no_obs,6.6
2025-01-01,NYLP,0.00000000,0.00000000,0.0000,0,0,0.0000,0.0000,0.0000,0.0000,no_obs,6.4
2025-01-01,NOT1,36.87584790,14.98979214,126.3028,1,18,-0.0019,0.0065,-0.0178,0.0190,ok,137.6
2025-01-01,NYQN,0.00000000,0.00000000,0.0000,0,0,0.0000,0.0000,0.0000,0.0000,no_obs,6.9
2025-01-01,NKLG,0.35390997,9.67212898,31.5025,1,27,0.0048,0.0038,0.0022,0.0065,ok,241.6
2025-01-01,OAFA,0.00000000,0.00000000,0.0000,0,0,0.0000,0.0000,0.0000,0.0000,no_obs,7.7
2025-01-01,OAK2,0.00000000,0.00000000,0.0000,0,0,0.0000,0.0000,0.0000,0.0000,no_obs,7.5
2025-01-01,OAT2,0.00000000,0.00000000,0.0000,0,0,0.0000,0.0000,0.0000,0.0000,no_obs,7.4
2025-01-01,OBE2,0.00000000,0.00000000,0.0000,0,0,0.0000,0.0000,0.0000,0.0000,no_obs,6.8
2025-01-01,OHI2,0.00000000,0.00000000,0.0000,0,0,0.0000,0.0000,0.0000,0.0000,no_obs,7.2
2025-01-01,OHIG,0.00000000,0.00000000,0.0000,0,0,0.0000,0.0000,0.0000,0.0000,no_obs,7.4
2025-01-01,OKC0,0.00000000,0.00000000,0.0000,0,0,0.0000,0.0000,0.0000,0.0000,no_obs,6.2
2025-01-01,NRC1,45.45416322,-75.62383208,82.5384,1,19,0.0102,0.0045,-0.0051,0.0122,ok,131.3
2025-01-01,OKCB,0.00000000,0.00000000,0.0000,0,0,0.0000,0.0000,0.0000,0.0000,no_obs,6.8
2025-01-01,OLK2,0.00000000,0.00000000,0.0000,0,0,0.0000,0.0000,0.0000,0.0000,no_obs,5.9
2025-01-01,OLKI,0.00000000,0.00000000,0.0000,0,0,0.0000,0.0000,0.0000,0.0000,no_obs,5.8
2025-01-01,NNOR,-31.04872490,116.19272596,234.8013,1,23,-0.0061,-0.0068,-0.0060,0.0109,ok,207.5
2025-01-01,ONRJ,0.00000000,0.00000000,0.0000,0,0,0.0000,0.0000,0.0000,0.0000,no_obs,6.0
2025-01-01,OP71,0.00000000,0.00000000,0.0000,0,0,0.0000,0.0000,0.0000,0.0000,no_obs,6.0
2025-01-01,OPMT,0.00000000,0.00000000,0.0000,0,0,0.0000,0.0000,0.0000,0.0000,no_obs,7.2
2025-01-01,NVSK,54.84061089,83.23545253,123.0896,1,15,-0.0010,0.0035,0.0244,0.0247,ok,129.6
2025-01-01,OROS,0.00000000,0.00000000,0.0000,0,0,0.0000,0.0000,0.0000,0.0000,no_obs,12.9
2025-01-01,OSJE,0.00000000,0.00000000,0.0000,0,0,0.0000,0.0000,0.0000,0.0000,no_obs,8.2
2025-01-01,OSLS,0.00000000,0.00000000,0.0000,0,0,0.0000,0.0000,0.0000,0.0000,no_obs,8.2
2025-01-01,OSN1,0.00000000,0.00000000,0.0000,0,0,0.0000,0.0000,0.0000,0.0000,no_obs,6.4
2025-01-01,OSN4,0.00000000,0.00000000,0.0000,0,0,0.0000,0.0000,0.0000,0.0000,no_obs,6.2
2025-01-01,OSOR,0.00000000,0.00000000,0.0000,0,0,0.0000,0.0000,0.0000,0.0000,no_obs,6.2
2025-01-01,OTZ1,0.00000000,0.00000000,0.0000,0,0,0.0000,0.0000,0.0000,0.0000,no_obs,11.0
2025-01-01,OUAG,0.00000000,0.00000000,0.0000,0,0,0.0000,0.0000,0.0000,0.0000,no_obs,5.7
2025-01-01,NRMG,-22.22831869,166.48488851,160.3112,1,27,-0.0078,0.0081,-0.0232,0.0258,ok,238.6
2025-01-01,ONS1,57.39533616,11.92454700,44.5084,1,23,0.0100,0.0011,-0.0190,0.0215,ok,125.2
2025-01-01,OXPE,0.00000000,0.00000000,0.0000,0,0,0.0000,0.0000,0.0000,0.0000,no_obs,6.0
2025-01-01,ORID,41.12731366,20.79405600,772.9901,1,23,0.0002,0.0038,-0.0205,0.0209,ok,113.1
2025-01-01,P009,0.00000000,0.00000000,0.0000,0,0,0.0000,0.0000,0.0000,0.0000,no_obs,6.2
2025-01-01,P012,0.00000000,0.00000000,0.0000,0,0,0.0000,0.0000,0.0000,0.0000,no_obs,6.1
2025-01-01,P013,0.00000000,0.00000000,0.0000,0,0,0.0000,0.0000,0.0000,0.0000,no_obs,5.8
2025-01-01,NYA2,78.93033359,11.85864174,81.5357,1,29,0.0023,-0.0031,-0.0296,0.0299,ok,237.2
2025-01-01,P028,0.00000000,0.00000000,0.0000,0,0,0.0000,0.0000,0.0000,0.0000,no_obs,7.5
2025-01-01,P036,0.00000000,0.00000000,0.0000,0,0,0.0000,0.0000,0.0000,0.0000,no_obs,8.4
2025-01-01,P037,0.00000000,0.00000000,0.0000,0,0,0.0000,0.0000,0.0000,0.0000,no_obs,8.5
2025-01-01,OBE4,48.08480680,11.27786029,650.4846,1,23,0.0047,0.0047,-0.0121,0.0138,ok,192.7
2025-01-01,P043,0.00000000,0.00000000,0.0000,0,0,0.0000,0.0000,0.0000,0.0000,no_obs,10.8
2025-01-01,OHI3,-63.32109076,-57.90137981,32.6601,1,27,-0.0006,0.0032,0.0088,0.0094,ok,191.5
2025-01-01,P051,0.00000000,0.00000000,0.0000,0,0,0.0000,0.0000,0.0000,0.0000,no_obs,9.0
2025-01-01,P044,0.00000000,0.00000000,0.0000,0,0,0.0000,0.0000,0.0000,0.0000,no_obs,27.7
2025-01-01,P054,0.00000000,0.00000000,0.0000,0,0,0.0000,0.0000,0.0000,0.0000,no_obs,19.3
2025-01-01,P053,0.00000000,0.00000000,0.0000,0,0,0.0000,0.0000,0.0000,0.0000,no_obs,23.7
2025-01-01,P055,0.00000000,0.00000000,0.0000,0,0,0.0000,0.0000,0.0000,0.0000,no_obs,17.8
2025-01-01,P049,0.00000000,0.00000000,0.0000,0,0,0.0000,0.0000,0.0000,0.0000,no_obs,30.2
2025-01-01,P059,0.00000000,0.00000000,0.0000,0,0,0.0000,0.0000,0.0000,0.0000,no_obs,6.2
2025-01-01,P094,0.00000000,0.00000000,0.0000,0,0,0.0000,0.0000,0.0000,0.0000,no_obs,6.3
2025-01-01,P101,0.00000000,0.00000000,0.0000,0,0,0.0000,0.0000,0.0000,0.0000,no_obs,6.9
2025-01-01,P169,0.00000000,0.00000000,0.0000,0,0,0.0000,0.0000,0.0000,0.0000,no_obs,8.3
2025-01-01,P212,0.00000000,0.00000000,0.0000,0,0,0.0000,0.0000,0.0000,0.0000,no_obs,10.1
2025-01-01,ONSA,57.39530161,11.92552312,45.6107,1,24,0.0107,0.0020,-0.0169,0.0201,ok,193.7
2025-01-01,P394,0.00000000,0.00000000,0.0000,0,0,0.0000,0.0000,0.0000,0.0000,no_obs,7.8
2025-01-01,P231,0.00000000,0.00000000,0.0000,0,0,0.0000,0.0000,0.0000,0.0000,no_obs,22.4
2025-01-01,P224,0.00000000,0.00000000,0.0000,0,0,0.0000,0.0000,0.0000,0.0000,no_obs,32.6
2025-01-01,P435,0.00000000,0.00000000,0.0000,0,0,0.0000,0.0000,0.0000,0.0000,no_obs,9.3
2025-01-01,P367,0.00000000,0.00000000,0.0000,0,0,0.0000,0.0000,0.0000,0.0000,no_obs,30.1
2025-01-01,P401,0.00000000,0.00000000,0.0000,0,0,0.0000,0.0000,0.0000,0.0000,no_obs,23.1
2025-01-01,P432,0.00000000,0.00000000,0.0000,0,0,0.0000,0.0000,0.0000,0.0000,no_obs,21.7
2025-01-01,P213,0.00000000,0.00000000,0.0000,0,0,0.0000,0.0000,0.0000,0.0000,no_obs,37.8
2025-01-01,P475,0.00000000,0.00000000,0.0000,0,0,0.0000,0.0000,0.0000,0.0000,no_obs,6.4
2025-01-01,P706,0.00000000,0.00000000,0.0000,0,0,0.0000,0.0000,0.0000,0.0000,no_obs,6.7
2025-01-01,P731,0.00000000,0.00000000,0.0000,0,0,0.0000,0.0000,0.0000,0.0000,no_obs,6.3
2025-01-01,P777,0.00000000,0.00000000,0.0000,0,0,0.0000,0.0000,0.0000,0.0000,no_obs,6.3
2025-01-01,P804,0.00000000,0.00000000,0.0000,0,0,0.0000,0.0000,0.0000,0.0000,no_obs,6.1
2025-01-01,P815,0.00000000,0.00000000,0.0000,0,0,0.0000,0.0000,0.0000,0.0000,no_obs,5.9
2025-01-01,P816,0.00000000,0.00000000,0.0000,0,0,0.0000,0.0000,0.0000,0.0000,no_obs,5.7
2025-01-01,PADT,0.00000000,0.00000000,0.0000,0,0,0.0000,0.0000,0.0000,0.0000,no_obs,6.9
2025-01-01,PAIT,0.00000000,0.00000000,0.0000,0,0,0.0000,0.0000,0.0000,0.0000,no_obs,9.3
2025-01-01,PALA,0.00000000,0.00000000,0.0000,0,0,0.0000,0.0000,0.0000,0.0000,no_obs,14.1
2025-01-01,PALI,0.00000000,0.00000000,0.0000,0,0,0.0000,0.0000,0.0000,0.0000,no_obs,14.2
2025-01-01,PALM,0.00000000,0.00000000,0.0000,0,0,0.0000,0.0000,0.0000,0.0000,no_obs,16.1
2025-01-01,PAPH,0.00000000,0.00000000,0.0000,0,0,0.0000,0.0000,0.0000,0.0000,no_obs,11.6
2025-01-01,PAPE,0.00000000,0.00000000,0.0000,0,0,0.0000,0.0000,0.0000,0.0000,no_obs,16.7
2025-01-01,PARA,0.00000000,0.00000000,0.0000,0,0,0.0000,0.0000,0.0000,0.0000,no_obs,18.6
2025-01-01,PARK,0.00000000,0.00000000,0.0000,0,0,0.0000,0.0000,0.0000,0.0000,no_obs,16.4
2025-01-01,PARY,0.00000000,0.00000000,0.0000,0,0,0.0000,0.0000,0.0000,0.0000,no_obs,18.9
2025-01-01,PBIL,0.00000000,0.00000000,0.0000,0,0,0.0000,0.0000,0.0000,0.0000,no_obs,18.4
2025-01-01,PBR2,0.00000000,0.00000000,0.0000,0,0,0.0000,0.0000,0.0000,0.0000,no_obs,9.3
2025-01-01,PBRI,0.00000000,0.00000000,0.0000,0,0,0.0000,0.0000,0.0000,0.0000,no_obs,8.7
2025-01-01,PCLA,0.00000000,0.00000000,0.0000,0,0,0.0000,0.0000,0.0000,0.0000,no_obs,6.0
2025-01-01,PDEL,0.00000000,0.00000000,0.0000,0,0,0.0000,0.0000,0.0000,0.0000,no_obs,8.5
2025-01-01,PEPE,0.00000000,0.00000000,0.0000,0,0,0.0000,0.0000,0.0000,0.0000,no_obs,8.6
2025-01-01,PETP,0.00000000,0.00000000,0.0000,0,0,0.0000,0.0000,0.0000,0.0000,no_obs,7.0
2025-01-01,PETS,0.00000000,0.00000000,0.0000,0,0,0.0000,0.0000,0.0000,0.0000,no_obs,7.1
2025-01-01,PFRR,0.00000000,0.00000000,0.0000,0,0,0.0000,0.0000,0.0000,0.0000,no_obs,7.0
2025-01-01,PHLW,0.00000000,0.00000000,0.0000,0,0,0.0000,0.0000,0.0000,0.0000,no_obs,7.7
2025-01-01,OWMG,-44.02429133,-176.36880733,21.5871,1,24,-0.0020,0.0021,-0.0246,0.0247,ok,209.5
2025-01-01,OUS2,-45.86946905,170.51092416,26.0724,1,29,-0.0171,-0.0323,-0.0173,0.0405,ok,244.7
2025-01-01,PADO,45.41115669,11.89606741,64.6583,1,22,0.0034,0.0039,-0.0135,0.0145,ok,126.4
2025-01-01,PENC,47.78960576,19.28153487,291.7089,1,15,0.0041,0.0190,-0.0276,0.0337,ok,83.6
2025-01-01,PIN1,0.00000000,0.00000000,0.0000,0,0,0.0000,0.0000,0.0000,0.0000,no_obs,34.7
2025-01-01,PIN2,0.00000000,0.00000000,0.0000,0,0,0.0000,0.0000,0.0000,0.0000,no_obs,36.6
2025-01-01,PLBA,0.00000000,0.00000000,0.0000,0,0,0.0000,0.0000,0.0000,0.0000,no_obs,7.8
2025-01-01,PLO5,0.00000000,0.00000000,0.0000,0,0,0.0000,0.0000,0.0000,0.0000,no_obs,6.8
2025-01-01,PLO6,0.00000000,0.00000000,0.0000,0,0,0.0000,0.0000,0.0000,0.0000,no_obs,7.0
2025-01-01,PMTG,0.00000000,0.00000000,0.0000,0,0,0.0000,0.0000,0.0000,0.0000,no_obs,20.3
2025-01-01,PLTC,0.00000000,0.00000000,0.0000,0,0,0.0000,0.0000,0.0000,0.0000,no_obs,30.2
2025-01-01,PMTH,0.00000000,0.00000000,0.0000,0,0,0.0000,0.0000,0.0000,0.0000,no_obs,7.9
2025-01-01,PNGM,0.00000000,0.00000000,0.0000,0,0,0.0000,0.0000,0.0000,0.0000,no_obs,5.5
2025-01-01,PMTL,0.00000000,0.00000000,0.0000,0,0,0.0000,0.0000,0.0000,0.0000,no_obs,7.9
2025-01-01,PERT,-31.80195540,115.88525886,12.6789,1,22,-0.0067,-0.0072,0.0112,0.0149,ok,164.1
2025-01-01,PARC,-53.13695275,-70.87988076,22.2784,1,27,-0.0054,0.0032,-0.0038,0.0074,ok,230.8
2025-01-01,PICL,51.47980841,-90.16197937,315.2122,1,24,-0.0004,-0.0030,-0.0064,0.0071,ok,203.1
2025-01-01,POOL,0.00000000,0.00000000,0.0000,0,0,0.0000,0.0000,0.0000,0.0000,no_obs,7.1
2025-01-01,PGEN,6.06491135,125.13166106,121.0716,1,25,0.0026,-0.0008,-0.0074,0.0078,ok,224.6
2025-01-01,POLV,49.60261610,34.54293662,178.3468,1,19,-0.0003,-0.0006,-0.0069,0.0069,ok,70.5
2025-01-01,PIE1,34.30150476,-108.11893000,2347.7217,1,23,0.0043,-0.0027,-0.0011,0.0052,ok,224.7
2025-01-01,PPER,0.00000000,0.00000000,0.0000,0,0,0.0000,0.0000,0.0000,0.0000,no_obs,6.3
2025-01-01,PPTE,0.00000000,0.00000000,0.0000,0,0,0.0000,0.0000,0.0000,0.0000,no_obs,6.7
2025-01-01,PPTG,0.00000000,0.00000000,0.0000,0,0,0.0000,0.0000,0.0000,0.0000,no_obs,6.5
2025-01-01,PIMO,14.63572079,121.07772647,95.5308,1,22,0.0014,-0.0121,-0.0187,0.0223,ok,220.5
2025-01-01,PRAT,0.00000000,0.00000000,0.0000,0,0,0.0000,0.0000,0.0000,0.0000,no_obs,8.5
2025-01-01,PRE1,0.00000000,0.00000000,0.0000,0,0,0.0000,0.0000,0.0000,0.0000,no_obs,6.9
2025-01-01,PRE4,0.00000000,0.00000000,0.0000,0,0,0.0000,0.0000,0.0000,0.0000,no_obs,13.2
2025-01-01,PRIE,0.00000000,0.00000000,0.0000,0,0,0.0000,0.0000,0.0000,0.0000,no_obs,10.1
2025-01-01,PRMI,0.00000000,0.00000000,0.0000,0,0,0.0000,0.0000,0.0000,0.0000,no_obs,8.6
2025-01-01,PSAL,0.00000000,0.00000000,0.0000,0,0,0.0000,0.0000,0.0000,0.0000,no_obs,7.8
2025-01-01,PSU1,0.00000000,0.00000000,0.0000,0,0,0.0000,0.0000,0.0000,0.0000,no_obs,6.5
2025-01-01,PTAA,0.00000000,0.00000000,0.0000,0,0,0.0000,0.0000,0.0000,0.0000,no_obs,7.0
2025-01-01,POAL,-30.07403981,-51.11976546,76.7298,1,23,-0.0080,0.0052,-0.0095,0.0135,ok,194.0
2025-01-01,POHN,6.95994887,158.21010265,90.6430,1,24,0.0126,-0.0008,-0.0306,0.0331,ok,214.4
2025-01-01,POL2,42.67977086,74.69427173,1714.1945,1,23,0.0007,-0.0015,-0.0175,0.0176,ok,215.2
2025-01-01,PTHL,0.00000000,0.00000000,0.0000,0,0,0.0000,0.0000,0.0000,0.0000,no_obs,12.8
2025-01-01,PTKL,0.00000000,0.00000000,0.0000,0,0,0.0000,0.0000,0.0000,0.0000,no_obs,10.9
2025-01-01,PTLD,0.00000000,0.00000000,0.0000,0,0,0.0000,0.0000,0.0000,0.0000,no_obs,5.7
2025-01-01,PTRB,0.00000000,0.00000000,0.0000,0,0,0.0000,0.0000,0.0000,0.0000,no_obs,6.8
2025-01-01,PTSV,0.00000000,0.00000000,0.0000,0,0,0.0000,0.0000,0.0000,0.0000,no_obs,10.7
2025-01-01,PUR3,0.00000000,0.00000000,0.0000,0,0,0.0000,0.0000,0.0000,0.0000,no_obs,9.2
2025-01-01,PUR5,0.00000000,0.00000000,0.0000,0,0,0.0000,0.0000,0.0000,0.0000,no_obs,6.2
2025-01-01,PUR6,0.00000000,0.00000000,0.0000,0,0,0.0000,0.0000,0.0000,0.0000,no_obs,6.3
2025-01-01,PVE3,0.00000000,0.00000000,0.0000,0,0,0.0000,0.0000,0.0000,0.0000,no_obs,6.8
2025-01-01,PVEP,0.00000000,0.00000000,0.0000,0,0,0.0000,0.0000,0.0000,0.0000,no_obs,7.1
2025-01-01,POTS,52.37930007,13.06609703,144.4193,1,26,-0.0018,0.0058,-0.0093,0.0111,ok,209.9
2025-01-01,PVHS,0.00000000,0.00000000,0.0000,0,0,0.0000,0.0000,0.0000,0.0000,no_obs,5.7
2025-01-01,POVE,-8.70933391,-63.89632042,119.6028,1,25,0.0008,0.0029,0.0136,0.0140,ok,208.9
2025-01-01,PWEL,0.00000000,0.00000000,0.0000,0,0,0.0000,0.0000,0.0000,0.0000,no_obs,6.0
2025-01-01,PYGR,0.00000000,0.00000000,0.0000,0,0,0.0000,0.0000,0.0000,0.0000,no_obs,5.9
2025-01-01,PYRG,0.00000000,0.00000000,0.0000,0,0,0.0000,0.0000,0.0000,0.0000,no_obs,5.8
2025-01-01,QUAD,0.00000000,0.00000000,0.0000,0,0,0.0000,0.0000,0.0000,0.0000,no_obs,9.0
2025-01-01,PTBB,52.29619219,10.45975188,130.2433,1,21,0.0022,0.0014,-0.0001,0.0026,ok,148.4
2025-01-01,QUAR,0.00000000,0.00000000,0.0000,0,0,0.0000,0.0000,0.0000,0.0000,no_obs,12.8
2025-01-01,QUI2,0.00000000,0.00000000,0.0000,0,0,0.0000,0.0000,0.0000,0.0000,no_obs,13.9
2025-01-01,QUI3,0.00000000,0.00000000,0.0000,0,0,0.0000,0.0000,0.0000,0.0000,no_obs,10.2
2025-01-01,PRDS,50.87135052,-114.29350040,1247.7962,1,27,0.0755,0.0443,-0.1572,0.1799,ok,194.3
2025-01-01,RAMO,0.00000000,0.00000000,0.0000,0,0,0.0000,0.0000,0.0000,0.0000,no_obs,5.9
2025-01-01,RAT0,0.00000000,0.00000000,0.0000,0,0,0.0000,0.0000,0.0000,0.0000,no_obs,6.0
2025-01-01,RAUL,0.00000000,0.00000000,0.0000,0,0,0.0000,0.0000,0.0000,0.0000,no_obs,6.6
2025-01-01,RAVN,0.00000000,0.00000000,0.0000,0,0,0.0000,0.0000,0.0000,0.0000,no_obs,9.5
2025-01-01,RBAY,0.00000000,0.00000000,0.0000,0,0,0.0000,0.0000,0.0000,0.0000,no_obs,6.8
2025-01-01,PTAG,14.53544217,121.04076277,86.6584,1,24,0.0031,-0.0055,-0.0062,0.0089,ok,207.8
2025-01-01,RCA2,0.00000000,0.00000000,0.0000,0,0,0.0000,0.0000,0.0000,0.0000,no_obs,18.3
2025-01-01,RCM5,0.00000000,0.00000000,0.0000,0,0,0.0000,0.0000,0.0000,0.0000,no_obs,10.1
2025-01-01,RCMN,0.00000000,0.00000000,0.0000,0,0,0.0000,0.0000,0.0000,0.0000,no_obs,6.1
2025-01-01,RDON,0.00000000,0.00000000,0.0000,0,0,0.0000,0.0000,0.0000,0.0000,no_obs,7.0
2025-01-01,RDSD,0.00000000,0.00000000,0.0000,0,0,0.0000,0.0000,0.0000,0.0000,no_obs,12.5
2025-01-01,RECF,0.00000000,0.00000000,0.0000,0,0,0.0000,0.0000,0.0000,0.0000,no_obs,11.4
2025-01-01,RED5,0.00000000,0.00000000,0.0000,0,0,0.0000,0.0000,0.0000,0.0000,no_obs,9.3
2025-01-01,REDU,0.00000000,0.00000000,0.0000,0,0,0.0000,0.0000,0.0000,0.0000,no_obs,10.3
2025-01-01,REDM,0.00000000,0.00000000,0.0000,0,0,0.0000,0.0000,0.0000,0.0000,no_obs,20.0
2025-01-01,REUN,0.00000000,0.00000000,0.0000,0,0,0.0000,0.0000,0.0000,0.0000,no_obs,10.3
2025-01-01,REYK,0.00000000,0.00000000,0.0000,0,0,0.0000,0.0000,0.0000,0.0000,no_obs,10.3
2025-01-01,PTGG,14.53540260,121.04126308,84.8908,1,25,0.0002,-0.0092,-0.0119,0.0151,ok,238.6
2025-01-01,REYZ,0.00000000,0.00000000,0.0000,0,0,0.0000,0.0000,0.0000,0.0000,no_obs,12.4
2025-01-01,RAEG,36.98567677,-25.12636395,302.8993,1,22,0.0129,0.0077,0.0004,0.0150,ok,129.1
2025-01-01,RGDG,0.00000000,0.00000000,0.0000,0,0,0.0000,0.0000,0.0000,0.0000,no_obs,15.3
2025-01-01,REPL,0.00000000,0.00000000,0.0000,0,0,0.0000,0.0000,0.0000,0.0000,no_obs,45.3
2025-01-01,PTVL,-17.74943208,168.31501722,86.4229,1,26,0.0086,0.0033,0.0035,0.0099,ok,222.1
2025-01-01,RHPT,0.00000000,0.00000000,0.0000,0,0,0.0000,0.0000,0.0000,0.0000,no_obs,15.0
2025-01-01,RGTG,0.00000000,0.00000000,0.0000,0,0,0.0000,0.0000,0.0000,0.0000,no_obs,15.7
2025-01-01,RIOB,0.00000000,0.00000000,0.0000,0,0,0.0000,0.0000,0.0000,0.0000,no_obs,11.7
2025-01-01,RIOP,0.00000000,0.00000000,0.0000,0,0,0.0000,0.0000,0.0000,0.0000,no_obs,12.3
2025-01-01,RIOG,0.00000000,0.00000000,0.0000,0,0,0.0000,0.0000,0.0000,0.0000,no_obs,12.9
2025-01-01,RABT,33.99810687,-6.85428572,90.0692,1,25,0.0042,0.0071,-0.0180,0.0198,ok,160.2
2025-01-01,RKLD,0.00000000,0.00000000,0.0000,0,0,0.0000,0.0000,0.0000,0.0000,no_obs,6.2
2025-01-01,RMBO,0.00000000,0.00000000,0.0000,0,0,0.0000,0.0000,0.0000,0.0000,no_obs,5.9
2025-01-01,RNKN,0.00000000,0.00000000,0.0000,0,0,0.0000,0.0000,0.0000,0.0000,no_obs,5.9
2025-01-01,RNNA,0.00000000,0.00000000,0.0000,0,0,0.0000,0.0000,0.0000,0.0000,no_obs,5.8
2025-01-01,RNSP,0.00000000,0.00000000,0.0000,0,0,0.0000,0.0000,0.0000,0.0000,no_obs,5.4
2025-01-01,ROAP,0.00000000,0.00000000,0.0000,0,0,0.0000,0.0000,0.0000,0.0000,no_obs,5.9
2025-01-01,ROB4,0.00000000,0.00000000,0.0000,0,0,0.0000,0.0000,0.0000,0.0000,no_obs,5.9
2025-01-01,ROBI,0.00000000,0.00000000,0.0000,0,0,0.0000,0.0000,0.0000,0.0000,no_obs,6.5
2025-01-01,ROCD,0.00000000,0.00000000,0.0000,0,0,0.0000,0.0000,0.0000,0.0000,no_obs,6.0
2025-01-01,ROCH,0.00000000,0.00000000,0.0000,0,0,0.0000,0.0000,0.0000,0.0000,no_obs,5.9
2025-01-01,ROCK,0.00000000,0.00000000,0.0000,0,0,0.0000,0.0000,0.0000,0.0000,no_obs,5.8
2025-01-01,ROGM,0.00000000,0.00000000,0.0000,0,0,0.0000,0.0000,0.0000,0.0000,no_obs,6.1
2025-01-01,ROSA,0.00000000,0.00000000,0.0000,0,0,0.0000,0.0000,0.0000,0.0000,no_obs,5.6
2025-01-01,QAQ1,60.71526590,-46.04776890,110.5091,1,25,0.0041,0.0027,0.0037,0.0062,ok,212.1
2025-01-01,ROTG,0.00000000,0.00000000,0.0000,0,0,0.0000,0.0000,0.0000,0.0000,no_obs,9.7
2025-01-01,ROYA,0.00000000,0.00000000,0.0000,0,0,0.0000,0.0000,0.0000,0.0000,no_obs,6.5
2025-01-01,ROTH,0.00000000,0.00000000,0.0000,0,0,0.0000,0.0000,0.0000,0.0000,no_obs,10.6
2025-01-01,RSBY,0.00000000,0.00000000,0.0000,0,0,0.0000,0.0000,0.0000,0.0000,no_obs,12.5
2025-01-01,RWSN,0.00000000,0.00000000,0.0000,0,0,0.0000,0.0000,0.0000,0.0000,no_obs,12.1
2025-01-01,SABL,0.00000000,0.00000000,0.0000,0,0,0.0000,0.0000,0.0000,0.0000,no_obs,9.1
2025-01-01,SA45,0.00000000,0.00000000,0.0000,0,0,0.0000,0.0000,0.0000,0.0000,no_obs,12.1
2025-01-01,QUIN,39.97455340,-120.94443290,1105.7555,1,23,0.0034,0.0003,-0.0007,0.0035,ok,213.6
2025-01-01,SAGA,0.00000000,0.00000000,0.0000,0,0,0.0000,0.0000,0.0000,0.0000,no_obs,6.1
2025-01-01,SAGE,0.00000000,0.00000000,0.0000,0,0,0.0000,0.0000,0.0000,0.0000,no_obs,6.1
2025-01-01,SALV,0.00000000,0.00000000,0.0000,0,0,0.0000,0.0000,0.0000,0.0000,no_obs,6.2
2025-01-01,SAMA,0.00000000,0.00000000,0.0000,0,0,0.0000,0.0000,0.0000,0.0000,no_obs,6.1
2025-01-01,SAMP,0.00000000,0.00000000,0.0000,0,0,0.0000,0.0000,0.0000,0.0000,no_obs,10.2
2025-01-01,SAN0,0.00000000,0.00000000,0.0000,0,0,0.0000,0.0000,0.0000,0.0000,no_obs,9.7
2025-01-01,SANO,0.00000000,0.00000000,0.0000,0,0,0.0000,0.0000,0.0000,0.0000,no_obs,10.2
2025-01-01,SARI,0.00000000,0.00000000,0.0000,0,0,0.0000,0.0000,0.0000,0.0000,no_obs,6.1
2025-01-01,SARZ,0.00000000,0.00000000,0.0000,0,0,0.0000,0.0000,0.0000,0.0000,no_obs,6.4
2025-01-01,SASS,0.00000000,0.00000000,0.0000,0,0,0.0000,0.0000,0.0000,0.0000,no_obs,10.1
2025-01-01,ROAG,36.46335238,-6.20627332,83.1922,1,23,0.0013,0.0030,-0.0140,0.0144,ok,149.3
2025-01-01,SBCH,0.00000000,0.00000000,0.0000,0,0,0.0000,0.0000,0.0000,0.0000,no_obs,9.3
2025-01-01,RIGA,56.94862214,24.05878045,34.7443,1,13,0.0107,-0.0000,0.0040,0.0114,ok,187.6
2025-01-01,SBRB,0.00000000,0.00000000,0.0000,0,0,0.0000,0.0000,0.0000,0.0000,no_obs,9.9
2025-01-01,RIO2,-53.78546984,-67.75111717,32.0286,1,28,-0.0045,-0.0005,-0.0080,0.0092,ok,193.2
2025-01-01,SBOK,0.00000000,0.00000000,0.0000,0,0,0.0000,0.0000,0.0000,0.0000,no_obs,19.8
2025-01-01,SC02,0.00000000,0.00000000,0.0000,0,0,0.0000,0.0000,0.0000,0.0000,no_obs,12.9
2025-01-01,SCHA,0.00000000,0.00000000,0.0000,0,0,0.0000,0.0000,0.0000,0.0000,no_obs,7.3
2025-01-01,SCHY,0.00000000,0.00000000,0.0000,0,0,0.0000,0.0000,0.0000,0.0000,no_obs,6.3
2025-01-01,SCIL,0.00000000,0.00000000,0.0000,0,0,0.0000,0.0000,0.0000,0.0000,no_obs,6.8
2025-01-01,SCIP,0.00000000,0.00000000,0.0000,0,0,0.0000,0.0000,0.0000,0.0000,no_obs,14.4
2025-01-01,SALU,-2.59345654,-44.21247972,18.9715,1,21,0.0090,0.0121,0.0010,0.0151,ok,197.4
2025-01-01,SASK,52.19625355,-106.39835916,578.8750,1,28,-0.0031,0.0018,0.0027,0.0045,ok,184.9
2025-01-01,SAMO,-13.84920382,-171.73843205,76.7309,1,24,0.0158,0.0371,-0.1133,0.1203,ok,217.0
2025-01-01,SCOA,0.00000000,0.00000000,0.0000,0,0,0.0000,0.0000,0.0000,0.0000,no_obs,71.1
2025-01-01,SANT,-33.15028676,-70.66855461,723.1290,1,26,-0.0190,-0.1877,0.0099,0.1889,ok,214.7
2025-01-01,SAVO,-12.93924427,-38.43225575,76.3817,1,23,-0.0327,-0.1170,0.0692,0.1398,ok,195.6
2025-01-01,SCUB,0.00000000,0.00000000,0.0000,0,0,0.0000,0.0000,0.0000,0.0000,no_obs,13.3
2025-01-01,SDNY,0.00000000,0.00000000,0.0000,0,0,0.0000,0.0000,0.0000,0.0000,no_obs,20.3
2025-01-01,SEJN,0.00000000,0.00000000,0.0000,0,0,0.0000,0.0000,0.0000,0.0000,no_obs,24.4
2025-01-01,SELD,0.00000000,0.00000000,0.0000,0,0,0.0000,0.0000,0.0000,0.0000,no_obs,20.0
2025-01-01,SEAT,0.00000000,0.00000000,0.0000,0,0,0.0000,0.0000,0.0000,0.0000,no_obs,24.8
2025-01-01,SCOR,0.00000000,0.00000000,0.0000,0,0,0.0000,0.0000,0.0000,0.0000,no_obs,102.4
2025-01-01,SETE,0.00000000,0.00000000,0.0000,0,0,0.0000,0.0000,0.0000,0.0000,no_obs,20.4
2025-01-01,SEY1,0.00000000,0.00000000,0.0000,0,0,0.0000,0.0000,0.0000,0.0000,no_obs,20.4
2025-01-01,SEY2,0.00000000,0.00000000,0.0000,0,0,0.0000,0.0000,0.0000,0.0000,no_obs,20.4
2025-01-01,SCTB,0.00000000,0.00000000,0.0000,0,0,0.0000,0.0000,0.0000,0.0000,no_obs,74.7
2025-01-01,SELE,0.00000000,0.00000000,0.0000,0,0,0.0000,0.0000,0.0000,0.0000,no_obs,37.1
2025-01-01,SFDM,0.00000000,0.00000000,0.0000,0,0,0.0000,0.0000,0.0000,0.0000,no_obs,8.4
2025-01-01,SGOC,0.00000000,0.00000000,0.0000,0,0,0.0000,0.0000,0.0000,0.0000,no_obs,10.5
2025-01-01,SCH2,54.83209082,-66.83262154,498.4574,1,21,-0.0293,-0.0004,-0.0064,0.0300,ok,162.5
2025-01-01,SFER,0.00000000,0.00000000,0.0000,0,0,0.0000,0.0000,0.0000,0.0000,no_obs,61.6
2025-01-01,SEYG,0.00000000,0.00000000,0.0000,0,0,0.0000,0.0000,0.0000,0.0000,no_obs,71.4
2025-01-01,SHE2,0.00000000,0.00000000,0.0000,0,0,0.0000,0.0000,0.0000,0.0000,no_obs,64.6
2025-01-01,SHAO,0.00000000,0.00000000,0.0000,0,0,0.0000,0.0000,0.0000,0.0000,no_obs,64.7
2025-01-01,SHOE,0.00000000,0.00000000,0.0000,0,0,0.0000,0.0000,0.0000,0.0000,no_obs,60.9
2025-01-01,SIHS,0.00000000,0.00000000,0.0000,0,0,0.0000,0.0000,0.0000,0.0000,no_obs,53.8
2025-01-01,SCRZ,-17.79678961,-63.15967407,442.0494,1,19,0.0041,-0.0029,-0.0076,0.0091,ok,165.0
2025-01-01,SHK5,0.00000000,0.00000000,0.0000,0,0,0.0000,0.0000,0.0000,0.0000,no_obs,101.0
2025-01-01,SIO3,0.00000000,0.00000000,0.0000,0,0,0.0000,0.0000,0.0000,0.0000,no_obs,71.6
2025-01-01,SJDV,0.00000000,0.00000000,0.0000,0,0,0.0000,0.0000,0.0000,0.0000,no_obs,71.7
2025-01-01,SKN0,0.00000000,0.00000000,0.0000,0,0,0.0000,0.0000,0.0000,0.0000,no_obs,34.0
2025-01-01,SIO5,0.00000000,0.00000000,0.0000,0,0,0.0000,0.0000,0.0000,0.0000,no_obs,72.3
2025-01-01,SIN1,0.00000000,0.00000000,0.0000,0,0,0.0000,0.0000,0.0000,0.0000,no_obs,82.1
2025-01-01,SKE0,0.00000000,0.00000000,0.0000,0,0,0.0000,0.0000,0.0000,0.0000,no_obs,72.3
2025-01-01,SIMO,0.00000000,0.00000000,0.0000,0,0,0.0000,0.0000,0.0000,0.0000,no_obs,83.4
2025-01-01,SKL0,0.00000000,0.00000000,0.0000,0,0,0.0000,0.0000,0.0000,0.0000,no_obs,58.6
2025-01-01,SMAI,0.00000000,0.00000000,0.0000,0,0,0.0000,0.0000,0.0000,0.0000,no_obs,18.4
2025-01-01,SMID,0.00000000,0.00000000,0.0000,0,0,0.0000,0.0000,0.0000,0.0000,no_obs,18.5
2025-01-01,SMTG,0.00000000,0.00000000,0.0000,0,0,0.0000,0.0000,0.0000,0.0000,no_obs,17.6
2025-01-01,SLAC,0.00000000,0.00000000,0.0000,0,0,0.0000,0.0000,0.0000,0.0000,no_obs,20.0
2025-01-01,SMST,0.00000000,0.00000000,0.0000,0,0,0.0000,0.0000,0.0000,0.0000,no_obs,18.0
2025-01-01,SMRT,0.00000000,0.00000000,0.0000,0,0,0.0000,0.0000,0.0000,0.0000,no_obs,20.2
2025-01-01,SMAR,0.00000000,0.00000000,0.0000,0,0,0.0000,0.0000,0.0000,0.0000,no_obs,21.3
2025-01-01,SMO0,0.00000000,0.00000000,0.0000,0,0,0.0000,0.0000,0.0000,0.0000,no_obs,20.7
2025-01-01,SNI1,0.00000000,0.00000000,0.0000,0,0,0.0000,0.0000,0.0000,0.0000,no_obs,6.7
2025-01-01,SNLR,0.00000000,0.00000000,0.0000,0,0,0.0000,0.0000,0.0000,0.0000,no_obs,8.4
2025-01-01,SOL1,0.00000000,0.00000000,0.0000,0,0,0.0000,0.0000,0.0000,0.0000,no_obs,7.7
2025-01-01,SOLA,0.00000000,0.00000000,0.0000,0,0,0.0000,0.0000,0.0000,0.0000,no_obs,8.3
2025-01-01,SOPU,0.00000000,0.00000000,0.0000,0,0,0.0000,0.0000,0.0000,0.0000,no_obs,12.7
2025-01-01,SPAN,0.00000000,0.00000000,0.0000,0,0,0.0000,0.0000,0.0000,0.0000,no_obs,23.0
2025-01-01,SPBY,0.00000000,0.00000000,0.0000,0,0,0.0000,0.0000,0.0000,0.0000,no_obs,22.1
2025-01-01,SPED,0.00000000,0.00000000,0.0000,0,0,0.0000,0.0000,0.0000,0.0000,no_obs,22.1
2025-01-01,SPK1,0.00000000,0.00000000,0.0000,0,0,0.0000,0.0000,0.0000,0.0000,no_obs,20.8
2025-01-01,SPTG,0.00000000,0.00000000,0.0000,0,0,0.0000,0.0000,0.0000,0.0000,no_obs,17.1
2025-01-01,SPTU,0.00000000,0.00000000,0.0000,0,0,0.0000,0.0000,0.0000,0.0000,no_obs,16.5
2025-01-01,SPW2,0.00000000,0.00000000,0.0000,0,0,0.0000,0.0000,0.0000,0.0000,no_obs,17.2
2025-01-01,SRMP,0.00000000,0.00000000,0.0000,0,0,0.0000,0.0000,0.0000,0.0000,no_obs,17.5
2025-01-01,SOLO,0.00000000,0.00000000,0.0000,0,0,0.0000,0.0000,0.0000,0.0000,no_obs,92.0
2025-01-01,SSIA,0.00000000,0.00000000,0.0000,0,0,0.0000,0.0000,0.0000,0.0000,no_obs,52.4
2025-01-01,STAS,0.00000000,0.00000000,0.0000,0,0,0.0000,0.0000,0.0000,0.0000,no_obs,51.5
2025-01-01,SSHO,0.00000000,0.00000000,0.0000,0,0,0.0000,0.0000,0.0000,0.0000,no_obs,53.3
2025-01-01,STJ2,0.00000000,0.00000000,0.0000,0,0,0.0000,0.0000,0.0000,0.0000,no_obs,6.0
2025-01-01,STFU,0.00000000,0.00000000,0.0000,0,0,0.0000,0.0000,0.0000,0.0000,no_obs,11.0
2025-01-01,STJ3,0.00000000,0.00000000,0.0000,0,0,0.0000,0.0000,0.0000,0.0000,no_obs,27.0
2025-01-01,STNA,0.00000000,0.00000000,0.0000,0,0,0.0000,0.0000,0.0000,0.0000,no_obs,19.3
2025-01-01,STHL,0.00000000,0.00000000,0.0000,0,0,0.0000,0.0000,0.0000,0.0000,no_obs,46.5
2025-01-01,STDE,0.00000000,0.00000000,0.0000,0,0,0.0000,0.0000,0.0000,0.0000,no_obs,98.6
2025-01-01,STK2,0.00000000,0.00000000,0.0000,0,0,0.0000,0.0000,0.0000,0.0000,no_obs,62.1
2025-01-01,SOFI,42.55609673,23.39473845,1119.5197,1,20,-0.0003,0.0005,-0.0083,0.0084,ok,169.0
2025-01-01,STPM,0.00000000,0.00000000,0.0000,0,0,0.0000,0.0000,0.0000,0.0000,no_obs,27.5
2025-01-01,STR0,0.00000000,0.00000000,0.0000,0,0,0.0000,0.0000,0.0000,0.0000,no_obs,26.2
2025-01-01,STJO,0.00000000,0.00000000,0.0000,0,0,0.0000,0.0000,0.0000,0.0000,no_obs,97.1
2025-01-01,SULP,0.00000000,0.00000000,0.0000,0,0,0.0000,0.0000,0.0000,0.0000,no_obs,13.3
2025-01-01,SULD,0.00000000,0.00000000,0.0000,0,0,0.0000,0.0000,0.0000,0.0000,no_obs,62.1
2025-01-01,SUMK,0.00000000,0.00000000,0.0000,0,0,0.0000,0.0000,0.0000,0.0000,no_obs,20.3
2025-01-01,STVI,0.00000000,0.00000000,0.0000,0,0,0.0000,0.0000,0.0000,0.0000,no_obs,79.1
2025-01-01,STNY,0.00000000,0.00000000,0.0000,0,0,0.0000,0.0000,0.0000,0.0000,no_obs,106.8
2025-01-01,STR2,0.00000000,0.00000000,0.0000,0,0,0.0000,0.0000,0.0000,0.0000,no_obs,82.7
2025-01-01,SOD3,67.42078813,26.38929020,300.8997,1,25,0.0022,0.0021,-0.0164,0.0167,ok,252.8
2025-01-01,SPT0,57.71496136,12.89135509,220.0216,1,23,0.0097,0.0020,-0.0163,0.0190,ok,239.5
2025-01-01,SUNM,0.00000000,0.00000000,0.0000,0,0,0.0000,0.0000,0.0000,0.0000,no_obs,27.4
2025-01-01,SUP2,0.00000000,0.00000000,0.0000,0,0,0.0000,0.0000,0.0000,0.0000,no_obs,26.8
2025-01-01,SUTH,0.00000000,0.00000000,0.0000,0,0,0.0000,0.0000,0.0000,0.0000,no_obs,60.3
2025-01-01,SYDN,0.00000000,0.00000000,0.0000,0,0,0.0000,0.0000,0.0000,0.0000,no_obs,69.2
2025-01-01,SUWN,0.00000000,0.00000000,0.0000,0,0,0.0000,0.0000,0.0000,0.0000,no_obs,79.5
2025-01-01,SWAS,0.00000000,0.00000000,0.0000,0,0,0.0000,0.0000,0.0000,0.0000,no_obs,69.2
2025-01-01,SUTM,0.00000000,0.00000000,0.0000,0,0,0.0000,0.0000,0.0000,0.0000,no_obs,79.5
2025-01-01,SVIC,0.00000000,0.00000000,0.0000,0,0,0.0000,0.0000,0.0000,0.0000,no_obs,78.7
2025-01-01,SVTL,0.00000000,0.00000000,0.0000,0,0,0.0000,0.0000,0.0000,0.0000,no_obs,77.2
2025-01-01,TAIW,0.00000000,0.00000000,0.0000,0,0,0.0000,0.0000,0.0000,0.0000,no_obs,27.9
2025-01-01,TASH,0.00000000,0.00000000,0.0000,0,0,0.0000,0.0000,0.0000,0.0000,no_obs,27.9
2025-01-01,TAEJ,0.00000000,0.00000000,0.0000,0,0,0.0000,0.0000,0.0000,0.0000,no_obs,27.9
2025-01-01,TAMP,0.00000000,0.00000000,0.0000,0,0,0.0000,0.0000,0.0000,0.0000,no_obs,27.9
2025-01-01,TABL,0.00000000,0.00000000,0.0000,0,0,0.0000,0.0000,0.0000,0.0000,no_obs,27.9
2025-01-01,TAH1,0.00000000,0.00000000,0.0000,0,0,0.0000,0.0000,0.0000,0.0000,no_obs,27.9
2025-01-01,SYOG,0.00000000,0.00000000,0.0000,0,0,0.0000,0.0000,0.0000,0.0000,no_obs,47.1
2025-01-01,STR1,-35.31552342,149.01005644,799.9107,1,27,-0.0029,-0.0052,-0.0081,0.0101,ok,223.7
2025-01-01,TEJH,0.00000000,0.00000000,0.0000,0,0,0.0000,0.0000,0.0000,0.0000,no_obs,80.4
2025-01-01,TAUP,0.00000000,0.00000000,0.0000,0,0,0.0000,0.0000,0.0000,0.0000,no_obs,80.5
2025-01-01,TELA,0.00000000,0.00000000,0.0000,0,0,0.0000,0.0000,0.0000,0.0000,no_obs,49.2
2025-01-01,TBON,0.00000000,0.00000000,0.0000,0,0,0.0000,0.0000,0.0000,0.0000,no_obs,82.6
2025-01-01,TBOB,0.00000000,0.00000000,0.0000,0,0,0.0000,0.0000,0.0000,0.0000,no_obs,83.0
2025-01-01,TCMS,0.00000000,0.00000000,0.0000,0,0,0.0000,0.0000,0.0000,0.0000,no_obs,84.1
2025-01-01,TEHN,0.00000000,0.00000000,0.0000,0,0,0.0000,0.0000,0.0000,0.0000,no_obs,87.3
2025-01-01,TBTG,0.00000000,0.00000000,0.0000,0,0,0.0000,0.0000,0.0000,0.0000,no_obs,87.9
2025-01-01,TERS,0.00000000,0.00000000,0.0000,0,0,0.0000,0.0000,0.0000,0.0000,no_obs,11.6
2025-01-01,THEV,0.00000000,0.00000000,0.0000,0,0,0.0000,0.0000,0.0000,0.0000,no_obs,10.3
2025-01-01,TGDE,0.00000000,0.00000000,0.0000,0,0,0.0000,0.0000,0.0000,0.0000,no_obs,11.6
2025-01-01,TGBF,0.00000000,0.00000000,0.0000,0,0,0.0000,0.0000,0.0000,0.0000,no_obs,13.6
2025-01-01,THIO,0.00000000,0.00000000,0.0000,0,0,0.0000,0.0000,0.0000,0.0000,no_obs,10.7
2025-01-01,TFNO,0.00000000,0.00000000,0.0000,0,0,0.0000,0.0000,0.0000,0.0000,no_obs,14.5
2025-01-01,THU1,0.00000000,0.00000000,0.0000,0,0,0.0000,0.0000,0.0000,0.0000,no_obs,7.9
2025-01-01,TIAS,0.00000000,0.00000000,0.0000,0,0,0.0000,0.0000,0.0000,0.0000,no_obs,5.8
2025-01-01,TIBB,0.00000000,0.00000000,0.0000,0,0,0.0000,0.0000,0.0000,0.0000,no_obs,6.1
2025-01-01,THU3,0.00000000,0.00000000,0.0000,0,0,0.0000,0.0000,0.0000,0.0000,no_obs,6.8
2025-01-01,TIDB,0.00000000,0.00000000,0.0000,0,0,0.0000,0.0000,0.0000,0.0000,no_obs,8.6
2025-01-01,TIXI,0.00000000,0.00000000,0.0000,0,0,0.0000,0.0000,0.0000,0.0000,no_obs,7.8
2025-01-01,TITZ,0.00000000,0.00000000,0.0000,0,0,0.0000,0.0000,0.0000,0.0000,no_obs,7.9
2025-01-01,TKTO,0.00000000,0.00000000,0.0000,0,0,0.0000,0.0000,0.0000,0.0000,no_obs,5.9
2025-01-01,TLLG,0.00000000,0.00000000,0.0000,0,0,0.0000,0.0000,0.0000,0.0000,no_obs,5.9
2025-01-01,TLTG,0.00000000,0.00000000,0.0000,0,0,0.0000,0.0000,0.0000,0.0000,no_obs,6.0
2025-01-01,TMBO,0.00000000,0.00000000,0.0000,0,0,0.0000,0.0000,0.0000,0.0000,no_obs,5.7
2025-01-01,TMG2,0.00000000,0.00000000,0.0000,0,0,0.0000,0.0000,0.0000,0.0000,no_obs,6.4
2025-01-01,TN22,0.00000000,0.00000000,0.0000,0,0,0.0000,0.0000,0.0000,0.0000,no_obs,6.0
2025-01-01,TN23,0.00000000,0.00000000,0.0000,0,0,0.0000,0.0000,0.0000,0.0000,no_obs,6.1
2025-01-01,TN36,0.00000000,0.00000000,0.0000,0,0,0.0000,0.0000,0.0000,0.0000,no_obs,6.1
2025-01-01,TNML,0.00000000,0.00000000,0.0000,0,0,0.0000,0.0000,0.0000,0.0000,no_obs,6.4
2025-01-01,TOMP,0.00000000,0.00000000,0.0000,0,0,0.0000,0.0000,0.0000,0.0000,no_obs,6.3
2025-01-01,TONG,0.00000000,0.00000000,0.0000,0,0,0.0000,0.0000,0.0000,0.0000,no_obs,5.8
2025-01-01,TONO,0.00000000,0.00000000,0.0000,0,0,0.0000,0.0000,0.0000,0.0000,no_obs,6.4
2025-01-01,TOOW,0.00000000,0.00000000,0.0000,0,0,0.0000,0.0000,0.0000,0.0000,no_obs,15.0
2025-01-01,TOPL,0.00000000,0.00000000,0.0000,0,0,0.0000,0.0000,0.0000,0.0000,no_obs,13.5
2025-01-01,TORP,0.00000000,0.00000000,0.0000,0,0,0.0000,0.0000,0.0000,0.0000,no_obs,7.4
2025-01-01,TOUL,0.00000000,0.00000000,0.0000,0,0,0.0000,0.0000,0.0000,0.0000,no_obs,16.2
2025-01-01,THTI,-17.57705568,-149.60646094,98.0341,1,21,0.0029,0.0051,0.0267,0.0273,ok,169.6
2025-01-01,TPW2,0.00000000,0.00000000,0.0000,0,0,0.0000,0.0000,0.0000,0.0000,no_obs,10.3
2025-01-01,TRAB,0.00000000,0.00000000,0.0000,0,0,0.0000,0.0000,0.0000,0.0000,no_obs,19.7
2025-01-01,THTG,-17.57705630,-149.60644636,98.0141,1,21,0.0055,-0.0036,0.0157,0.0170,ok,202.3
2025-01-01,TLSG,43.54971442,1.48504465,208.7329,1,24,0.0022,0.0022,-0.0115,0.0119,ok,182.4
2025-01-01,TLSE,43.56069767,1.48089531,207.1708,1,23,0.0012,0.0032,-0.0105,0.0110,ok,197.8
2025-01-01,TRAK,0.00000000,0.00000000,0.0000,0,0,0.0000,0.0000,0.0000,0.0000,no_obs,20.3
2025-01-01,TID1,-35.39919467,148.98000217,665.2977,1,29,-0.0006,-0.0076,-0.0203,0.0217,ok,219.1
2025-01-01,TIT2,51.03523483,6.43158204,156.1026,1,26,0.0026,0.0022,-0.0066,0.0075,ok,216.1
2025-01-01,THU2,76.53704848,-68.82505421,36.2324,1,25,0.0071,-0.0039,-0.0055,0.0098,ok,225.2
2025-01-01,TROM,0.00000000,0.00000000,0.0000,0,0,0.0000,0.0000,0.0000,0.0000,no_obs,20.3
2025-01-01,TSEA,0.00000000,0.00000000,0.0000,0,0,0.0000,0.0000,0.0000,0.0000,no_obs,46.7
2025-01-01,TSK2,0.00000000,0.00000000,0.0000,0,0,0.0000,0.0000,0.0000,0.0000,no_obs,44.4
2025-01-01,TSKB,0.00000000,0.00000000,0.0000,0,0,0.0000,0.0000,0.0000,0.0000,no_obs,28.5
2025-01-01,TRDS,0.00000000,0.00000000,0.0000,0,0,0.0000,0.0000,0.0000,0.0000,no_obs,80.2
2025-01-01,TRIE,0.00000000,0.00000000,0.0000,0,0,0.0000,0.0000,0.0000,0.0000,no_obs,73.0
2025-01-01,TRNG,0.00000000,0.00000000,0.0000,0,0,0.0000,0.0000,0.0000,0.0000,no_obs,63.1
2025-01-01,TRO1,0.00000000,0.00000000,0.0000,0,0,0.0000,0.0000,0.0000,0.0000,no_obs,61.9
2025-01-01,TUBO,0.00000000,0.00000000,0.0000,0,0,0.0000,0.0000,0.0000,0.0000,no_obs,62.9
2025-01-01,TUKT,0.00000000,0.00000000,0.0000,0,0,0.0000,0.0000,0.0000,0.0000,no_obs,62.9
2025-01-01,TTUW,0.00000000,0.00000000,0.0000,0,0,0.0000,0.0000,0.0000,0.0000,no_obs,71.8
2025-01-01,TUBI,0.00000000,0.00000000,0.0000,0,0,0.0000,0.0000,0.0000,0.0000,no_obs,65.8
2025-01-01,TSKT,0.00000000,0.00000000,0.0000,0,0,0.0000,0.0000,0.0000,0.0000,no_obs,72.9
2025-01-01,TUC2,0.00000000,0.00000000,0.0000,0,0,0.0000,0.0000,0.0000,0.0000,no_obs,67.3
2025-01-01,TUAP,0.00000000,0.00000000,0.0000,0,0,0.0000,0.0000,0.0000,0.0000,no_obs,74.4
2025-01-01,TVST,0.00000000,0.00000000,0.0000,0,0,0.0000,0.0000,0.0000,0.0000,no_obs,11.3
2025-01-01,TURO,0.00000000,0.00000000,0.0000,0,0,0.0000,0.0000,0.0000,0.0000,no_obs,20.7
2025-01-01,TXKM,0.00000000,0.00000000,0.0000,0,0,0.0000,0.0000,0.0000,0.0000,no_obs,11.7
2025-01-01,TXFS,0.00000000,0.00000000,0.0000,0,0,0.0000,0.0000,0.0000,0.0000,no_obs,25.4
2025-01-01,TOW2,-19.26926987,147.05569360,88.1054,1,26,0.0002,-0.0034,0.0011,0.0036,ok,233.6
2025-01-01,TXGA,0.00000000,0.00000000,0.0000,0,0,0.0000,0.0000,0.0000,0.0000,no_obs,28.3
2025-01-01,TXHO,0.00000000,0.00000000,0.0000,0,0,0.0000,0.0000,0.0000,0.0000,no_obs,28.5
2025-01-01,TXLN,0.00000000,0.00000000,0.0000,0,0,0.0000,0.0000,0.0000,0.0000,no_obs,11.9
2025-01-01,TXLI,0.00000000,0.00000000,0.0000,0,0,0.0000,0.0000,0.0000,0.0000,no_obs,17.5
2025-01-01,TXRP,0.00000000,0.00000000,0.0000,0,0,0.0000,0.0000,0.0000,0.0000,no_obs,9.3
2025-01-01,TXTY,0.00000000,0.00000000,0.0000,0,0,0.0000,0.0000,0.0000,0.0000,no_obs,8.0
2025-01-01,TYR0,0.00000000,0.00000000,0.0000,0,0,0.0000,0.0000,0.0000,0.0000,no_obs,8.6
2025-01-01,TXLU,0.00000000,0.00000000,0.0000,0,0,0.0000,0.0000,0.0000,0.0000,no_obs,14.0
2025-01-01,UCLA,0.00000000,0.00000000,0.0000,0,0,0.0000,0.0000,0.0000,0.0000,no_obs,6.1
2025-01-01,UCLP,0.00000000,0.00000000,0.0000,0,0,0.0000,0.0000,0.0000,0.0000,no_obs,5.8
2025-01-01,UCSF,0.00000000,0.00000000,0.0000,0,0,0.0000,0.0000,0.0000,0.0000,no_obs,10.8
2025-01-01,ULAB,0.00000000,0.00000000,0.0000,0,0,0.0000,0.0000,0.0000,0.0000,no_obs,12.8
2025-01-01,ULAG,0.00000000,0.00000000,0.0000,0,0,0.0000,0.0000,0.0000,0.0000,no_obs,12.2
2025-01-01,UCOM,0.00000000,0.00000000,0.0000,0,0,0.0000,0.0000,0.0000,0.0000,no_obs,17.4
2025-01-01,ULDI,0.00000000,0.00000000,0.0000,0,0,0.0000,0.0000,0.0000,0.0000,no_obs,7.7
2025-01-01,UNB1,0.00000000,0.00000000,0.0000,0,0,0.0000,0.0000,0.0000,0.0000,no_obs,31.9
2025-01-01,UNBJ,0.00000000,0.00000000,0.0000,0,0,0.0000,0.0000,0.0000,0.0000,no_obs,14.0
2025-01-01,UNB3,0.00000000,0.00000000,0.0000,0,0,0.0000,0.0000,0.0000,0.0000,no_obs,72.3
2025-01-01,ULLO,0.00000000,0.00000000,0.0000,0,0,0.0000,0.0000,0.0000,0.0000,no_obs,81.6
2025-01-01,UMAS,0.00000000,0.00000000,0.0000,0,0,0.0000,0.0000,0.0000,0.0000,no_obs,83.9
2025-01-01,UNFE,0.00000000,0.00000000,0.0000,0,0,0.0000,0.0000,0.0000,0.0000,no_obs,40.0
2025-01-01,UNSA,0.00000000,0.00000000,0.0000,0,0,0.0000,0.0000,0.0000,0.0000,no_obs,25.4
2025-01-01,UPO1,0.00000000,0.00000000,0.0000,0,0,0.0000,0.0000,0.0000,0.0000,no_obs,20.0
2025-01-01,UNX2,0.00000000,0.00000000,0.0000,0,0,0.0000,0.0000,0.0000,0.0000,no_obs,22.6
2025-01-01,TWTF,24.95356318,121.16450751,201.5223,1,21,0.0026,0.0021,-0.0085,0.0091,ok,163.3
2025-01-01,USAL,0.00000000,0.00000000,0.0000,0,0,0.0000,0.0000,0.0000,0.0000,no_obs,9.5
2025-01-01,USC1,0.00000000,0.00000000,0.0000,0,0,0.0000,0.0000,0.0000,0.0000,no_obs,11.5
2025-01-01,USN3,0.00000000,0.00000000,0.0000,0,0,0.0000,0.0000,0.0000,0.0000,no_obs,13.9
2025-01-01,USNA,0.00000000,0.00000000,0.0000,0,0,0.0000,0.0000,0.0000,0.0000,no_obs,18.1
2025-01-01,USNO,0.00000000,0.00000000,0.0000,0,0,0.0000,0.0000,0.0000,0.0000,no_obs,24.0
2025-01-01,UFPR,-25.44836580,-49.23095569,925.7873,1,25,0.0051,-0.0058,-0.0082,0.0113,ok,161.0
2025-01-01,UTQI,0.00000000,0.00000000,0.0000,0,0,0.0000,0.0000,0.0000,0.0000,no_obs,10.3
2025-01-01,UYMO,0.00000000,0.00000000,0.0000,0,0,0.0000,0.0000,0.0000,0.0000,no_obs,23.0
2025-01-01,UCLU,48.92563658,-125.54164158,10.0804,1,24,-0.0058,-0.0041,-0.0035,0.0080,ok,197.0
2025-01-01,USN7,0.00000000,0.00000000,0.0000,0,0,0.0000,0.0000,0.0000,0.0000,no_obs,71.8
2025-01-01,UZHL,0.00000000,0.00000000,0.0000,0,0,0.0000,0.0000,0.0000,0.0000,no_obs,12.3
2025-01-01,UYTA,0.00000000,0.00000000,0.0000,0,0,0.0000,0.0000,0.0000,0.0000,no_obs,42.1
2025-01-01,TUVA,-8.52528522,179.19654857,38.3982,1,27,-0.0150,-0.0017,0.0008,0.0151,ok,254.0
2025-01-01,VALE,0.00000000,0.00000000,0.0000,0,0,0.0000,0.0000,0.0000,0.0000,no_obs,17.9
2025-01-01,VALP,0.00000000,0.00000000,0.0000,0,0,0.0000,0.0000,0.0000,0.0000,no_obs,10.5
2025-01-01,VANU,0.00000000,0.00000000,0.0000,0,0,0.0000,0.0000,0.0000,0.0000,no_obs,13.4
2025-01-01,VAR0,0.00000000,0.00000000,0.0000,0,0,0.0000,0.0000,0.0000,0.0000,no_obs,13.7
2025-01-01,VAR1,0.00000000,0.00000000,0.0000,0,0,0.0000,0.0000,0.0000,0.0000,no_obs,18.5
2025-01-01,VARS,0.00000000,0.00000000,0.0000,0,0,0.0000,0.0000,0.0000,0.0000,no_obs,12.8
2025-01-01,VBCA,0.00000000,0.00000000,0.0000,0,0,0.0000,0.0000,0.0000,0.0000,no_obs,11.8
2025-01-01,VEN1,0.00000000,0.00000000,0.0000,0,0,0.0000,0.0000,0.0000,0.0000,no_obs,8.9
2025-01-01,VEAR,0.00000000,0.00000000,0.0000,0,0,0.0000,0.0000,0.0000,0.0000,no_obs,10.4
2025-01-01,VENE,0.00000000,0.00000000,0.0000,0,0,0.0000,0.0000,0.0000,0.0000,no_obs,9.3
2025-01-01,VIB0,0.00000000,0.00000000,0.0000,0,0,0.0000,0.0000,0.0000,0.0000,no_obs,6.3
2025-01-01,VFCH,0.00000000,0.00000000,0.0000,0,0,0.0000,0.0000,0.0000,0.0000,no_obs,12.5
2025-01-01,VESL,0.00000000,0.00000000,0.0000,0,0,0.0000,0.0000,0.0000,0.0000,no_obs,15.2
2025-01-01,VIGO,0.00000000,0.00000000,0.0000,0,0,0.0000,0.0000,0.0000,0.0000,no_obs,8.6
2025-01-01,VIKC,0.00000000,0.00000000,0.0000,0,0,0.0000,0.0000,0.0000,0.0000,no_obs,6.9
2025-01-01,VIKH,0.00000000,0.00000000,0.0000,0,0,0.0000,0.0000,0.0000,0.0000,no_obs,6.5
2025-01-01,VIL0,0.00000000,0.00000000,0.0000,0,0,0.0000,0.0000,0.0000,0.0000,no_obs,7.8
2025-01-01,VITH,0.00000000,0.00000000,0.0000,0,0,0.0000,0.0000,0.0000,0.0000,no_obs,16.1
2025-01-01,VALD,48.09705773,-77.56417098,312.9602,1,11,0.0057,-0.0026,0.0197,0.0207,ok,95.7
2025-01-01,VLIS,0.00000000,0.00000000,0.0000,0,0,0.0000,0.0000,0.0000,0.0000,no_obs,10.7
2025-01-01,VLNS,0.00000000,0.00000000,0.0000,0,0,0.0000,0.0000,0.0000,0.0000,no_obs,9.1
2025-01-01,VNAD,0.00000000,0.00000000,0.0000,0,0,0.0000,0.0000,0.0000,0.0000,no_obs,6.4
2025-01-01,VNDP,0.00000000,0.00000000,0.0000,0,0,0.0000,0.0000,0.0000,0.0000,no_obs,8.8
2025-01-01,USUD,36.13311039,138.36205045,1508.6676,1,20,0.0327,0.3151,0.0425,0.3196,ok,162.7
2025-01-01,VOIM,0.00000000,0.00000000,0.0000,0,0,0.0000,0.0000,0.0000,0.0000,no_obs,10.3
2025-01-01,VRTG,0.00000000,0.00000000,0.0000,0,0,0.0000,0.0000,0.0000,0.0000,no_obs,10.3
2025-01-01,URUM,43.80795001,87.60067381,858.8072,1,24,-0.0007,0.0037,-0.0346,0.0348,ok,223.9
2025-01-01,VTIS,0.00000000,0.00000000,0.0000,0,0,0.0000,0.0000,0.0000,0.0000,no_obs,12.2
2025-01-01,USN8,38.92056650,-77.06627835,58.9024,1,19,0.0055,-0.0002,-0.0100,0.0114,ok,207.4
2025-01-01,VTSP,0.00000000,0.00000000,0.0000,0,0,0.0000,0.0000,0.0000,0.0000,no_obs,16.3
2025-01-01,WAB2,0.00000000,0.00000000,0.0000,0,0,0.0000,0.0000,0.0000,0.0000,no_obs,11.1
2025-01-01,WAGN,0.00000000,0.00000000,0.0000,0,0,0.0000,0.0000,0.0000,0.0000,no_obs,15.3
2025-01-01,WANG,0.00000000,0.00000000,0.0000,0,0,0.0000,0.0000,0.0000,0.0000,no_obs,12.2
2025-01-01,WALH,0.00000000,0.00000000,0.0000,0,0,0.0000,0.0000,0.0000,0.0000,no_obs,16.1
2025-01-01,WAIM,0.00000000,0.00000000,0.0000,0,0,0.0000,0.0000,0.0000,0.0000,no_obs,20.3
2025-01-01,WARA,0.00000000,0.00000000,0.0000,0,0,0.0000,0.0000,0.0000,0.0000,no_obs,5.8
2025-01-01,VOIL,0.00000000,0.00000000,0.0000,0,0,0.0000,0.0000,0.0000,0.0000,no_obs,54.3
2025-01-01,WARK,0.00000000,0.00000000,0.0000,0,0,0.0000,0.0000,0.0000,0.0000,no_obs,17.1
2025-01-01,WDC6,0.00000000,0.00000000,0.0000,0,0,0.0000,0.0000,0.0000,0.0000,no_obs,12.5
2025-01-01,WES2,0.00000000,0.00000000,0.0000,0,0,0.0000,0.0000,0.0000,0.0000,no_obs,7.6
2025-01-01,WEST,0.00000000,0.00000000,0.0000,0,0,0.0000,0.0000,0.0000,0.0000,no_obs,7.7
2025-01-01,WARE,0.00000000,0.00000000,0.0000,0,0,0.0000,0.0000,0.0000,0.0000,no_obs,50.4
2025-01-01,WDC4,0.00000000,0.00000000,0.0000,0,0,0.0000,0.0000,0.0000,0.0000,no_obs,48.6
2025-01-01,WDC5,0.00000000,0.00000000,0.0000,0,0,0.0000,0.0000,0.0000,0.0000,no_obs,51.4
2025-01-01,WEYB,0.00000000,0.00000000,0.0000,0,0,0.0000,0.0000,0.0000,0.0000,no_obs,15.4
2025-01-01,WGTN,0.00000000,0.00000000,0.0000,0,0,0.0000,0.0000,0.0000,0.0000,no_obs,14.7
2025-01-01,VACS,-20.29707392,57.49703950,421.1605,1,23,-0.0012,-0.0000,0.0022,0.0025,ok,221.4
2025-01-01,WGTT,0.00000000,0.00000000,0.0000,0,0,0.0000,0.0000,0.0000,0.0000,no_obs,17.4
2025-01-01,WHC1,0.00000000,0.00000000,0.0000,0,0,0.0000,0.0000,0.0000,0.0000,no_obs,15.4
2025-01-01,WIDC,0.00000000,0.00000000,0.0000,0,0,0.0000,0.0000,0.0000,0.0000,no_obs,8.6
2025-01-01,WHKT,0.00000000,0.00000000,0.0000,0,0,0.0000,0.0000,0.0000,0.0000,no_obs,14.8
2025-01-01,WHNG,0.00000000,0.00000000,0.0000,0,0,0.0000,0.0000,0.0000,0.0000,no_obs,16.2
2025-01-01,WIL1,0.00000000,0.00000000,0.0000,0,0,0.0000,0.0000,0.0000,0.0000,no_obs,19.4
2025-01-01,WILU,0.00000000,0.00000000,0.0000,0,0,0.0000,0.0000,0.0000,0.0000,no_obs,18.6
2025-01-01,WINN,0.00000000,0.00000000,0.0000,0,0,0.0000,0.0000,0.0000,0.0000,no_obs,6.2
2025-01-01,WIS5,0.00000000,0.00000000,0.0000,0,0,0.0000,0.0000,0.0000,0.0000,no_obs,5.6
2025-01-01,VIS0,57.65387253,18.36732355,79.8722,1,23,0.0099,0.0064,-0.0079,0.0142,ok,196.3
2025-01-01,WLAL,0.00000000,0.00000000,0.0000,0,0,0.0000,0.0000,0.0000,0.0000,no_obs,14.6
2025-01-01,WLSN,0.00000000,0.00000000,0.0000,0,0,0.0000,0.0000,0.0000,0.0000,no_obs,13.5
2025-01-01,WMGA,0.00000000,0.00000000,0.0000,0,0,0.0000,0.0000,0.0000,0.0000,no_obs,5.8
2025-01-01,WSLR,0.00000000,0.00000000,0.0000,0,0,0.0000,0.0000,0.0000,0.0000,no_obs,6.2
2025-01-01,WTZA,0.00000000,0.00000000,0.0000,0,0,0.0000,0.0000,0.0000,0.0000,no_obs,6.2
2025-01-01,WTZJ,0.00000000,0.00000000,0.0000,0,0,0.0000,0.0000,0.0000,0.0000,no_obs,5.9
2025-01-01,VILL,40.44359631,-3.95197476,647.3379,1,24,0.0065,0.0073,-0.0101,0.0140,ok,226.9
2025-01-01,WTZS,0.00000000,0.00000000,0.0000,0,0,0.0000,0.0000,0.0000,0.0000,no_obs,8.3
2025-01-01,WTZT,0.00000000,0.00000000,0.0000,0,0,0.0000,0.0000,0.0000,0.0000,no_obs,9.3
2025-01-01,WTZR,49.14420035,12.87891636,666.0353,1,23,-0.0965,0.0751,0.0158,0.1233,ok,133.3
2025-01-01,WUH2,0.00000000,0.00000000,0.0000,0,0,0.0000,0.0000,0.0000,0.0000,no_obs,10.3
2025-01-01,WSRT,52.91461404,6.60451071,82.2633,1,22,0.0111,0.0021,-0.0127,0.0170,ok,175.3
2025-01-01,WHIT,60.75050946,-135.22211616,1427.4370,1,28,-0.0019,0.0109,-0.0007,0.0111,ok,234.9
2025-01-01,WIND,-22.57491679,17.08943574,1734.6714,1,24,-0.0041,0.0043,-0.0043,0.0073,ok,218.1
2025-01-01,WARN,54.16979114,12.10143048,50.7485,1,28,0.0088,0.0007,0.0059,0.0106,ok,295.9
2025-01-01,WUHN,0.00000000,0.00000000,0.0000,0,0,0.0000,0.0000,0.0000,0.0000,no_obs,38.1
2025-01-01,WILL,52.23686575,-122.16781608,1095.6945,1,26,-0.0011,0.0041,-0.0100,0.0109,ok,239.0
2025-01-01,WWLG,0.00000000,0.00000000,0.0000,0,0,0.0000,0.0000,0.0000,0.0000,no_obs,18.5
2025-01-01,XIAN,0.00000000,0.00000000,0.0000,0,0,0.0000,0.0000,0.0000,0.0000,no_obs,17.8
2025-01-01,WYLC,0.00000000,0.00000000,0.0000,0,0,0.0000,0.0000,0.0000,0.0000,no_obs,18.2
2025-01-01,WVGB,0.00000000,0.00000000,0.0000,0,0,0.0000,0.0000,0.0000,0.0000,no_obs,20.7
2025-01-01,WROC,51.11326363,17.06204605,180.7975,1,23,0.0038,0.0068,-0.0110,0.0135,ok,222.0
2025-01-01,YAR1,0.00000000,0.00000000,0.0000,0,0,0.0000,0.0000,0.0000,0.0000,no_obs,29.3
2025-01-01,YAKT,0.00000000,0.00000000,0.0000,0,0,0.0000,0.0000,0.0000,0.0000,no_obs,29.5
2025-01-01,YEEL,0.00000000,0.00000000,0.0000,0,0,0.0000,0.0000,0.0000,0.0000,no_obs,20.3
2025-01-01,YAR2,0.00000000,0.00000000,0.0000,0,0,0.0000,0.0000,0.0000,0.0000,no_obs,68.5
2025-01-01,YEBE,0.00000000,0.00000000,0.0000,0,0,0.0000,0.0000,0.0000,0.0000,no_obs,39.2
2025-01-01,WTZZ,49.14421505,12.87890965,665.8827,1,25,0.0033,0.0040,-0.0108,0.0119,ok,231.7
2025-01-01,YEL2,0.00000000,0.00000000,0.0000,0,0,0.0000,0.0000,0.0000,0.0000,no_obs,28.8
2025-01-01,XMIS,0.00000000,0.00000000,0.0000,0,0,0.0000,0.0000,0.0000,0.0000,no_obs,79.0
2025-01-01,YCBA,0.00000000,0.00000000,0.0000,0,0,0.0000,0.0000,0.0000,0.0000,no_obs,69.7
2025-01-01,YIBL,0.00000000,0.00000000,0.0000,0,0,0.0000,0.0000,0.0000,0.0000,no_obs,20.6
2025-01-01,YEMA,0.00000000,0.00000000,0.0000,0,0,0.0000,0.0000,0.0000,0.0000,no_obs,23.8
2025-01-01,YELO,0.00000000,0.00000000,0.0000,0,0,0.0000,0.0000,0.0000,0.0000,no_obs,31.9
2025-01-01,YSSK,0.00000000,0.00000000,0.0000,0,0,0.0000,0.0000,0.0000,0.0000,no_obs,9.9
2025-01-01,YST0,0.00000000,0.00000000,0.0000,0,0,0.0000,0.0000,0.0000,0.0000,no_obs,9.2
2025-01-01,ZADA,0.00000000,0.00000000,0.0000,0,0,0.0000,0.0000,0.0000,0.0000,no_obs,9.2
2025-01-01,YONS,0.00000000,0.00000000,0.0000,0,0,0.0000,0.0000,0.0000,0.0000,no_obs,19.1
2025-01-01,ZAMB,0.00000000,0.00000000,0.0000,0,0,0.0000,0.0000,0.0000,0.0000,no_obs,5.7
2025-01-01,ZARA,0.00000000,0.00000000,0.0000,0,0,0.0000,0.0000,0.0000,0.0000,no_obs,5.6
2025-01-01,ZAN1,0.00000000,0.00000000,0.0000,0,0,0.0000,0.0000,0.0000,0.0000,no_obs,6.2
2025-01-01,ZDC1,0.00000000,0.00000000,0.0000,0,0,0.0000,0.0000,0.0000,0.0000,no_obs,6.2
2025-01-01,ZIMJ,0.00000000,0.00000000,0.0000,0,0,0.0000,0.0000,0.0000,0.0000,no_obs,6.9
2025-01-01,ZIMM,0.00000000,0.00000000,0.0000,0,0,0.0000,0.0000,0.0000,0.0000,no_obs,20.0
2025-01-01,ZKC1,0.00000000,0.00000000,0.0000,0,0,0.0000,0.0000,0.0000,0.0000,no_obs,34.6
2025-01-01,ZOMB,0.00000000,0.00000000,0.0000,0,0,0.0000,0.0000,0.0000,0.0000,no_obs,6.5
2025-01-01,ZSU4,0.00000000,0.00000000,0.0000,0,0,0.0000,0.0000,0.0000,0.0000,no_obs,6.9
2025-01-01,ZWE2,0.00000000,0.00000000,0.0000,0,0,0.0000,0.0000,0.0000,0.0000,no_obs,11.0
2025-01-01,ZWEN,0.00000000,0.00000000,0.0000,0,0,0.0000,0.0000,0.0000,0.0000,no_obs,6.0
2025-01-01,ZECK,43.78839484,41.56507253,1166.2869,1,22,0.0007,0.0026,-0.0173,0.0175,ok,177.2
2025-01-01,YELL,62.48089181,-114.48070816,181.0270,1,28,-0.0034,0.0007,-0.0031,0.0047,ok,248.3
2025-01-01,YAR3,-29.04648510,115.34715922,242.4498,1,25,0.0008,-0.0023,0.0036,0.0044,ok,328.6
2025-01-01,YARR,-29.04657918,115.34698179,241.3613,1,26,0.0014,-0.0032,0.0025,0.0043,ok,331.5
2025-01-01,YKRO,6.87056306,-5.24008976,270.2536,1,25,0.0086,0.0014,-0.0051,0.0101,ok,261.5
2025-01-01,ZIM3,46.87709664,7.46503589,956.4366,1,24,0.0051,0.0046,-0.0094,0.0116,ok,228.7
2025-01-01,ZIM2,46.87709664,7.46503592,956.4395,1,24,0.0042,0.0067,-0.0078,0.0111,ok,242.6
